Task_ID,Task_Description,Category,Priority,Assigned_To,Status,Estimated_Hours,Completed_Hours,Created_Date,Deadline
TASK_00001,Refactor backend code,Frontend,Medium,Bob,In Progress,8,3,2026-07-24,2026-08-14
TASK_00002,Update project documentation,UI/UX,Low,Grace,In Progress,8,5,2026-03-07,2026-04-05
TASK_00003,Create reports module,Bug,Medium,Grace,In Progress,2,1,2026-07-13,2026-08-09
TASK_00004,Fix login authentication bug,UI/UX,Medium,Emma,On Hold,1,1,2026-04-25,2026-05-04
TASK_00005,Optimize SQL queries,UI/UX,Critical,Frank,On Hold,3,0,2026-04-06,2026-05-01
TASK_00006,Configure CI/CD pipeline,Testing,Medium,Bob,Pending,3,3,2026-03-18,2026-04-10
TASK_00007,Write unit tests,Backend,Low,Alice,Pending,7,7,2026-04-18,2026-05-18
TASK_00008,Add search functionality,Feature,Low,Henry,Pending,9,6,2026-05-29,2026-06-08
TASK_00009,Configure CI/CD pipeline,Frontend,Critical,Frank,Completed,13,8,2026-04-06,2026-04-25
TASK_00010,Write unit tests,Documentation,Low,Alice,Completed,4,1,2026-06-29,2026-07-02
TASK_00011,Implement chatbot,Backend,Low,Bob,On Hold,5,1,2026-06-18,2026-07-13
TASK_00012,Fix login authentication bug,Frontend,Critical,Henry,Completed,7,1,2026-06-05,2026-06-09
TASK_00013,Add search functionality,UI/UX,Medium,David,In Progress,16,5,2026-05-08,2026-05-30
TASK_00014,Develop user profile page,DevOps,High,David,On Hold,17,16,2026-07-15,2026-08-12
TASK_00015,Add search functionality,DevOps,Low,Emma,In Progress,18,5,2026-06-10,2026-07-08
TASK_00016,Deploy application,Documentation,Critical,Frank,Pending,11,6,2026-01-31,2026-02-10
TASK_00017,Refactor backend code,Backend,Medium,Alice,Completed,1,0,2026-03-06,2026-03-24
TASK_00018,Build admin panel,Feature,Medium,Emma,In Progress,16,16,2026-02-02,2026-02-08
TASK_00019,Develop user profile page,Testing,High,Henry,Completed,13,10,2026-04-15,2026-04-21
TASK_00020,Deploy application,Frontend,Low,Bob,Completed,1,0,2026-06-29,2026-07-10
TASK_00021,Update project documentation,Feature,Low,Emma,Completed,18,8,2026-05-19,2026-05-26
TASK_00022,Implement chatbot,Frontend,Low,Alice,Completed,20,10,2026-05-02,2026-06-01
TASK_00023,Update project documentation,Security,Critical,Bob,On Hold,1,1,2026-03-31,2026-04-30
TASK_00024,Create REST API,Feature,Critical,Bob,In Progress,4,4,2026-02-20,2026-03-17
TASK_00025,Create reports module,UI/UX,Critical,Frank,Completed,13,2,2026-02-09,2026-02-12
TASK_00026,Integrate email notifications,Bug,High,Grace,On Hold,6,5,2026-04-16,2026-05-09
TASK_00027,Improve application performance,Feature,Medium,Grace,Pending,18,14,2026-02-06,2026-03-02
TASK_00028,Create REST API,Feature,High,Alice,Pending,19,5,2026-07-05,2026-07-11
TASK_00029,Integrate email notifications,DevOps,Low,Frank,In Progress,14,3,2026-07-03,2026-07-27
TASK_00030,Deploy application,Frontend,Critical,Frank,Pending,7,2,2026-06-08,2026-07-03
TASK_00031,Create reports module,Frontend,Low,Frank,In Progress,13,10,2026-05-29,2026-05-31
TASK_00032,Add search functionality,UI/UX,Low,Bob,On Hold,18,16,2026-07-12,2026-07-30
TASK_00033,Create reports module,Testing,Low,Henry,On Hold,18,1,2026-05-04,2026-05-12
TASK_00034,Develop user profile page,UI/UX,Critical,Emma,In Progress,9,5,2026-05-23,2026-06-15
TASK_00035,Fix responsive layout,Bug,High,Charlie,Completed,14,3,2026-05-15,2026-05-31
TASK_00036,Add search functionality,Feature,Medium,Alice,Pending,19,4,2026-02-09,2026-02-11
TASK_00037,Design dashboard UI,Documentation,High,David,Pending,17,1,2026-06-23,2026-07-11
TASK_00038,Improve application performance,Database,Critical,Grace,Completed,18,4,2026-05-27,2026-06-02
TASK_00039,Design dashboard UI,Security,Low,Emma,On Hold,14,9,2026-06-19,2026-06-22
TASK_00040,Create reports module,Backend,Low,Charlie,Pending,1,0,2026-06-13,2026-07-03
TASK_00041,Deploy application,DevOps,Critical,David,On Hold,2,0,2026-04-18,2026-05-04
TASK_00042,Develop analytics dashboard,Feature,High,Grace,In Progress,15,6,2026-04-24,2026-05-01
TASK_00043,Update project documentation,Documentation,High,Emma,In Progress,1,0,2026-04-14,2026-05-05
TASK_00044,Fix login authentication bug,Database,High,Bob,Pending,8,8,2026-05-20,2026-06-05
TASK_00045,Create reports module,Bug,Low,Bob,On Hold,16,4,2026-04-07,2026-04-12
TASK_00046,Update project documentation,Frontend,Low,Grace,In Progress,18,18,2026-02-20,2026-03-05
TASK_00047,Deploy application,Frontend,Medium,Alice,On Hold,10,4,2026-05-16,2026-06-14
TASK_00048,Update project documentation,Testing,Medium,Charlie,In Progress,18,8,2026-07-04,2026-07-09
TASK_00049,Update project documentation,UI/UX,Medium,Bob,Pending,2,0,2026-05-31,2026-06-21
TASK_00050,Develop user profile page,Feature,Medium,Bob,Pending,12,7,2026-05-25,2026-06-15
TASK_00051,Optimize SQL queries,Bug,High,David,Completed,2,1,2026-07-09,2026-07-18
TASK_00052,Deploy application,Documentation,High,Henry,On Hold,9,7,2026-06-22,2026-06-24
TASK_00053,Integrate email notifications,Testing,Low,Grace,On Hold,17,1,2026-03-12,2026-04-01
TASK_00054,Write unit tests,Documentation,Critical,Alice,On Hold,6,4,2026-02-21,2026-03-18
TASK_00055,Fix responsive layout,Security,Critical,Grace,In Progress,13,4,2026-05-02,2026-05-26
TASK_00056,Create reports module,Feature,Low,Charlie,On Hold,16,8,2026-07-08,2026-07-15
TASK_00057,Fix login authentication bug,Bug,Medium,David,On Hold,18,14,2026-05-11,2026-06-06
TASK_00058,Fix responsive layout,Backend,High,Henry,In Progress,14,9,2026-05-19,2026-05-31
TASK_00059,Integrate email notifications,Security,High,Charlie,Pending,6,1,2026-04-02,2026-04-08
TASK_00060,Develop user profile page,Documentation,High,David,Pending,6,0,2026-05-04,2026-05-24
TASK_00061,Add search functionality,Database,Medium,Grace,On Hold,14,11,2026-07-01,2026-07-31
TASK_00062,Design dashboard UI,Database,Medium,Alice,Completed,10,10,2026-03-14,2026-03-23
TASK_00063,Create REST API,Bug,High,Emma,In Progress,4,4,2026-02-04,2026-02-10
TASK_00064,Integrate email notifications,Bug,Critical,Emma,On Hold,9,7,2026-04-12,2026-05-06
TASK_00065,Build admin panel,UI/UX,Low,Henry,In Progress,12,5,2026-04-06,2026-05-02
TASK_00066,Implement payment gateway,Documentation,High,Grace,Completed,17,7,2026-04-03,2026-04-12
TASK_00067,Deploy application,Backend,High,Grace,On Hold,1,1,2026-02-06,2026-02-27
TASK_00068,Deploy application,Feature,High,David,In Progress,1,0,2026-06-20,2026-07-16
TASK_00069,Optimize SQL queries,Backend,High,Emma,Completed,2,0,2026-04-07,2026-04-19
TASK_00070,Update project documentation,Documentation,Low,Bob,In Progress,9,5,2026-05-25,2026-06-21
TASK_00071,Refactor backend code,Bug,Low,David,On Hold,4,1,2026-07-15,2026-08-07
TASK_00072,Develop user profile page,UI/UX,Medium,Alice,On Hold,12,8,2026-07-20,2026-08-10
TASK_00073,Optimize SQL queries,Security,High,Grace,Completed,3,3,2026-06-30,2026-07-10
TASK_00074,Create reports module,Feature,Medium,Alice,In Progress,20,20,2026-05-28,2026-06-25
TASK_00075,Integrate email notifications,Feature,Low,Frank,Completed,3,0,2026-05-11,2026-05-20
TASK_00076,Develop user profile page,Bug,Medium,Frank,Pending,2,1,2026-07-09,2026-07-16
TASK_00077,Create REST API,DevOps,Low,Frank,In Progress,9,5,2026-05-13,2026-06-09
TASK_00078,Add search functionality,Backend,Medium,Henry,In Progress,3,0,2026-02-25,2026-03-21
TASK_00079,Improve application performance,Backend,Low,Bob,Pending,8,3,2026-06-19,2026-07-02
TASK_00080,Fix login authentication bug,Feature,High,Grace,Pending,5,5,2026-06-17,2026-07-09
TASK_00081,Write unit tests,Testing,Low,Emma,On Hold,18,13,2026-01-31,2026-02-26
TASK_00082,Configure CI/CD pipeline,Feature,Critical,Henry,On Hold,12,11,2026-01-30,2026-02-25
TASK_00083,Fix login authentication bug,UI/UX,Critical,Bob,On Hold,18,9,2026-05-14,2026-05-20
TASK_00084,Add search functionality,Security,Medium,Frank,On Hold,14,1,2026-05-12,2026-05-30
TASK_00085,Write unit tests,Backend,Critical,David,Pending,19,17,2026-05-11,2026-05-28
TASK_00086,Configure CI/CD pipeline,Feature,High,Bob,On Hold,14,10,2026-02-16,2026-02-19
TASK_00087,Deploy application,Documentation,Medium,Frank,Pending,9,7,2026-06-19,2026-07-01
TASK_00088,Add search functionality,DevOps,High,Frank,On Hold,8,7,2026-04-17,2026-05-09
TASK_00089,Develop analytics dashboard,Testing,High,David,In Progress,3,1,2026-07-07,2026-07-31
TASK_00090,Refactor backend code,Frontend,Low,Bob,Completed,8,6,2026-03-11,2026-03-30
TASK_00091,Implement chatbot,Feature,Critical,Bob,In Progress,6,1,2026-03-13,2026-03-26
TASK_00092,Fix login authentication bug,Security,Critical,Henry,On Hold,1,1,2026-05-09,2026-06-05
TASK_00093,Build admin panel,Database,Low,Grace,In Progress,5,5,2026-03-20,2026-04-10
TASK_00094,Add search functionality,Frontend,Medium,Charlie,Completed,7,3,2026-07-14,2026-08-09
TASK_00095,Fix login authentication bug,Testing,High,Charlie,Pending,16,8,2026-06-20,2026-06-26
TASK_00096,Fix login authentication bug,Feature,Critical,Alice,Completed,5,5,2026-05-13,2026-05-15
TASK_00097,Implement chatbot,Frontend,Medium,Bob,On Hold,5,5,2026-02-11,2026-03-09
TASK_00098,Develop user profile page,Feature,Critical,Grace,Pending,7,7,2026-04-13,2026-04-25
TASK_00099,Develop user profile page,UI/UX,Critical,Grace,Pending,3,1,2026-02-08,2026-02-15
TASK_00100,Optimize SQL queries,UI/UX,Low,Grace,In Progress,6,2,2026-06-27,2026-07-03
TASK_00101,Write unit tests,Backend,Critical,Henry,Pending,20,4,2026-03-15,2026-03-18
TASK_00102,Write unit tests,Backend,High,Bob,Pending,19,3,2026-02-17,2026-02-21
TASK_00103,Implement dark mode,UI/UX,Critical,Emma,On Hold,4,4,2026-04-19,2026-05-07
TASK_00104,Integrate email notifications,UI/UX,Critical,David,Completed,8,2,2026-04-29,2026-05-21
TASK_00105,Implement chatbot,Testing,Medium,Frank,In Progress,6,0,2026-06-20,2026-06-25
TASK_00106,Configure CI/CD pipeline,UI/UX,High,Alice,Pending,16,5,2026-03-14,2026-04-06
TASK_00107,Fix responsive layout,UI/UX,Critical,Alice,Pending,10,9,2026-07-14,2026-08-03
TASK_00108,Develop user profile page,Database,Critical,Frank,Completed,18,10,2026-06-09,2026-06-14
TASK_00109,Fix login authentication bug,Frontend,Critical,Bob,In Progress,1,0,2026-02-20,2026-03-05
TASK_00110,Add search functionality,Backend,Critical,Emma,In Progress,19,7,2026-06-05,2026-06-10
TASK_00111,Deploy application,Security,Critical,Emma,In Progress,6,2,2026-06-12,2026-06-28
TASK_00112,Integrate email notifications,Database,Low,Frank,Completed,6,1,2026-02-20,2026-03-17
TASK_00113,Configure CI/CD pipeline,Backend,Medium,Grace,On Hold,1,0,2026-02-23,2026-03-10
TASK_00114,Integrate email notifications,DevOps,Low,Emma,Completed,7,0,2026-01-29,2026-02-18
TASK_00115,Implement chatbot,Frontend,Low,David,On Hold,9,3,2026-03-23,2026-04-13
TASK_00116,Fix login authentication bug,Database,Low,Bob,Completed,11,8,2026-07-09,2026-08-08
TASK_00117,Fix login authentication bug,Bug,High,David,Completed,7,0,2026-02-08,2026-02-21
TASK_00118,Design dashboard UI,Security,Low,Bob,On Hold,13,3,2026-03-08,2026-03-17
TASK_00119,Design dashboard UI,DevOps,High,Alice,In Progress,2,0,2026-03-10,2026-03-17
TASK_00120,Configure CI/CD pipeline,Security,High,Emma,On Hold,1,0,2026-02-14,2026-03-15
TASK_00121,Configure CI/CD pipeline,DevOps,Low,Bob,Pending,17,2,2026-07-01,2026-07-21
TASK_00122,Implement payment gateway,Database,High,Bob,On Hold,20,11,2026-05-18,2026-05-27
TASK_00123,Integrate email notifications,Testing,High,Charlie,In Progress,17,6,2026-06-22,2026-06-30
TASK_00124,Develop analytics dashboard,Bug,High,Charlie,Pending,8,6,2026-02-28,2026-03-20
TASK_00125,Implement payment gateway,DevOps,Low,Emma,Completed,17,6,2026-05-01,2026-05-05
TASK_00126,Develop analytics dashboard,Feature,Critical,David,Pending,7,6,2026-07-04,2026-07-24
TASK_00127,Deploy application,Security,Critical,David,In Progress,1,0,2026-02-04,2026-02-09
TASK_00128,Create reports module,Frontend,Critical,David,In Progress,8,0,2026-07-11,2026-08-07
TASK_00129,Optimize SQL queries,DevOps,High,David,Completed,20,11,2026-05-13,2026-06-10
TASK_00130,Implement payment gateway,Frontend,Critical,Charlie,Completed,8,4,2026-05-19,2026-06-10
TASK_00131,Fix login authentication bug,Documentation,Critical,Frank,Pending,4,4,2026-06-04,2026-06-29
TASK_00132,Fix login authentication bug,Frontend,Low,David,Completed,3,2,2026-03-12,2026-03-28
TASK_00133,Integrate email notifications,Backend,Medium,Emma,In Progress,4,0,2026-07-04,2026-07-15
TASK_00134,Create REST API,Bug,High,Frank,Completed,15,13,2026-03-31,2026-04-04
TASK_00135,Add search functionality,Frontend,Low,Emma,In Progress,10,5,2026-05-31,2026-06-16
TASK_00136,Improve application performance,Testing,Medium,Alice,In Progress,8,3,2026-04-30,2026-05-24
TASK_00137,Fix responsive layout,Frontend,Low,Alice,Completed,20,7,2026-02-17,2026-03-15
TASK_00138,Develop analytics dashboard,Database,Critical,Frank,Completed,12,5,2026-04-21,2026-05-03
TASK_00139,Deploy application,Documentation,Medium,Grace,Pending,4,3,2026-03-01,2026-03-06
TASK_00140,Build admin panel,Database,High,Alice,In Progress,10,1,2026-02-06,2026-02-20
TASK_00141,Create REST API,Documentation,Critical,Charlie,On Hold,17,16,2026-04-02,2026-04-09
TASK_00142,Improve application performance,Bug,Low,Bob,In Progress,7,5,2026-04-11,2026-04-28
TASK_00143,Fix responsive layout,Documentation,Medium,Emma,Completed,18,1,2026-05-31,2026-06-13
TASK_00144,Deploy application,Documentation,Low,Alice,Pending,14,10,2026-07-15,2026-07-20
TASK_00145,Update project documentation,Bug,Critical,Emma,Pending,8,6,2026-05-14,2026-06-12
TASK_00146,Develop user profile page,UI/UX,Critical,David,Pending,4,0,2026-02-06,2026-02-19
TASK_00147,Write unit tests,Testing,Medium,David,On Hold,2,1,2026-06-14,2026-07-03
TASK_00148,Develop analytics dashboard,Database,Low,Charlie,Completed,16,4,2026-06-22,2026-06-24
TASK_00149,Update project documentation,Feature,Medium,Frank,Completed,13,5,2026-06-30,2026-07-14
TASK_00150,Implement payment gateway,Testing,Low,Charlie,Completed,9,9,2026-07-09,2026-07-20
TASK_00151,Configure CI/CD pipeline,Documentation,Medium,Charlie,In Progress,8,1,2026-07-21,2026-08-06
TASK_00152,Implement dark mode,Backend,Medium,Charlie,Pending,11,2,2026-07-17,2026-08-09
TASK_00153,Update project documentation,Security,Medium,Charlie,Completed,14,8,2026-04-19,2026-05-05
TASK_00154,Develop user profile page,Feature,Medium,Alice,In Progress,20,20,2026-02-07,2026-03-06
TASK_00155,Add search functionality,Testing,High,Alice,On Hold,10,3,2026-02-22,2026-03-14
TASK_00156,Develop analytics dashboard,Documentation,High,Grace,In Progress,19,5,2026-04-26,2026-05-09
TASK_00157,Add search functionality,DevOps,Critical,Alice,Pending,13,5,2026-04-04,2026-04-08
TASK_00158,Refactor backend code,Bug,Low,Henry,In Progress,9,6,2026-03-12,2026-04-07
TASK_00159,Fix responsive layout,Bug,Critical,Alice,In Progress,17,14,2026-04-12,2026-04-23
TASK_00160,Improve application performance,Documentation,Medium,David,On Hold,8,1,2026-04-10,2026-04-18
TASK_00161,Build admin panel,Feature,High,David,Pending,10,7,2026-07-22,2026-08-13
TASK_00162,Implement chatbot,Documentation,Low,David,Completed,13,8,2026-05-05,2026-05-14
TASK_00163,Design dashboard UI,Bug,Critical,Emma,In Progress,10,10,2026-02-14,2026-02-19
TASK_00164,Improve application performance,Bug,Low,Emma,Pending,13,7,2026-02-13,2026-02-28
TASK_00165,Build admin panel,Frontend,Low,Frank,On Hold,10,4,2026-04-28,2026-05-07
TASK_00166,Deploy application,Bug,Critical,Frank,In Progress,20,4,2026-07-09,2026-07-26
TASK_00167,Fix login authentication bug,Frontend,High,Henry,In Progress,6,2,2026-03-29,2026-04-03
TASK_00168,Implement payment gateway,DevOps,High,Charlie,Completed,17,0,2026-03-27,2026-04-13
TASK_00169,Refactor backend code,DevOps,Medium,Emma,Completed,9,3,2026-05-13,2026-06-09
TASK_00170,Fix responsive layout,Database,Critical,Charlie,Completed,10,5,2026-03-08,2026-03-17
TASK_00171,Update project documentation,Feature,Low,Charlie,On Hold,10,6,2026-04-08,2026-04-19
TASK_00172,Design dashboard UI,Bug,Medium,Alice,Completed,19,14,2026-04-07,2026-05-02
TASK_00173,Build admin panel,Feature,High,Alice,Pending,19,17,2026-04-27,2026-05-15
TASK_00174,Integrate email notifications,Feature,Medium,Charlie,On Hold,12,3,2026-07-11,2026-07-28
TASK_00175,Design dashboard UI,Documentation,Medium,Grace,Pending,10,8,2026-07-08,2026-07-10
TASK_00176,Optimize SQL queries,Bug,Critical,Grace,Completed,17,14,2026-02-22,2026-03-08
TASK_00177,Develop user profile page,Testing,Medium,Grace,Pending,17,10,2026-05-03,2026-05-10
TASK_00178,Build admin panel,Documentation,Medium,David,On Hold,18,13,2026-06-14,2026-06-23
TASK_00179,Develop analytics dashboard,DevOps,Critical,Henry,Pending,7,6,2026-07-04,2026-07-29
TASK_00180,Improve application performance,Backend,Low,Frank,Completed,19,11,2026-05-26,2026-06-22
TASK_00181,Improve application performance,Backend,Medium,Alice,On Hold,17,9,2026-04-04,2026-04-16
TASK_00182,Create REST API,Backend,High,Grace,Pending,20,18,2026-02-14,2026-03-01
TASK_00183,Design dashboard UI,Security,High,Bob,Pending,10,8,2026-05-23,2026-06-10
TASK_00184,Optimize SQL queries,Security,Critical,Charlie,Completed,18,8,2026-04-26,2026-05-26
TASK_00185,Design dashboard UI,UI/UX,High,Alice,In Progress,7,5,2026-02-10,2026-02-27
TASK_00186,Implement payment gateway,Database,High,Alice,In Progress,12,12,2026-06-01,2026-06-18
TASK_00187,Create REST API,UI/UX,Medium,Bob,In Progress,5,1,2026-06-06,2026-06-22
TASK_00188,Update project documentation,Frontend,Medium,Grace,On Hold,7,7,2026-02-19,2026-03-10
TASK_00189,Refactor backend code,UI/UX,Critical,Grace,Pending,16,3,2026-04-01,2026-04-03
TASK_00190,Create REST API,Testing,Low,Grace,In Progress,8,2,2026-02-10,2026-02-25
TASK_00191,Write unit tests,Documentation,Critical,Henry,Pending,8,3,2026-05-29,2026-06-18
TASK_00192,Update project documentation,Database,High,Charlie,On Hold,15,15,2026-07-02,2026-07-23
TASK_00193,Fix login authentication bug,Bug,Critical,Emma,On Hold,14,0,2026-05-15,2026-06-12
TASK_00194,Implement dark mode,Testing,Medium,Alice,In Progress,15,15,2026-04-17,2026-04-27
TASK_00195,Implement dark mode,Testing,High,Frank,Completed,1,1,2026-02-14,2026-03-01
TASK_00196,Design dashboard UI,Security,Medium,Emma,In Progress,12,11,2026-01-28,2026-02-17
TASK_00197,Create reports module,Security,High,Henry,Completed,13,13,2026-03-22,2026-04-17
TASK_00198,Implement payment gateway,Bug,Critical,Frank,Completed,19,4,2026-02-08,2026-02-20
TASK_00199,Refactor backend code,Frontend,High,Emma,In Progress,8,1,2026-02-13,2026-03-07
TASK_00200,Configure CI/CD pipeline,Documentation,Medium,Alice,On Hold,14,1,2026-03-14,2026-04-10
TASK_00201,Configure CI/CD pipeline,Feature,Low,Bob,Completed,13,11,2026-05-03,2026-05-28
TASK_00202,Develop user profile page,UI/UX,High,Alice,In Progress,5,0,2026-06-25,2026-07-21
TASK_00203,Create reports module,DevOps,High,Charlie,On Hold,4,0,2026-05-27,2026-06-26
TASK_00204,Build admin panel,Backend,High,David,Completed,5,3,2026-01-30,2026-02-18
TASK_00205,Integrate email notifications,Security,Low,Henry,Pending,18,4,2026-07-17,2026-08-15
TASK_00206,Configure CI/CD pipeline,UI/UX,Low,David,On Hold,19,14,2026-03-22,2026-04-10
TASK_00207,Optimize SQL queries,Bug,High,Bob,Pending,14,5,2026-03-24,2026-04-07
TASK_00208,Implement dark mode,Frontend,Low,Emma,Pending,7,6,2026-03-07,2026-03-22
TASK_00209,Build admin panel,Feature,Critical,Alice,Pending,16,3,2026-03-11,2026-03-15
TASK_00210,Create REST API,DevOps,Medium,Charlie,Pending,11,5,2026-02-15,2026-02-19
TASK_00211,Build admin panel,Testing,Critical,Bob,Completed,10,5,2026-05-10,2026-05-18
TASK_00212,Implement chatbot,Feature,Critical,Emma,Completed,4,2,2026-02-26,2026-03-10
TASK_00213,Create REST API,Feature,Low,David,Pending,18,0,2026-03-13,2026-04-03
TASK_00214,Improve application performance,DevOps,High,Grace,On Hold,7,1,2026-06-13,2026-07-13
TASK_00215,Refactor backend code,Security,Critical,Bob,Pending,19,15,2026-05-14,2026-05-17
TASK_00216,Develop user profile page,Feature,Critical,Emma,Completed,11,9,2026-05-20,2026-05-23
TASK_00217,Implement payment gateway,Database,Low,Alice,Pending,20,0,2026-02-12,2026-03-09
TASK_00218,Refactor backend code,UI/UX,Medium,Frank,On Hold,15,5,2026-01-28,2026-02-03
TASK_00219,Implement chatbot,Frontend,Low,Emma,Pending,1,1,2026-05-27,2026-06-22
TASK_00220,Create REST API,Frontend,Medium,Frank,Completed,7,1,2026-05-12,2026-05-14
TASK_00221,Update project documentation,DevOps,Medium,Grace,On Hold,10,4,2026-06-12,2026-06-29
TASK_00222,Fix login authentication bug,Security,Critical,Charlie,Pending,4,2,2026-07-08,2026-07-17
TASK_00223,Refactor backend code,Backend,Medium,Alice,On Hold,13,5,2026-02-17,2026-03-14
TASK_00224,Implement chatbot,Bug,Medium,Grace,In Progress,10,3,2026-03-07,2026-03-16
TASK_00225,Improve application performance,Testing,Medium,Frank,Pending,8,0,2026-07-10,2026-08-05
TASK_00226,Improve application performance,Security,High,Frank,Pending,17,3,2026-05-21,2026-06-07
TASK_00227,Create REST API,UI/UX,High,David,In Progress,18,15,2026-03-14,2026-04-03
TASK_00228,Write unit tests,Feature,High,Emma,On Hold,4,1,2026-05-25,2026-06-23
TASK_00229,Develop user profile page,Documentation,High,Emma,Completed,4,0,2026-05-21,2026-05-29
TASK_00230,Fix responsive layout,Documentation,Medium,Alice,In Progress,4,3,2026-06-17,2026-06-24
TASK_00231,Integrate email notifications,Backend,Medium,Frank,Completed,17,7,2026-07-05,2026-07-22
TASK_00232,Develop user profile page,UI/UX,Critical,Henry,Completed,19,18,2026-05-15,2026-05-25
TASK_00233,Deploy application,Feature,High,Emma,Completed,11,1,2026-03-14,2026-03-23
TASK_00234,Build admin panel,Testing,Medium,Henry,In Progress,2,1,2026-06-15,2026-07-03
TASK_00235,Fix login authentication bug,Testing,Critical,David,Completed,17,4,2026-05-14,2026-05-18
TASK_00236,Fix responsive layout,Backend,High,Charlie,Pending,16,2,2026-03-23,2026-04-09
TASK_00237,Develop analytics dashboard,DevOps,Critical,Charlie,In Progress,4,0,2026-05-29,2026-06-12
TASK_00238,Integrate email notifications,DevOps,High,Henry,Completed,6,3,2026-04-27,2026-05-08
TASK_00239,Develop analytics dashboard,UI/UX,Medium,Frank,In Progress,6,2,2026-02-18,2026-03-05
TASK_00240,Design dashboard UI,Backend,High,Alice,On Hold,10,0,2026-04-23,2026-05-19
TASK_00241,Develop analytics dashboard,DevOps,Medium,David,On Hold,9,2,2026-02-09,2026-03-10
TASK_00242,Improve application performance,UI/UX,Critical,Grace,Pending,11,8,2026-01-30,2026-02-07
TASK_00243,Add search functionality,Bug,Low,Emma,In Progress,13,9,2026-04-25,2026-04-30
TASK_00244,Deploy application,Frontend,Medium,Grace,In Progress,15,11,2026-03-31,2026-04-30
TASK_00245,Create reports module,Bug,High,Grace,In Progress,6,3,2026-03-18,2026-04-16
TASK_00246,Design dashboard UI,DevOps,High,Charlie,Completed,14,14,2026-02-11,2026-03-07
TASK_00247,Refactor backend code,Bug,High,Henry,Pending,13,3,2026-06-09,2026-06-29
TASK_00248,Implement payment gateway,Security,High,David,Pending,13,3,2026-07-20,2026-08-19
TASK_00249,Optimize SQL queries,Documentation,High,Alice,On Hold,20,0,2026-04-19,2026-04-26
TASK_00250,Refactor backend code,UI/UX,Medium,Charlie,In Progress,20,18,2026-02-07,2026-02-17
TASK_00251,Design dashboard UI,Documentation,Low,Emma,In Progress,9,8,2026-02-28,2026-03-17
TASK_00252,Configure CI/CD pipeline,DevOps,Critical,Frank,Pending,1,0,2026-06-02,2026-06-10
TASK_00253,Build admin panel,DevOps,Critical,Emma,In Progress,1,0,2026-02-24,2026-03-26
TASK_00254,Configure CI/CD pipeline,Backend,Medium,Alice,In Progress,15,13,2026-07-20,2026-08-15
TASK_00255,Implement chatbot,Frontend,Low,Grace,In Progress,11,7,2026-06-01,2026-06-20
TASK_00256,Optimize SQL queries,Security,High,Charlie,Pending,12,2,2026-03-01,2026-03-25
TASK_00257,Fix login authentication bug,Bug,Low,Henry,In Progress,17,9,2026-03-27,2026-04-21
TASK_00258,Create reports module,DevOps,Low,David,On Hold,8,4,2026-07-18,2026-07-24
TASK_00259,Add search functionality,UI/UX,Low,Alice,Pending,20,7,2026-04-25,2026-05-24
TASK_00260,Add search functionality,Database,Critical,Bob,On Hold,5,0,2026-03-26,2026-04-21
TASK_00261,Implement payment gateway,Feature,Critical,Charlie,On Hold,15,9,2026-05-03,2026-05-31
TASK_00262,Optimize SQL queries,Testing,Low,Bob,Pending,16,2,2026-03-21,2026-04-01
TASK_00263,Integrate email notifications,Feature,Critical,Alice,Pending,13,3,2026-02-16,2026-02-27
TASK_00264,Integrate email notifications,Database,Critical,David,In Progress,19,2,2026-04-28,2026-05-05
TASK_00265,Create REST API,Security,Critical,Alice,Pending,6,5,2026-07-08,2026-08-02
TASK_00266,Update project documentation,DevOps,Medium,Frank,Pending,5,3,2026-02-22,2026-03-21
TASK_00267,Create reports module,UI/UX,Low,Charlie,Pending,20,19,2026-05-25,2026-06-18
TASK_00268,Implement dark mode,DevOps,Critical,Frank,Pending,17,9,2026-07-10,2026-07-28
TASK_00269,Write unit tests,DevOps,High,Grace,Pending,2,2,2026-03-02,2026-03-30
TASK_00270,Design dashboard UI,Testing,Medium,David,On Hold,6,1,2026-07-17,2026-08-13
TASK_00271,Implement payment gateway,Frontend,Critical,Frank,Pending,7,4,2026-07-11,2026-07-31
TASK_00272,Refactor backend code,Security,High,Emma,In Progress,19,2,2026-07-25,2026-08-06
TASK_00273,Optimize SQL queries,Documentation,Critical,Alice,On Hold,3,1,2026-06-29,2026-07-25
TASK_00274,Develop analytics dashboard,UI/UX,Medium,Henry,On Hold,17,9,2026-07-06,2026-07-16
TASK_00275,Implement chatbot,Security,Low,David,On Hold,8,6,2026-05-10,2026-05-27
TASK_00276,Write unit tests,Bug,Medium,Emma,On Hold,9,8,2026-04-16,2026-04-30
TASK_00277,Design dashboard UI,UI/UX,Low,Emma,Completed,2,2,2026-05-22,2026-06-08
TASK_00278,Create REST API,Frontend,Medium,Frank,Pending,17,1,2026-03-31,2026-04-29
TASK_00279,Implement chatbot,Bug,Critical,Emma,In Progress,9,2,2026-07-09,2026-07-19
TASK_00280,Configure CI/CD pipeline,Frontend,Low,Grace,Pending,6,1,2026-04-04,2026-05-04
TASK_00281,Design dashboard UI,Backend,Medium,Frank,In Progress,10,6,2026-03-20,2026-04-13
TASK_00282,Integrate email notifications,Feature,Medium,Alice,On Hold,14,4,2026-02-13,2026-02-26
TASK_00283,Configure CI/CD pipeline,Frontend,Critical,Emma,On Hold,19,18,2026-01-30,2026-02-01
TASK_00284,Write unit tests,Documentation,High,Grace,Completed,11,6,2026-05-07,2026-05-14
TASK_00285,Design dashboard UI,Testing,High,Frank,In Progress,7,6,2026-02-26,2026-03-08
TASK_00286,Fix login authentication bug,Feature,Medium,Henry,Pending,17,14,2026-02-28,2026-03-09
TASK_00287,Deploy application,Feature,Medium,Grace,In Progress,6,4,2026-04-23,2026-05-10
TASK_00288,Update project documentation,Frontend,Medium,Frank,Pending,18,8,2026-06-13,2026-07-11
TASK_00289,Implement payment gateway,Feature,Critical,Alice,Completed,2,1,2026-03-30,2026-04-21
TASK_00290,Integrate email notifications,DevOps,High,Frank,Completed,13,5,2026-01-28,2026-02-08
TASK_00291,Configure CI/CD pipeline,Security,Critical,David,On Hold,18,5,2026-04-01,2026-04-07
TASK_00292,Optimize SQL queries,Bug,Low,Emma,In Progress,20,15,2026-05-18,2026-05-31
TASK_00293,Refactor backend code,Bug,High,Emma,On Hold,20,12,2026-02-15,2026-02-27
TASK_00294,Develop analytics dashboard,Documentation,Low,Grace,On Hold,6,1,2026-07-06,2026-08-02
TASK_00295,Create REST API,DevOps,Medium,Frank,Completed,10,8,2026-04-16,2026-05-06
TASK_00296,Optimize SQL queries,Testing,High,David,In Progress,3,1,2026-05-04,2026-05-31
TASK_00297,Configure CI/CD pipeline,Bug,Low,Alice,On Hold,7,4,2026-03-30,2026-04-11
TASK_00298,Develop analytics dashboard,DevOps,High,David,Completed,5,1,2026-05-13,2026-05-21
TASK_00299,Implement chatbot,Bug,Low,Emma,Completed,9,0,2026-07-13,2026-08-11
TASK_00300,Write unit tests,Documentation,Medium,David,In Progress,7,5,2026-06-11,2026-06-30
TASK_00301,Create REST API,Security,Medium,Henry,Completed,15,0,2026-06-09,2026-06-16
TASK_00302,Implement chatbot,DevOps,Critical,Bob,In Progress,1,0,2026-03-08,2026-04-07
TASK_00303,Add search functionality,UI/UX,High,Charlie,In Progress,5,4,2026-04-22,2026-05-21
TASK_00304,Fix login authentication bug,Documentation,Medium,Henry,Pending,17,2,2026-06-05,2026-06-07
TASK_00305,Deploy application,Database,Medium,Charlie,Pending,12,2,2026-04-01,2026-04-19
TASK_00306,Deploy application,UI/UX,Critical,Emma,Completed,17,0,2026-02-23,2026-03-08
TASK_00307,Refactor backend code,UI/UX,Medium,Charlie,On Hold,18,14,2026-06-05,2026-06-30
TASK_00308,Refactor backend code,Testing,Critical,David,On Hold,15,13,2026-05-20,2026-06-02
TASK_00309,Implement payment gateway,UI/UX,High,Frank,On Hold,14,1,2026-07-19,2026-07-21
TASK_00310,Implement chatbot,Database,Low,Grace,Pending,7,2,2026-07-14,2026-08-10
TASK_00311,Build admin panel,Documentation,Low,Grace,In Progress,3,2,2026-04-10,2026-04-28
TASK_00312,Fix responsive layout,UI/UX,High,Emma,Pending,17,1,2026-04-28,2026-05-28
TASK_00313,Design dashboard UI,Backend,Medium,Bob,Completed,4,1,2026-05-15,2026-05-25
TASK_00314,Create reports module,Database,Medium,Charlie,In Progress,10,5,2026-01-30,2026-02-02
TASK_00315,Develop user profile page,Frontend,Medium,Bob,In Progress,13,7,2026-05-18,2026-06-17
TASK_00316,Optimize SQL queries,Backend,Critical,David,Completed,16,4,2026-04-20,2026-05-20
TASK_00317,Develop user profile page,DevOps,Medium,Bob,Completed,5,4,2026-05-08,2026-05-12
TASK_00318,Develop analytics dashboard,Database,Medium,Frank,On Hold,12,8,2026-04-08,2026-04-12
TASK_00319,Add search functionality,Testing,High,Charlie,In Progress,6,0,2026-02-17,2026-03-08
TASK_00320,Develop user profile page,Frontend,Medium,Emma,Pending,4,1,2026-05-29,2026-06-10
TASK_00321,Develop analytics dashboard,Feature,Low,Henry,On Hold,18,15,2026-02-28,2026-03-22
TASK_00322,Create REST API,UI/UX,High,Bob,Completed,12,9,2026-07-10,2026-08-07
TASK_00323,Deploy application,Security,Medium,Henry,In Progress,12,9,2026-02-15,2026-03-10
TASK_00324,Implement chatbot,Security,Medium,David,Pending,6,0,2026-07-06,2026-07-12
TASK_00325,Optimize SQL queries,Database,Low,Grace,In Progress,14,2,2026-04-01,2026-04-03
TASK_00326,Build admin panel,Security,Critical,Grace,On Hold,7,4,2026-02-12,2026-03-06
TASK_00327,Update project documentation,Database,High,David,Pending,11,2,2026-07-04,2026-07-15
TASK_00328,Update project documentation,Backend,Low,Emma,In Progress,19,2,2026-06-27,2026-07-03
TASK_00329,Integrate email notifications,Bug,Low,Frank,In Progress,1,0,2026-05-02,2026-05-29
TASK_00330,Refactor backend code,Testing,Critical,Frank,In Progress,1,1,2026-05-11,2026-05-20
TASK_00331,Develop analytics dashboard,Backend,Low,Emma,Completed,13,4,2026-06-17,2026-07-13
TASK_00332,Update project documentation,Security,Medium,Grace,In Progress,13,2,2026-03-19,2026-04-16
TASK_00333,Design dashboard UI,Frontend,Critical,Emma,Completed,16,3,2026-05-21,2026-05-30
TASK_00334,Build admin panel,Frontend,Low,Alice,Completed,6,3,2026-06-25,2026-07-17
TASK_00335,Build admin panel,UI/UX,Critical,Charlie,Completed,20,2,2026-03-05,2026-03-09
TASK_00336,Improve application performance,Database,Critical,Emma,Completed,2,2,2026-06-04,2026-06-08
TASK_00337,Implement dark mode,Documentation,High,David,In Progress,1,0,2026-02-19,2026-03-16
TASK_00338,Configure CI/CD pipeline,Documentation,Low,Alice,Pending,13,1,2026-07-25,2026-08-01
TASK_00339,Add search functionality,Database,Medium,Grace,In Progress,19,10,2026-04-11,2026-05-05
TASK_00340,Fix responsive layout,Testing,Low,David,On Hold,19,13,2026-04-05,2026-04-23
TASK_00341,Build admin panel,Security,Critical,David,On Hold,12,12,2026-06-30,2026-07-12
TASK_00342,Fix responsive layout,Feature,Medium,Henry,Completed,6,6,2026-06-01,2026-06-21
TASK_00343,Write unit tests,Security,High,Henry,Completed,14,14,2026-05-28,2026-06-06
TASK_00344,Create REST API,Backend,Low,Grace,Completed,1,1,2026-05-08,2026-05-10
TASK_00345,Implement dark mode,Testing,High,Alice,On Hold,10,5,2026-06-10,2026-06-13
TASK_00346,Refactor backend code,Backend,Medium,Frank,Completed,15,3,2026-06-18,2026-07-01
TASK_00347,Deploy application,DevOps,High,Bob,In Progress,4,0,2026-04-06,2026-04-24
TASK_00348,Design dashboard UI,Testing,High,Grace,Completed,13,5,2026-07-15,2026-07-28
TASK_00349,Update project documentation,Backend,High,Bob,Completed,1,1,2026-03-23,2026-04-18
TASK_00350,Fix responsive layout,Security,High,Grace,On Hold,5,2,2026-06-12,2026-07-05
TASK_00351,Optimize SQL queries,Frontend,Low,David,In Progress,16,8,2026-07-25,2026-08-07
TASK_00352,Improve application performance,Bug,High,Alice,Completed,14,1,2026-03-11,2026-04-09
TASK_00353,Build admin panel,Testing,Critical,David,Pending,14,9,2026-05-19,2026-06-04
TASK_00354,Implement dark mode,UI/UX,Medium,Frank,In Progress,5,3,2026-07-17,2026-08-11
TASK_00355,Refactor backend code,Documentation,High,David,Completed,3,0,2026-02-06,2026-02-16
TASK_00356,Fix responsive layout,Bug,Low,Alice,Completed,11,2,2026-01-30,2026-02-09
TASK_00357,Create reports module,DevOps,High,Frank,Pending,10,7,2026-07-24,2026-08-05
TASK_00358,Improve application performance,Security,Critical,Grace,Pending,17,10,2026-07-12,2026-07-14
TASK_00359,Refactor backend code,Feature,High,Henry,Pending,13,3,2026-06-09,2026-06-20
TASK_00360,Implement chatbot,Database,High,Frank,Pending,2,2,2026-04-06,2026-04-23
TASK_00361,Create REST API,Testing,Critical,Frank,In Progress,14,8,2026-02-01,2026-03-02
TASK_00362,Deploy application,Feature,Medium,David,Pending,2,1,2026-06-24,2026-07-21
TASK_00363,Update project documentation,DevOps,Medium,David,On Hold,3,3,2026-03-22,2026-04-15
TASK_00364,Optimize SQL queries,Security,High,Frank,In Progress,16,0,2026-07-18,2026-07-22
TASK_00365,Implement dark mode,Feature,Low,Alice,On Hold,8,4,2026-06-21,2026-07-06
TASK_00366,Create REST API,Bug,Medium,Charlie,On Hold,8,0,2026-07-20,2026-07-26
TASK_00367,Implement payment gateway,Bug,Low,Henry,Completed,8,5,2026-05-16,2026-05-29
TASK_00368,Fix responsive layout,Security,High,Emma,On Hold,1,1,2026-06-01,2026-06-26
TASK_00369,Optimize SQL queries,DevOps,Low,Charlie,Completed,13,7,2026-04-14,2026-05-10
TASK_00370,Develop user profile page,Feature,High,Bob,Completed,5,0,2026-04-08,2026-04-18
TASK_00371,Develop user profile page,DevOps,Critical,Alice,In Progress,6,4,2026-05-04,2026-05-27
TASK_00372,Design dashboard UI,Database,Medium,David,In Progress,9,5,2026-07-17,2026-08-08
TASK_00373,Build admin panel,Bug,Low,Emma,Completed,6,6,2026-02-18,2026-03-19
TASK_00374,Develop analytics dashboard,Security,Medium,Emma,On Hold,20,2,2026-03-08,2026-04-02
TASK_00375,Develop analytics dashboard,Frontend,Critical,Emma,Pending,12,11,2026-06-29,2026-07-03
TASK_00376,Integrate email notifications,Backend,Low,Grace,Completed,14,3,2026-05-27,2026-06-24
TASK_00377,Design dashboard UI,Database,Medium,Bob,Completed,8,7,2026-06-19,2026-06-24
TASK_00378,Develop analytics dashboard,Feature,Medium,Charlie,Pending,10,6,2026-04-11,2026-05-04
TASK_00379,Build admin panel,Database,Medium,Henry,On Hold,18,4,2026-04-13,2026-05-04
TASK_00380,Develop user profile page,Backend,Medium,David,Pending,8,8,2026-06-25,2026-07-18
TASK_00381,Create reports module,Bug,Critical,Grace,On Hold,4,1,2026-03-14,2026-03-25
TASK_00382,Create reports module,Database,Medium,Frank,In Progress,4,0,2026-02-23,2026-03-13
TASK_00383,Design dashboard UI,Security,Critical,David,On Hold,5,0,2026-04-16,2026-04-19
TASK_00384,Build admin panel,DevOps,High,Charlie,Pending,17,12,2026-03-31,2026-04-13
TASK_00385,Improve application performance,Backend,Medium,Bob,Completed,19,5,2026-02-12,2026-03-13
TASK_00386,Add search functionality,Documentation,Low,Emma,Completed,11,2,2026-03-03,2026-03-08
TASK_00387,Build admin panel,Documentation,Low,Emma,In Progress,3,0,2026-02-11,2026-02-22
TASK_00388,Build admin panel,Bug,Critical,Alice,On Hold,18,0,2026-06-26,2026-06-30
TASK_00389,Improve application performance,UI/UX,Medium,Alice,Pending,16,11,2026-05-18,2026-06-15
TASK_00390,Implement chatbot,Feature,Medium,Bob,On Hold,8,8,2026-05-24,2026-06-20
TASK_00391,Develop analytics dashboard,Bug,Critical,Bob,Pending,8,6,2026-04-30,2026-05-17
TASK_00392,Configure CI/CD pipeline,Backend,High,Frank,Pending,14,2,2026-03-10,2026-03-26
TASK_00393,Fix responsive layout,Database,Critical,David,Pending,8,1,2026-04-09,2026-04-16
TASK_00394,Design dashboard UI,Frontend,Medium,Frank,Completed,5,0,2026-03-22,2026-04-12
TASK_00395,Design dashboard UI,Documentation,Medium,Charlie,Completed,20,3,2026-07-16,2026-07-28
TASK_00396,Implement payment gateway,DevOps,Medium,Charlie,On Hold,9,3,2026-04-27,2026-05-21
TASK_00397,Write unit tests,Documentation,Critical,Bob,Completed,13,12,2026-07-07,2026-07-25
TASK_00398,Create reports module,Security,Low,Henry,On Hold,2,1,2026-01-30,2026-02-12
TASK_00399,Develop analytics dashboard,Documentation,Medium,Emma,Completed,5,1,2026-05-29,2026-06-25
TASK_00400,Fix login authentication bug,Testing,High,Alice,In Progress,13,3,2026-07-11,2026-07-26
TASK_00401,Improve application performance,UI/UX,High,Grace,On Hold,7,3,2026-04-14,2026-04-25
TASK_00402,Implement payment gateway,Bug,Low,Charlie,On Hold,1,0,2026-03-27,2026-04-14
TASK_00403,Update project documentation,Backend,Medium,David,On Hold,19,0,2026-05-18,2026-06-15
TASK_00404,Configure CI/CD pipeline,DevOps,Medium,Charlie,Completed,20,12,2026-05-09,2026-05-17
TASK_00405,Design dashboard UI,UI/UX,High,Alice,In Progress,8,1,2026-07-03,2026-07-22
TASK_00406,Implement chatbot,Documentation,Medium,Grace,In Progress,17,15,2026-04-03,2026-04-13
TASK_00407,Implement dark mode,Database,Low,Charlie,In Progress,3,0,2026-05-08,2026-06-03
TASK_00408,Write unit tests,Backend,Medium,Bob,On Hold,13,12,2026-02-12,2026-02-17
TASK_00409,Build admin panel,Database,Medium,Charlie,On Hold,2,1,2026-06-24,2026-06-28
TASK_00410,Optimize SQL queries,Frontend,Low,Charlie,Completed,19,17,2026-03-03,2026-03-05
TASK_00411,Implement chatbot,DevOps,Low,Henry,On Hold,7,2,2026-05-06,2026-05-13
TASK_00412,Implement dark mode,DevOps,High,David,In Progress,5,2,2026-07-10,2026-08-07
TASK_00413,Configure CI/CD pipeline,Bug,Critical,Henry,In Progress,4,4,2026-05-14,2026-06-04
TASK_00414,Design dashboard UI,Feature,Low,David,On Hold,18,3,2026-03-14,2026-03-23
TASK_00415,Build admin panel,Feature,High,Grace,On Hold,10,7,2026-05-09,2026-06-06
TASK_00416,Build admin panel,Feature,Low,Grace,Completed,14,10,2026-07-06,2026-07-16
TASK_00417,Optimize SQL queries,Frontend,Low,Alice,In Progress,9,6,2026-05-22,2026-06-09
TASK_00418,Implement dark mode,Security,Medium,David,On Hold,6,6,2026-05-10,2026-05-23
TASK_00419,Optimize SQL queries,Feature,Medium,Henry,On Hold,12,12,2026-03-27,2026-04-22
TASK_00420,Fix login authentication bug,Backend,Medium,Charlie,Pending,19,10,2026-05-13,2026-05-19
TASK_00421,Build admin panel,Backend,Medium,Grace,In Progress,16,3,2026-04-23,2026-05-03
TASK_00422,Integrate email notifications,Testing,Medium,Emma,Completed,1,1,2026-05-18,2026-06-08
TASK_00423,Refactor backend code,Testing,Low,Charlie,In Progress,20,2,2026-06-04,2026-06-14
TASK_00424,Implement chatbot,Backend,Medium,Charlie,On Hold,13,10,2026-06-05,2026-06-24
TASK_00425,Develop user profile page,Database,High,Charlie,In Progress,7,6,2026-05-31,2026-06-20
TASK_00426,Build admin panel,Documentation,Medium,Frank,Pending,12,9,2026-06-14,2026-06-16
TASK_00427,Deploy application,UI/UX,High,Grace,Completed,6,0,2026-02-16,2026-03-16
TASK_00428,Integrate email notifications,DevOps,High,Emma,Completed,4,2,2026-06-01,2026-06-07
TASK_00429,Develop user profile page,Documentation,Medium,Charlie,Pending,11,10,2026-06-09,2026-06-14
TASK_00430,Develop user profile page,Database,Medium,Henry,Pending,6,5,2026-02-23,2026-03-21
TASK_00431,Optimize SQL queries,Backend,Low,Frank,On Hold,4,0,2026-07-11,2026-08-03
TASK_00432,Update project documentation,Feature,High,Grace,Pending,13,4,2026-06-14,2026-07-13
TASK_00433,Implement chatbot,Backend,Critical,Grace,In Progress,5,4,2026-07-24,2026-08-03
TASK_00434,Optimize SQL queries,Testing,Critical,Alice,Pending,15,0,2026-03-15,2026-03-18
TASK_00435,Build admin panel,Bug,High,Emma,Pending,8,5,2026-04-06,2026-05-05
TASK_00436,Integrate email notifications,Testing,Low,Henry,In Progress,15,13,2026-06-26,2026-07-23
TASK_00437,Implement chatbot,Database,High,Bob,On Hold,14,0,2026-04-19,2026-04-29
TASK_00438,Implement dark mode,Testing,Low,Emma,In Progress,13,9,2026-02-13,2026-02-28
TASK_00439,Improve application performance,DevOps,High,Grace,In Progress,13,7,2026-05-31,2026-06-25
TASK_00440,Add search functionality,Bug,Medium,Grace,In Progress,6,6,2026-05-10,2026-05-20
TASK_00441,Fix responsive layout,UI/UX,Medium,Charlie,Pending,4,1,2026-07-06,2026-07-18
TASK_00442,Configure CI/CD pipeline,Database,Medium,Alice,On Hold,10,0,2026-04-12,2026-04-20
TASK_00443,Fix login authentication bug,Feature,Medium,Alice,Pending,10,7,2026-04-16,2026-04-23
TASK_00444,Develop user profile page,UI/UX,Critical,Emma,In Progress,11,6,2026-03-03,2026-03-21
TASK_00445,Develop analytics dashboard,Bug,Critical,Charlie,On Hold,12,6,2026-06-20,2026-06-26
TASK_00446,Improve application performance,Backend,High,Charlie,In Progress,1,0,2026-05-08,2026-05-15
TASK_00447,Write unit tests,DevOps,Critical,Bob,In Progress,1,0,2026-01-29,2026-02-15
TASK_00448,Improve application performance,Feature,Medium,Grace,In Progress,15,14,2026-02-04,2026-03-03
TASK_00449,Create REST API,Feature,High,Charlie,On Hold,18,6,2026-06-30,2026-07-30
TASK_00450,Add search functionality,DevOps,Medium,Grace,In Progress,9,2,2026-07-15,2026-07-28
TASK_00451,Create reports module,Bug,Medium,Alice,In Progress,7,3,2026-06-21,2026-06-26
TASK_00452,Integrate email notifications,Frontend,Medium,Grace,In Progress,15,0,2026-06-17,2026-07-11
TASK_00453,Add search functionality,Frontend,Low,Emma,On Hold,4,2,2026-06-29,2026-07-20
TASK_00454,Develop analytics dashboard,Security,Low,Charlie,In Progress,15,14,2026-02-16,2026-03-06
TASK_00455,Refactor backend code,DevOps,Medium,Emma,In Progress,13,13,2026-05-05,2026-05-25
TASK_00456,Deploy application,Bug,Critical,Emma,In Progress,14,10,2026-07-05,2026-07-20
TASK_00457,Develop analytics dashboard,Documentation,Medium,Charlie,Pending,16,15,2026-02-06,2026-03-05
TASK_00458,Add search functionality,Bug,Low,Emma,Pending,20,10,2026-05-21,2026-05-30
TASK_00459,Create reports module,Feature,Critical,Frank,Completed,6,6,2026-04-26,2026-05-03
TASK_00460,Implement payment gateway,Testing,Critical,David,On Hold,12,3,2026-04-04,2026-04-25
TASK_00461,Create reports module,DevOps,High,Bob,In Progress,17,10,2026-03-15,2026-04-13
TASK_00462,Implement dark mode,Security,Critical,Emma,Completed,1,1,2026-03-18,2026-04-11
TASK_00463,Develop user profile page,Testing,Critical,Frank,On Hold,11,0,2026-04-16,2026-05-11
TASK_00464,Develop user profile page,Frontend,High,Bob,In Progress,17,3,2026-04-13,2026-04-27
TASK_00465,Develop user profile page,Bug,Critical,Henry,On Hold,4,2,2026-02-15,2026-03-09
TASK_00466,Implement chatbot,Testing,Critical,Frank,Pending,9,9,2026-05-12,2026-06-07
TASK_00467,Create REST API,Feature,Low,Frank,In Progress,20,15,2026-03-02,2026-03-20
TASK_00468,Improve application performance,Frontend,High,Grace,On Hold,4,4,2026-07-15,2026-07-26
TASK_00469,Improve application performance,Feature,Low,Emma,On Hold,8,2,2026-02-02,2026-02-20
TASK_00470,Optimize SQL queries,Testing,High,Frank,Pending,10,1,2026-02-20,2026-03-19
TASK_00471,Fix responsive layout,Documentation,High,David,On Hold,16,4,2026-04-14,2026-04-21
TASK_00472,Refactor backend code,Feature,High,Charlie,Completed,2,1,2026-03-27,2026-04-24
TASK_00473,Develop user profile page,DevOps,Critical,David,Pending,2,1,2026-06-08,2026-06-15
TASK_00474,Create reports module,Testing,Medium,David,On Hold,8,7,2026-06-10,2026-07-04
TASK_00475,Build admin panel,Documentation,High,Grace,In Progress,9,2,2026-02-06,2026-02-11
TASK_00476,Create reports module,Database,Medium,Bob,Pending,13,4,2026-07-13,2026-08-05
TASK_00477,Integrate email notifications,Documentation,Low,Bob,In Progress,3,3,2026-02-16,2026-03-15
TASK_00478,Improve application performance,Backend,High,Charlie,In Progress,2,0,2026-04-05,2026-04-20
TASK_00479,Deploy application,Documentation,Low,Grace,On Hold,18,4,2026-07-13,2026-08-03
TASK_00480,Integrate email notifications,Frontend,Medium,Frank,Completed,6,2,2026-02-13,2026-02-25
TASK_00481,Build admin panel,Database,Low,Frank,Pending,13,3,2026-03-31,2026-04-25
TASK_00482,Deploy application,Frontend,Low,Charlie,On Hold,12,7,2026-06-05,2026-06-16
TASK_00483,Optimize SQL queries,Feature,Medium,Charlie,On Hold,13,7,2026-06-27,2026-07-02
TASK_00484,Create reports module,Backend,High,Grace,In Progress,10,1,2026-06-09,2026-06-22
TASK_00485,Deploy application,DevOps,Low,Bob,On Hold,4,3,2026-06-19,2026-06-23
TASK_00486,Design dashboard UI,Testing,Medium,David,In Progress,20,4,2026-04-18,2026-05-05
TASK_00487,Improve application performance,Feature,High,Henry,On Hold,8,2,2026-04-22,2026-04-26
TASK_00488,Create REST API,UI/UX,High,Henry,Pending,11,7,2026-04-06,2026-04-23
TASK_00489,Develop analytics dashboard,Backend,Low,Henry,On Hold,20,11,2026-05-27,2026-06-19
TASK_00490,Build admin panel,Bug,Medium,Grace,In Progress,12,8,2026-03-09,2026-03-13
TASK_00491,Add search functionality,Security,Critical,Henry,Pending,2,2,2026-03-24,2026-04-10
TASK_00492,Build admin panel,Bug,Low,David,Pending,14,13,2026-03-09,2026-03-22
TASK_00493,Implement dark mode,Database,Low,Frank,In Progress,13,7,2026-04-11,2026-04-18
TASK_00494,Add search functionality,Bug,Medium,David,On Hold,17,5,2026-05-08,2026-05-14
TASK_00495,Develop user profile page,UI/UX,Critical,Bob,Completed,18,5,2026-04-30,2026-05-24
TASK_00496,Create reports module,Documentation,Critical,Henry,On Hold,10,10,2026-05-02,2026-05-31
TASK_00497,Write unit tests,Security,Medium,Grace,Pending,2,0,2026-03-17,2026-03-29
TASK_00498,Fix responsive layout,Database,High,David,On Hold,9,4,2026-04-27,2026-05-16
TASK_00499,Refactor backend code,Testing,Low,Henry,On Hold,16,9,2026-04-02,2026-04-16
TASK_00500,Optimize SQL queries,Security,Critical,Charlie,Pending,1,0,2026-04-30,2026-05-17
TASK_00501,Create reports module,DevOps,Medium,David,On Hold,11,11,2026-06-14,2026-06-25
TASK_00502,Design dashboard UI,UI/UX,Medium,Bob,Completed,13,13,2026-04-05,2026-04-11
TASK_00503,Design dashboard UI,Database,Critical,Henry,Completed,15,3,2026-07-22,2026-08-10
TASK_00504,Write unit tests,Feature,Medium,David,In Progress,16,15,2026-04-26,2026-05-14
TASK_00505,Implement chatbot,Database,High,Alice,On Hold,11,6,2026-02-07,2026-02-28
TASK_00506,Implement payment gateway,Bug,High,Bob,Completed,5,2,2026-05-29,2026-06-20
TASK_00507,Implement payment gateway,Bug,Medium,Frank,Completed,10,10,2026-07-16,2026-07-31
TASK_00508,Develop analytics dashboard,Feature,Medium,Charlie,On Hold,6,2,2026-02-22,2026-03-13
TASK_00509,Write unit tests,Security,Medium,Frank,On Hold,18,7,2026-04-11,2026-05-05
TASK_00510,Implement chatbot,Documentation,High,Charlie,Pending,15,10,2026-06-21,2026-07-08
TASK_00511,Add search functionality,UI/UX,Critical,Bob,Completed,10,1,2026-03-28,2026-03-30
TASK_00512,Implement payment gateway,Feature,Low,Grace,Completed,14,4,2026-06-19,2026-06-29
TASK_00513,Create reports module,Documentation,Medium,Charlie,In Progress,3,0,2026-02-14,2026-02-19
TASK_00514,Develop analytics dashboard,Frontend,Medium,Charlie,On Hold,9,3,2026-05-22,2026-05-26
TASK_00515,Implement chatbot,Frontend,High,Henry,Completed,7,0,2026-01-29,2026-02-24
TASK_00516,Add search functionality,Database,Medium,Charlie,Pending,6,5,2026-05-27,2026-06-21
TASK_00517,Implement chatbot,Database,High,Charlie,In Progress,5,0,2026-04-19,2026-05-06
TASK_00518,Integrate email notifications,Security,Critical,Bob,On Hold,6,5,2026-04-15,2026-04-18
TASK_00519,Build admin panel,Bug,Critical,Henry,On Hold,15,12,2026-06-15,2026-07-05
TASK_00520,Implement chatbot,DevOps,Low,Grace,Pending,2,1,2026-04-11,2026-04-27
TASK_00521,Develop analytics dashboard,Database,High,Grace,Pending,4,1,2026-04-06,2026-04-09
TASK_00522,Improve application performance,Database,Medium,Charlie,On Hold,11,6,2026-05-30,2026-06-24
TASK_00523,Configure CI/CD pipeline,Bug,High,David,On Hold,6,0,2026-06-11,2026-07-09
TASK_00524,Add search functionality,UI/UX,High,David,On Hold,16,7,2026-02-27,2026-03-18
TASK_00525,Optimize SQL queries,DevOps,Medium,Charlie,Pending,6,4,2026-06-25,2026-07-03
TASK_00526,Implement payment gateway,Bug,High,Charlie,In Progress,4,3,2026-05-14,2026-06-05
TASK_00527,Implement dark mode,Documentation,Critical,Henry,On Hold,8,1,2026-07-04,2026-07-16
TASK_00528,Configure CI/CD pipeline,Frontend,Medium,Grace,Completed,16,9,2026-02-24,2026-02-27
TASK_00529,Configure CI/CD pipeline,Feature,Critical,David,Pending,15,13,2026-03-08,2026-03-30
TASK_00530,Implement chatbot,Testing,High,Alice,On Hold,1,0,2026-07-01,2026-07-14
TASK_00531,Write unit tests,Database,Critical,Grace,In Progress,9,1,2026-06-07,2026-07-04
TASK_00532,Improve application performance,Backend,Critical,Alice,On Hold,12,4,2026-03-08,2026-03-12
TASK_00533,Build admin panel,Testing,Low,Bob,In Progress,16,15,2026-05-19,2026-05-26
TASK_00534,Optimize SQL queries,Testing,Low,Charlie,Pending,12,9,2026-05-27,2026-06-07
TASK_00535,Implement chatbot,Bug,Low,David,On Hold,9,2,2026-07-10,2026-07-31
TASK_00536,Create REST API,Backend,Low,Bob,On Hold,1,0,2026-02-04,2026-02-17
TASK_00537,Create reports module,Security,Medium,Grace,In Progress,2,0,2026-02-19,2026-03-11
TASK_00538,Develop analytics dashboard,DevOps,High,Henry,Completed,16,7,2026-04-12,2026-05-08
TASK_00539,Integrate email notifications,Testing,Low,Grace,Pending,9,1,2026-03-11,2026-03-24
TASK_00540,Update project documentation,Database,Critical,Henry,In Progress,7,7,2026-04-05,2026-04-20
TASK_00541,Deploy application,DevOps,Low,Grace,In Progress,13,4,2026-07-09,2026-07-24
TASK_00542,Refactor backend code,Database,Medium,David,On Hold,20,2,2026-07-11,2026-07-18
TASK_00543,Deploy application,Frontend,Medium,Henry,In Progress,16,15,2026-02-24,2026-03-02
TASK_00544,Implement payment gateway,DevOps,Critical,David,Pending,7,6,2026-03-22,2026-04-16
TASK_00545,Update project documentation,Security,Medium,Charlie,On Hold,9,6,2026-05-23,2026-06-07
TASK_00546,Fix login authentication bug,DevOps,Critical,Grace,Completed,5,4,2026-04-23,2026-04-26
TASK_00547,Deploy application,Security,Low,Emma,On Hold,20,14,2026-06-13,2026-07-12
TASK_00548,Add search functionality,Bug,Low,Henry,In Progress,1,0,2026-03-15,2026-04-12
TASK_00549,Implement payment gateway,Testing,High,Bob,In Progress,15,3,2026-03-21,2026-04-19
TASK_00550,Deploy application,Bug,Medium,David,In Progress,13,13,2026-04-28,2026-05-11
TASK_00551,Create reports module,Backend,Medium,Alice,Completed,13,3,2026-06-28,2026-07-15
TASK_00552,Implement chatbot,Documentation,High,Charlie,On Hold,7,5,2026-03-07,2026-03-11
TASK_00553,Refactor backend code,Documentation,Critical,Henry,On Hold,5,0,2026-03-17,2026-04-09
TASK_00554,Configure CI/CD pipeline,Testing,Critical,Frank,Pending,1,1,2026-03-16,2026-04-03
TASK_00555,Optimize SQL queries,Bug,Critical,Bob,Pending,8,2,2026-02-09,2026-03-02
TASK_00556,Create REST API,Backend,Low,Frank,In Progress,2,0,2026-04-27,2026-05-20
TASK_00557,Update project documentation,Frontend,High,Frank,Completed,2,2,2026-06-25,2026-07-23
TASK_00558,Integrate email notifications,DevOps,Low,Grace,Completed,13,4,2026-03-22,2026-04-05
TASK_00559,Integrate email notifications,Database,High,Bob,Pending,8,3,2026-03-21,2026-04-03
TASK_00560,Configure CI/CD pipeline,Feature,Critical,Frank,On Hold,15,7,2026-02-21,2026-03-19
TASK_00561,Improve application performance,Database,High,Grace,Pending,8,3,2026-05-02,2026-05-06
TASK_00562,Configure CI/CD pipeline,Feature,Critical,David,On Hold,18,1,2026-05-01,2026-05-17
TASK_00563,Fix responsive layout,Security,Critical,Alice,Pending,12,2,2026-06-30,2026-07-07
TASK_00564,Create reports module,UI/UX,Low,Emma,In Progress,17,3,2026-07-05,2026-07-08
TASK_00565,Fix login authentication bug,Database,Low,Grace,Pending,16,15,2026-05-01,2026-05-19
TASK_00566,Create REST API,Documentation,High,Emma,Completed,3,0,2026-03-08,2026-03-28
TASK_00567,Write unit tests,Database,Medium,Grace,Completed,12,3,2026-03-06,2026-03-09
TASK_00568,Fix login authentication bug,Bug,Critical,Bob,Completed,9,0,2026-04-06,2026-04-16
TASK_00569,Improve application performance,Documentation,Medium,Henry,In Progress,18,15,2026-02-03,2026-02-11
TASK_00570,Implement chatbot,Bug,Low,Emma,Completed,13,7,2026-03-22,2026-03-26
TASK_00571,Improve application performance,Feature,Low,Alice,In Progress,1,1,2026-05-23,2026-06-09
TASK_00572,Optimize SQL queries,Documentation,Low,Henry,On Hold,2,2,2026-05-07,2026-05-17
TASK_00573,Design dashboard UI,Frontend,High,Bob,In Progress,6,5,2026-02-06,2026-02-08
TASK_00574,Develop analytics dashboard,UI/UX,High,Henry,Pending,10,6,2026-03-27,2026-03-29
TASK_00575,Configure CI/CD pipeline,Testing,Medium,Bob,Completed,16,11,2026-05-10,2026-05-26
TASK_00576,Add search functionality,Security,Medium,Emma,Completed,5,5,2026-03-21,2026-04-05
TASK_00577,Create reports module,DevOps,Medium,Charlie,Completed,11,3,2026-06-18,2026-06-24
TASK_00578,Create REST API,Testing,Critical,Bob,Completed,4,2,2026-05-18,2026-06-05
TASK_00579,Build admin panel,DevOps,High,Charlie,On Hold,17,6,2026-02-23,2026-03-24
TASK_00580,Implement chatbot,DevOps,Low,Charlie,In Progress,17,12,2026-04-02,2026-04-15
TASK_00581,Design dashboard UI,UI/UX,Low,Bob,In Progress,17,8,2026-04-28,2026-05-25
TASK_00582,Improve application performance,Feature,Critical,Bob,On Hold,4,4,2026-06-03,2026-06-29
TASK_00583,Fix login authentication bug,Documentation,High,Bob,Pending,13,2,2026-03-28,2026-04-10
TASK_00584,Create reports module,Testing,Critical,Frank,In Progress,18,18,2026-06-21,2026-07-14
TASK_00585,Write unit tests,Backend,Critical,David,In Progress,19,14,2026-02-12,2026-03-09
TASK_00586,Deploy application,Backend,Critical,David,Completed,10,3,2026-07-05,2026-07-30
TASK_00587,Configure CI/CD pipeline,Feature,Low,Grace,On Hold,3,0,2026-05-08,2026-05-23
TASK_00588,Add search functionality,Security,Medium,Alice,Pending,10,8,2026-03-24,2026-04-18
TASK_00589,Create REST API,Bug,Low,Grace,In Progress,17,3,2026-06-22,2026-06-26
TASK_00590,Optimize SQL queries,Documentation,High,Emma,Completed,15,5,2026-06-22,2026-07-18
TASK_00591,Fix responsive layout,Backend,Critical,Alice,On Hold,16,12,2026-02-01,2026-03-01
TASK_00592,Fix responsive layout,DevOps,Low,Grace,In Progress,18,10,2026-06-02,2026-06-22
TASK_00593,Improve application performance,Testing,Low,David,Pending,19,7,2026-07-14,2026-08-07
TASK_00594,Fix responsive layout,Frontend,Low,Grace,On Hold,2,1,2026-07-20,2026-07-31
TASK_00595,Update project documentation,Database,High,Grace,Pending,18,6,2026-02-04,2026-02-09
TASK_00596,Improve application performance,Frontend,Critical,Frank,In Progress,6,6,2026-03-20,2026-03-28
TASK_00597,Optimize SQL queries,Feature,Medium,Emma,On Hold,12,4,2026-06-02,2026-06-28
TASK_00598,Fix responsive layout,Backend,Low,Bob,On Hold,14,6,2026-03-21,2026-04-14
TASK_00599,Fix responsive layout,UI/UX,Medium,David,In Progress,19,14,2026-03-19,2026-04-13
TASK_00600,Refactor backend code,Testing,Critical,Emma,On Hold,5,0,2026-07-24,2026-08-08
TASK_00601,Configure CI/CD pipeline,Database,Critical,Bob,In Progress,8,8,2026-03-27,2026-04-16
TASK_00602,Develop user profile page,Frontend,High,Bob,Pending,1,0,2026-02-23,2026-03-21
TASK_00603,Optimize SQL queries,Documentation,Critical,Grace,Completed,8,3,2026-04-25,2026-05-21
TASK_00604,Add search functionality,DevOps,Medium,David,Completed,13,9,2026-02-21,2026-02-24
TASK_00605,Implement payment gateway,Backend,Critical,Emma,Pending,13,4,2026-04-07,2026-04-15
TASK_00606,Fix responsive layout,Frontend,Low,David,Completed,4,2,2026-07-08,2026-07-25
TASK_00607,Improve application performance,Frontend,Medium,Alice,Completed,7,7,2026-06-17,2026-06-29
TASK_00608,Implement dark mode,Testing,Low,Alice,Pending,8,8,2026-05-21,2026-06-08
TASK_00609,Add search functionality,Documentation,Low,David,Pending,14,9,2026-03-25,2026-04-06
TASK_00610,Improve application performance,Frontend,Critical,David,Completed,20,5,2026-03-25,2026-04-19
TASK_00611,Develop analytics dashboard,UI/UX,Critical,Bob,Completed,10,3,2026-02-20,2026-02-23
TASK_00612,Fix responsive layout,Documentation,High,Bob,In Progress,7,7,2026-07-26,2026-08-07
TASK_00613,Write unit tests,Testing,Low,Bob,Pending,15,2,2026-06-05,2026-06-10
TASK_00614,Develop user profile page,Testing,Critical,Frank,In Progress,15,11,2026-06-08,2026-07-07
TASK_00615,Fix login authentication bug,DevOps,Critical,Bob,Completed,7,4,2026-04-08,2026-04-22
TASK_00616,Fix login authentication bug,Backend,Low,Grace,On Hold,2,0,2026-07-07,2026-07-28
TASK_00617,Create REST API,Security,Medium,Henry,Pending,20,16,2026-05-27,2026-06-19
TASK_00618,Create REST API,Security,High,Grace,On Hold,3,3,2026-06-18,2026-07-14
TASK_00619,Implement dark mode,Database,Low,Henry,In Progress,11,0,2026-03-19,2026-03-24
TASK_00620,Implement payment gateway,Documentation,Critical,Alice,Pending,20,14,2026-06-02,2026-06-05
TASK_00621,Improve application performance,Security,Low,Alice,On Hold,17,0,2026-05-23,2026-06-09
TASK_00622,Develop user profile page,DevOps,Critical,Alice,In Progress,9,3,2026-06-16,2026-07-01
TASK_00623,Implement chatbot,DevOps,Medium,Frank,Pending,18,14,2026-02-17,2026-03-10
TASK_00624,Develop analytics dashboard,Security,Medium,Emma,In Progress,20,20,2026-07-22,2026-08-12
TASK_00625,Develop analytics dashboard,Bug,Medium,Bob,Completed,7,2,2026-06-29,2026-07-15
TASK_00626,Integrate email notifications,DevOps,High,Henry,Pending,8,3,2026-02-21,2026-03-04
TASK_00627,Integrate email notifications,Backend,Low,Henry,On Hold,18,3,2026-05-23,2026-06-14
TASK_00628,Write unit tests,Frontend,Medium,Alice,In Progress,11,10,2026-07-14,2026-07-22
TASK_00629,Implement chatbot,Testing,Low,Henry,Pending,9,7,2026-01-31,2026-02-17
TASK_00630,Configure CI/CD pipeline,Backend,Medium,Alice,Pending,20,1,2026-03-29,2026-04-26
TASK_00631,Design dashboard UI,UI/UX,Low,Alice,In Progress,5,0,2026-07-03,2026-07-05
TASK_00632,Create REST API,Feature,High,Frank,In Progress,5,1,2026-04-16,2026-04-29
TASK_00633,Fix login authentication bug,Testing,High,Charlie,Pending,19,18,2026-04-18,2026-04-26
TASK_00634,Implement payment gateway,DevOps,Medium,Frank,In Progress,8,3,2026-02-06,2026-02-09
TASK_00635,Fix responsive layout,Database,Critical,Henry,Pending,3,2,2026-04-08,2026-04-19
TASK_00636,Deploy application,Security,Low,David,On Hold,8,8,2026-06-16,2026-07-04
TASK_00637,Create reports module,Bug,Critical,Emma,In Progress,16,13,2026-05-24,2026-06-16
TASK_00638,Build admin panel,Security,High,Alice,In Progress,8,2,2026-02-16,2026-03-15
TASK_00639,Update project documentation,Security,Medium,Henry,In Progress,6,2,2026-03-04,2026-03-26
TASK_00640,Write unit tests,Testing,High,Emma,In Progress,14,14,2026-02-19,2026-02-24
TASK_00641,Fix login authentication bug,Testing,High,Charlie,In Progress,18,18,2026-03-07,2026-03-21
TASK_00642,Improve application performance,Security,High,David,Pending,11,0,2026-03-15,2026-04-05
TASK_00643,Create REST API,Documentation,Low,Henry,Completed,18,0,2026-07-22,2026-08-19
TASK_00644,Fix login authentication bug,Documentation,Medium,Bob,On Hold,5,0,2026-03-20,2026-04-10
TASK_00645,Create REST API,Bug,Low,Charlie,On Hold,5,4,2026-06-15,2026-07-12
TASK_00646,Implement payment gateway,Documentation,High,Grace,In Progress,8,7,2026-03-23,2026-04-15
TASK_00647,Create REST API,Bug,Low,Henry,Pending,6,1,2026-05-02,2026-06-01
TASK_00648,Fix responsive layout,Backend,High,Alice,Completed,10,2,2026-03-31,2026-04-13
TASK_00649,Write unit tests,Testing,Low,Emma,On Hold,13,9,2026-07-09,2026-07-20
TASK_00650,Build admin panel,Feature,High,Henry,Pending,19,18,2026-07-24,2026-08-23
TASK_00651,Refactor backend code,Bug,High,David,On Hold,5,2,2026-02-27,2026-03-26
TASK_00652,Optimize SQL queries,Security,Low,David,In Progress,9,4,2026-04-09,2026-04-30
TASK_00653,Create REST API,UI/UX,High,Frank,In Progress,2,2,2026-02-14,2026-03-07
TASK_00654,Implement dark mode,Backend,High,Henry,In Progress,3,2,2026-03-23,2026-04-12
TASK_00655,Design dashboard UI,Feature,Low,Henry,Pending,16,4,2026-05-02,2026-05-05
TASK_00656,Deploy application,Feature,High,David,Completed,5,3,2026-03-07,2026-03-19
TASK_00657,Deploy application,Database,High,Emma,Completed,4,4,2026-07-25,2026-08-03
TASK_00658,Deploy application,Testing,Medium,Alice,Pending,6,4,2026-02-17,2026-03-16
TASK_00659,Build admin panel,Feature,Low,Alice,In Progress,4,0,2026-07-01,2026-07-12
TASK_00660,Update project documentation,Feature,High,Henry,Completed,15,7,2026-04-17,2026-04-19
TASK_00661,Configure CI/CD pipeline,Feature,Critical,David,Completed,5,0,2026-05-27,2026-06-15
TASK_00662,Configure CI/CD pipeline,Documentation,Low,Charlie,Completed,5,3,2026-04-16,2026-04-18
TASK_00663,Optimize SQL queries,Database,Low,Charlie,Completed,1,0,2026-02-20,2026-02-28
TASK_00664,Optimize SQL queries,Testing,Medium,Henry,In Progress,1,0,2026-06-13,2026-07-01
TASK_00665,Develop analytics dashboard,Bug,High,Frank,On Hold,8,3,2026-07-11,2026-07-27
TASK_00666,Implement payment gateway,Backend,Medium,Emma,Completed,19,15,2026-05-20,2026-06-05
TASK_00667,Configure CI/CD pipeline,Security,Low,Charlie,Completed,12,4,2026-04-24,2026-04-29
TASK_00668,Develop analytics dashboard,DevOps,High,Bob,Completed,13,1,2026-03-18,2026-04-11
TASK_00669,Optimize SQL queries,Database,Medium,Bob,On Hold,9,3,2026-07-03,2026-07-14
TASK_00670,Implement chatbot,Feature,High,Grace,In Progress,18,2,2026-02-01,2026-02-14
TASK_00671,Refactor backend code,Backend,Medium,Alice,Pending,20,19,2026-03-24,2026-04-12
TASK_00672,Add search functionality,Testing,High,Frank,Completed,19,16,2026-06-15,2026-06-26
TASK_00673,Fix login authentication bug,Security,Critical,David,In Progress,15,6,2026-06-25,2026-07-22
TASK_00674,Implement chatbot,Testing,Medium,Grace,Pending,3,2,2026-07-18,2026-08-04
TASK_00675,Refactor backend code,Backend,High,Frank,Completed,3,1,2026-07-25,2026-08-10
TASK_00676,Deploy application,Backend,High,Bob,In Progress,10,5,2026-02-15,2026-03-09
TASK_00677,Refactor backend code,Testing,High,Bob,Completed,5,5,2026-03-23,2026-03-30
TASK_00678,Configure CI/CD pipeline,Database,High,Bob,Pending,8,7,2026-05-13,2026-05-18
TASK_00679,Develop user profile page,Bug,Critical,Alice,In Progress,5,1,2026-05-06,2026-05-11
TASK_00680,Fix login authentication bug,Frontend,High,David,Completed,3,1,2026-03-23,2026-04-04
TASK_00681,Optimize SQL queries,Feature,Medium,Henry,Completed,11,1,2026-04-07,2026-04-15
TASK_00682,Develop user profile page,UI/UX,Critical,Frank,Completed,19,1,2026-05-14,2026-06-11
TASK_00683,Create reports module,Frontend,Critical,Henry,Completed,10,6,2026-06-11,2026-07-11
TASK_00684,Optimize SQL queries,Frontend,Critical,Emma,Completed,15,5,2026-07-03,2026-07-11
TASK_00685,Develop analytics dashboard,Feature,Medium,Emma,On Hold,17,5,2026-06-27,2026-06-30
TASK_00686,Develop user profile page,DevOps,High,Frank,Completed,7,5,2026-03-14,2026-03-31
TASK_00687,Deploy application,Database,Medium,David,On Hold,3,3,2026-06-29,2026-07-23
TASK_00688,Implement payment gateway,Frontend,Medium,Bob,Completed,12,4,2026-02-12,2026-03-12
TASK_00689,Design dashboard UI,Database,High,Emma,On Hold,12,10,2026-04-29,2026-05-10
TASK_00690,Add search functionality,Database,Critical,Bob,Pending,20,6,2026-03-13,2026-03-28
TASK_00691,Fix responsive layout,Backend,High,Frank,Pending,7,0,2026-05-27,2026-06-24
TASK_00692,Write unit tests,Bug,Medium,Bob,Pending,18,15,2026-07-17,2026-08-13
TASK_00693,Add search functionality,Testing,High,Frank,Pending,12,2,2026-07-10,2026-08-01
TASK_00694,Refactor backend code,Database,Low,Grace,In Progress,17,2,2026-04-16,2026-05-04
TASK_00695,Fix login authentication bug,Documentation,High,Grace,Pending,3,3,2026-03-05,2026-03-13
TASK_00696,Create reports module,DevOps,Low,Frank,Completed,8,3,2026-02-06,2026-02-17
TASK_00697,Fix responsive layout,UI/UX,Medium,Frank,Completed,7,6,2026-04-11,2026-04-16
TASK_00698,Create REST API,Documentation,Critical,Bob,In Progress,17,9,2026-03-26,2026-04-11
TASK_00699,Create reports module,Backend,Low,Charlie,Pending,12,8,2026-05-15,2026-05-29
TASK_00700,Build admin panel,Frontend,Critical,Emma,Pending,12,0,2026-03-30,2026-04-28
TASK_00701,Fix responsive layout,Database,Low,Bob,On Hold,20,6,2026-07-21,2026-07-24
TASK_00702,Create REST API,Documentation,High,David,On Hold,19,0,2026-04-20,2026-04-26
TASK_00703,Write unit tests,Documentation,Low,Grace,In Progress,7,1,2026-04-13,2026-04-25
TASK_00704,Implement chatbot,UI/UX,Critical,Grace,Pending,8,8,2026-03-27,2026-04-22
TASK_00705,Deploy application,Testing,Medium,Charlie,Completed,2,1,2026-04-29,2026-05-08
TASK_00706,Implement payment gateway,Security,Low,Frank,Pending,19,3,2026-02-11,2026-03-02
TASK_00707,Add search functionality,Bug,High,Henry,Completed,12,3,2026-03-10,2026-03-18
TASK_00708,Develop analytics dashboard,Backend,Medium,Emma,Completed,3,0,2026-02-27,2026-03-12
TASK_00709,Integrate email notifications,Documentation,Critical,David,Completed,7,1,2026-05-26,2026-06-11
TASK_00710,Implement chatbot,Feature,Medium,David,Completed,1,0,2026-07-11,2026-07-16
TASK_00711,Design dashboard UI,Database,Critical,Alice,Pending,6,0,2026-06-17,2026-07-10
TASK_00712,Deploy application,DevOps,High,Alice,Completed,19,1,2026-05-01,2026-05-13
TASK_00713,Integrate email notifications,Security,Medium,Alice,In Progress,18,2,2026-01-29,2026-02-23
TASK_00714,Develop analytics dashboard,DevOps,High,Grace,Completed,1,0,2026-04-26,2026-05-19
TASK_00715,Implement payment gateway,Backend,Medium,Emma,Completed,6,5,2026-07-18,2026-07-21
TASK_00716,Refactor backend code,UI/UX,High,Bob,Completed,14,4,2026-06-10,2026-07-02
TASK_00717,Design dashboard UI,Backend,Medium,Grace,On Hold,3,1,2026-05-03,2026-05-20
TASK_00718,Refactor backend code,Database,High,Emma,On Hold,19,2,2026-04-24,2026-05-01
TASK_00719,Fix login authentication bug,UI/UX,Low,Emma,In Progress,12,0,2026-07-01,2026-07-24
TASK_00720,Implement payment gateway,Bug,Low,Charlie,Pending,17,4,2026-06-13,2026-06-26
TASK_00721,Implement dark mode,Database,Low,Emma,Completed,4,3,2026-06-22,2026-07-22
TASK_00722,Deploy application,Security,Low,Frank,Pending,2,1,2026-03-22,2026-03-24
TASK_00723,Design dashboard UI,Testing,Medium,David,Completed,3,3,2026-03-10,2026-04-07
TASK_00724,Implement chatbot,Database,Medium,Frank,Pending,3,0,2026-04-09,2026-04-15
TASK_00725,Fix login authentication bug,Feature,Low,Frank,In Progress,7,4,2026-01-31,2026-02-24
TASK_00726,Update project documentation,Bug,Critical,Emma,Completed,3,2,2026-07-20,2026-08-11
TASK_00727,Write unit tests,Database,Low,David,Completed,12,6,2026-06-28,2026-07-23
TASK_00728,Develop user profile page,Documentation,High,Emma,In Progress,8,7,2026-06-10,2026-06-12
TASK_00729,Improve application performance,Bug,Low,Frank,In Progress,2,0,2026-03-30,2026-04-14
TASK_00730,Optimize SQL queries,Feature,Medium,Emma,Completed,4,3,2026-03-07,2026-03-19
TASK_00731,Fix login authentication bug,UI/UX,Low,Alice,In Progress,5,1,2026-04-01,2026-04-11
TASK_00732,Deploy application,Documentation,Low,Alice,Completed,14,11,2026-02-10,2026-02-14
TASK_00733,Develop analytics dashboard,Security,High,Charlie,Completed,15,1,2026-01-30,2026-02-08
TASK_00734,Implement dark mode,Database,Medium,Emma,In Progress,16,8,2026-03-09,2026-04-07
TASK_00735,Add search functionality,Frontend,Low,David,Completed,7,1,2026-02-16,2026-03-02
TASK_00736,Build admin panel,Testing,Low,Henry,On Hold,19,11,2026-07-11,2026-07-23
TASK_00737,Implement dark mode,Backend,High,Frank,In Progress,12,1,2026-02-28,2026-03-13
TASK_00738,Optimize SQL queries,Bug,Critical,Frank,Pending,14,6,2026-02-09,2026-03-10
TASK_00739,Refactor backend code,Feature,High,Frank,On Hold,15,3,2026-05-02,2026-05-19
TASK_00740,Optimize SQL queries,Bug,Critical,Alice,On Hold,12,10,2026-02-07,2026-02-21
TASK_00741,Update project documentation,Database,Low,Henry,On Hold,20,7,2026-05-30,2026-06-01
TASK_00742,Deploy application,UI/UX,Critical,Bob,In Progress,19,12,2026-03-20,2026-03-29
TASK_00743,Implement payment gateway,Documentation,Low,Frank,Pending,19,7,2026-05-11,2026-05-25
TASK_00744,Update project documentation,Backend,Low,Emma,In Progress,7,7,2026-07-23,2026-08-14
TASK_00745,Build admin panel,Testing,Medium,Charlie,In Progress,11,7,2026-04-14,2026-05-03
TASK_00746,Implement dark mode,Backend,High,Grace,Pending,2,0,2026-04-18,2026-05-17
TASK_00747,Configure CI/CD pipeline,Security,Low,Grace,In Progress,5,1,2026-04-30,2026-05-16
TASK_00748,Implement dark mode,Bug,High,Charlie,On Hold,1,0,2026-03-18,2026-04-15
TASK_00749,Fix responsive layout,Backend,Medium,Bob,On Hold,8,5,2026-03-22,2026-03-28
TASK_00750,Integrate email notifications,Database,High,Alice,Pending,18,16,2026-03-17,2026-04-15
TASK_00751,Develop user profile page,UI/UX,Critical,Charlie,On Hold,16,8,2026-06-16,2026-07-13
TASK_00752,Design dashboard UI,Database,Low,Grace,Pending,13,2,2026-04-18,2026-05-15
TASK_00753,Create REST API,Security,High,Emma,Completed,10,4,2026-06-11,2026-07-07
TASK_00754,Create REST API,Documentation,Medium,Bob,Pending,8,8,2026-02-22,2026-02-25
TASK_00755,Implement chatbot,Database,High,Bob,In Progress,18,17,2026-03-22,2026-04-11
TASK_00756,Add search functionality,Testing,Critical,Bob,Pending,8,0,2026-07-02,2026-07-30
TASK_00757,Create REST API,Testing,Critical,Bob,Completed,6,6,2026-03-15,2026-03-28
TASK_00758,Implement dark mode,Frontend,High,Charlie,Pending,19,16,2026-07-09,2026-07-11
TASK_00759,Create reports module,Backend,High,Frank,On Hold,2,1,2026-05-16,2026-05-27
TASK_00760,Deploy application,Backend,Medium,Emma,On Hold,11,4,2026-03-17,2026-03-19
TASK_00761,Optimize SQL queries,UI/UX,High,Grace,In Progress,7,7,2026-02-25,2026-03-16
TASK_00762,Optimize SQL queries,Frontend,Low,Bob,On Hold,3,0,2026-07-15,2026-08-04
TASK_00763,Implement dark mode,Documentation,High,David,Completed,20,6,2026-07-12,2026-07-30
TASK_00764,Create REST API,Feature,Critical,Henry,In Progress,5,3,2026-04-30,2026-05-30
TASK_00765,Create REST API,Database,Critical,Emma,Completed,15,9,2026-07-01,2026-07-18
TASK_00766,Integrate email notifications,Backend,High,Emma,In Progress,18,3,2026-05-13,2026-05-16
TASK_00767,Create REST API,Backend,High,Grace,Completed,13,12,2026-03-07,2026-03-11
TASK_00768,Develop analytics dashboard,UI/UX,Critical,Emma,In Progress,5,3,2026-06-15,2026-06-27
TASK_00769,Optimize SQL queries,DevOps,High,Bob,Pending,13,13,2026-04-08,2026-05-02
TASK_00770,Integrate email notifications,Documentation,Critical,Bob,On Hold,9,8,2026-06-23,2026-07-23
TASK_00771,Fix responsive layout,Documentation,Critical,Grace,On Hold,19,11,2026-07-22,2026-07-28
TASK_00772,Develop analytics dashboard,Bug,High,Frank,Pending,12,2,2026-05-11,2026-05-28
TASK_00773,Refactor backend code,Documentation,Critical,Henry,Completed,20,19,2026-07-03,2026-07-14
TASK_00774,Implement payment gateway,Database,High,Grace,In Progress,15,11,2026-04-02,2026-04-19
TASK_00775,Design dashboard UI,Feature,Low,Emma,In Progress,1,1,2026-03-06,2026-03-11
TASK_00776,Implement payment gateway,DevOps,Critical,Henry,In Progress,1,1,2026-04-16,2026-05-09
TASK_00777,Fix login authentication bug,Security,Low,David,Completed,11,6,2026-04-23,2026-05-04
TASK_00778,Add search functionality,Security,Critical,Grace,Pending,12,9,2026-06-19,2026-07-12
TASK_00779,Optimize SQL queries,Database,Critical,Bob,In Progress,17,16,2026-02-28,2026-03-22
TASK_00780,Deploy application,DevOps,High,Grace,Pending,10,3,2026-07-10,2026-07-16
TASK_00781,Add search functionality,Testing,Low,Alice,In Progress,5,3,2026-03-30,2026-04-23
TASK_00782,Create REST API,Feature,High,Frank,In Progress,9,6,2026-04-19,2026-05-04
TASK_00783,Implement payment gateway,Frontend,Medium,David,Completed,10,7,2026-04-29,2026-05-16
TASK_00784,Fix login authentication bug,Frontend,Low,Henry,Pending,5,5,2026-04-20,2026-04-25
TASK_00785,Fix login authentication bug,DevOps,High,Emma,On Hold,7,4,2026-06-17,2026-07-11
TASK_00786,Create REST API,Security,Critical,Alice,Pending,14,12,2026-03-27,2026-04-11
TASK_00787,Create reports module,Backend,Critical,Frank,Pending,12,9,2026-04-16,2026-05-02
TASK_00788,Add search functionality,Testing,Critical,Henry,Pending,13,2,2026-04-06,2026-04-27
TASK_00789,Develop analytics dashboard,Testing,Medium,Grace,Pending,10,8,2026-07-02,2026-07-04
TASK_00790,Add search functionality,Feature,Critical,Emma,On Hold,13,3,2026-02-14,2026-02-28
TASK_00791,Implement chatbot,Backend,Medium,Charlie,On Hold,1,0,2026-03-11,2026-04-03
TASK_00792,Create REST API,Frontend,Low,David,Pending,2,2,2026-02-09,2026-03-04
TASK_00793,Build admin panel,Bug,Low,Bob,In Progress,13,12,2026-05-05,2026-05-07
TASK_00794,Improve application performance,DevOps,High,Grace,On Hold,17,5,2026-07-22,2026-08-19
TASK_00795,Write unit tests,UI/UX,High,Grace,Completed,13,5,2026-02-18,2026-03-10
TASK_00796,Configure CI/CD pipeline,DevOps,Low,Henry,In Progress,15,5,2026-07-17,2026-08-14
TASK_00797,Implement payment gateway,Testing,Low,Bob,Completed,18,0,2026-06-04,2026-06-22
TASK_00798,Implement payment gateway,Security,Critical,Bob,Completed,18,5,2026-05-23,2026-06-21
TASK_00799,Optimize SQL queries,Backend,High,Grace,Pending,19,6,2026-05-05,2026-05-10
TASK_00800,Deploy application,Documentation,Medium,Grace,On Hold,12,9,2026-04-18,2026-05-02
TASK_00801,Fix responsive layout,Backend,Low,Emma,Completed,14,14,2026-04-29,2026-05-04
TASK_00802,Implement dark mode,Frontend,Medium,David,Pending,14,3,2026-06-05,2026-06-28
TASK_00803,Create reports module,Security,Medium,Bob,In Progress,20,12,2026-06-27,2026-07-03
TASK_00804,Implement payment gateway,Testing,Critical,Alice,On Hold,17,7,2026-02-15,2026-03-16
TASK_00805,Optimize SQL queries,Security,Medium,Frank,In Progress,19,0,2026-05-27,2026-06-22
TASK_00806,Integrate email notifications,Testing,Low,Alice,Completed,6,2,2026-03-01,2026-03-08
TASK_00807,Write unit tests,UI/UX,High,Frank,Completed,4,2,2026-01-30,2026-02-03
TASK_00808,Add search functionality,Security,Medium,Charlie,Pending,15,9,2026-07-18,2026-07-28
TASK_00809,Develop analytics dashboard,Bug,Critical,Henry,Completed,15,10,2026-03-27,2026-04-26
TASK_00810,Design dashboard UI,Feature,Critical,Charlie,On Hold,1,0,2026-02-05,2026-02-07
TASK_00811,Configure CI/CD pipeline,Bug,Critical,David,On Hold,8,8,2026-07-05,2026-07-20
TASK_00812,Develop user profile page,Documentation,High,Alice,In Progress,1,1,2026-04-27,2026-05-12
TASK_00813,Create REST API,Frontend,Medium,Frank,On Hold,16,2,2026-07-19,2026-08-03
TASK_00814,Update project documentation,Testing,Medium,Bob,In Progress,17,16,2026-04-02,2026-04-08
TASK_00815,Configure CI/CD pipeline,Backend,Medium,Frank,Pending,5,5,2026-05-26,2026-05-28
TASK_00816,Implement chatbot,Backend,Medium,Frank,On Hold,3,2,2026-04-19,2026-05-06
TASK_00817,Create REST API,Database,Critical,Grace,Completed,18,16,2026-03-03,2026-03-09
TASK_00818,Update project documentation,DevOps,High,Henry,Pending,1,0,2026-05-31,2026-06-15
TASK_00819,Configure CI/CD pipeline,Backend,High,Alice,Completed,2,0,2026-03-11,2026-03-16
TASK_00820,Create reports module,Security,Medium,Frank,Completed,17,11,2026-04-16,2026-04-18
TASK_00821,Design dashboard UI,Database,High,Henry,In Progress,18,1,2026-03-22,2026-03-29
TASK_00822,Update project documentation,Bug,Medium,Charlie,Pending,12,1,2026-07-02,2026-07-21
TASK_00823,Create REST API,Frontend,High,Bob,Pending,15,13,2026-04-09,2026-04-24
TASK_00824,Implement dark mode,DevOps,High,Charlie,In Progress,17,12,2026-07-14,2026-08-02
TASK_00825,Optimize SQL queries,UI/UX,Medium,Grace,On Hold,2,1,2026-04-14,2026-04-16
TASK_00826,Optimize SQL queries,Database,High,Bob,On Hold,5,5,2026-05-13,2026-05-16
TASK_00827,Write unit tests,Security,Low,Bob,Pending,17,3,2026-03-28,2026-04-24
TASK_00828,Fix responsive layout,Documentation,High,Bob,On Hold,17,7,2026-06-11,2026-06-14
TASK_00829,Implement dark mode,Feature,Critical,Emma,Pending,7,3,2026-04-01,2026-04-22
TASK_00830,Write unit tests,Bug,Low,Bob,Pending,19,6,2026-07-14,2026-07-25
TASK_00831,Develop user profile page,Bug,High,David,In Progress,20,3,2026-02-25,2026-03-22
TASK_00832,Develop analytics dashboard,Documentation,High,Emma,On Hold,17,3,2026-07-14,2026-07-25
TASK_00833,Design dashboard UI,Bug,High,Frank,On Hold,8,0,2026-07-11,2026-08-10
TASK_00834,Develop analytics dashboard,Security,High,Henry,In Progress,16,14,2026-05-01,2026-05-16
TASK_00835,Add search functionality,DevOps,Medium,Charlie,On Hold,5,3,2026-02-02,2026-02-16
TASK_00836,Write unit tests,DevOps,Medium,Emma,Completed,19,6,2026-03-19,2026-03-25
TASK_00837,Create reports module,Database,Critical,Grace,In Progress,9,9,2026-07-07,2026-07-13
TASK_00838,Build admin panel,Frontend,Low,Alice,In Progress,16,9,2026-07-08,2026-07-16
TASK_00839,Implement dark mode,Bug,Low,Frank,On Hold,6,5,2026-05-20,2026-06-18
TASK_00840,Implement payment gateway,Backend,Critical,David,On Hold,20,16,2026-02-27,2026-03-19
TASK_00841,Implement payment gateway,Database,Low,Emma,In Progress,20,17,2026-06-18,2026-07-03
TASK_00842,Develop analytics dashboard,Database,Medium,Alice,Pending,5,2,2026-07-24,2026-07-26
TASK_00843,Refactor backend code,Bug,Medium,David,Completed,2,0,2026-03-14,2026-04-12
TASK_00844,Fix login authentication bug,DevOps,High,Frank,Pending,12,12,2026-03-06,2026-03-30
TASK_00845,Configure CI/CD pipeline,Security,Low,David,In Progress,18,12,2026-03-07,2026-03-24
TASK_00846,Fix login authentication bug,Documentation,Low,Emma,Completed,7,3,2026-04-25,2026-04-29
TASK_00847,Create REST API,DevOps,Low,Emma,Pending,12,9,2026-06-19,2026-06-27
TASK_00848,Update project documentation,Backend,Medium,Henry,In Progress,7,1,2026-01-31,2026-02-24
TASK_00849,Improve application performance,Documentation,High,Grace,On Hold,5,5,2026-06-06,2026-06-16
TASK_00850,Design dashboard UI,Bug,Low,Charlie,In Progress,10,9,2026-07-03,2026-07-17
TASK_00851,Optimize SQL queries,Frontend,Critical,Bob,On Hold,1,1,2026-04-17,2026-04-24
TASK_00852,Deploy application,Feature,High,Emma,On Hold,9,5,2026-04-09,2026-04-30
TASK_00853,Update project documentation,Bug,Medium,Charlie,Pending,18,11,2026-02-10,2026-02-20
TASK_00854,Implement dark mode,Backend,High,Frank,Pending,16,5,2026-07-17,2026-08-13
TASK_00855,Implement dark mode,Testing,Critical,Bob,Completed,10,3,2026-03-30,2026-04-29
TASK_00856,Write unit tests,DevOps,Medium,Henry,In Progress,6,3,2026-04-21,2026-05-12
TASK_00857,Fix login authentication bug,DevOps,High,Alice,Completed,2,2,2026-02-03,2026-02-16
TASK_00858,Deploy application,Frontend,Medium,Charlie,In Progress,14,2,2026-02-06,2026-02-28
TASK_00859,Implement payment gateway,Feature,Medium,Emma,Completed,10,7,2026-03-13,2026-04-07
TASK_00860,Build admin panel,DevOps,High,Bob,On Hold,5,3,2026-02-10,2026-03-09
TASK_00861,Improve application performance,Backend,Low,Charlie,Pending,6,1,2026-04-26,2026-04-30
TASK_00862,Fix responsive layout,DevOps,Medium,Alice,In Progress,14,11,2026-07-10,2026-07-20
TASK_00863,Develop user profile page,Database,Low,Bob,In Progress,6,4,2026-07-04,2026-08-03
TASK_00864,Optimize SQL queries,Testing,High,Grace,In Progress,20,20,2026-07-02,2026-07-12
TASK_00865,Fix responsive layout,Documentation,Low,Alice,In Progress,4,1,2026-06-12,2026-07-12
TASK_00866,Implement chatbot,DevOps,Critical,Bob,On Hold,5,5,2026-06-27,2026-07-16
TASK_00867,Configure CI/CD pipeline,Backend,Critical,Bob,In Progress,10,5,2026-07-11,2026-07-16
TASK_00868,Implement dark mode,Bug,Low,Charlie,Pending,12,8,2026-01-30,2026-02-09
TASK_00869,Improve application performance,Feature,Critical,Grace,On Hold,2,2,2026-04-02,2026-04-18
TASK_00870,Implement chatbot,Database,Low,Charlie,On Hold,9,8,2026-03-28,2026-04-14
TASK_00871,Deploy application,Security,Critical,Emma,On Hold,15,3,2026-05-17,2026-06-03
TASK_00872,Fix login authentication bug,Feature,Medium,Emma,In Progress,2,2,2026-06-07,2026-06-14
TASK_00873,Develop analytics dashboard,Feature,Critical,Henry,In Progress,4,4,2026-06-24,2026-07-04
TASK_00874,Optimize SQL queries,Documentation,High,Henry,On Hold,18,2,2026-04-15,2026-05-06
TASK_00875,Write unit tests,Backend,High,Emma,On Hold,20,10,2026-03-07,2026-04-02
TASK_00876,Deploy application,Documentation,High,David,Completed,10,5,2026-03-12,2026-03-14
TASK_00877,Create reports module,Database,Critical,Henry,Completed,18,14,2026-05-26,2026-06-02
TASK_00878,Add search functionality,Database,High,Henry,Pending,7,5,2026-05-24,2026-06-18
TASK_00879,Implement dark mode,Bug,High,Henry,On Hold,12,8,2026-05-29,2026-06-09
TASK_00880,Develop user profile page,Database,Medium,Grace,In Progress,5,4,2026-06-09,2026-07-05
TASK_00881,Deploy application,Documentation,Medium,Emma,Completed,15,1,2026-04-20,2026-05-19
TASK_00882,Configure CI/CD pipeline,Frontend,High,Alice,In Progress,16,2,2026-03-15,2026-03-22
TASK_00883,Deploy application,Feature,Critical,Frank,Completed,5,0,2026-02-06,2026-02-12
TASK_00884,Optimize SQL queries,Documentation,Critical,Grace,Pending,4,4,2026-01-28,2026-02-25
TASK_00885,Optimize SQL queries,Database,High,Grace,On Hold,1,0,2026-07-23,2026-08-20
TASK_00886,Create reports module,UI/UX,Critical,Emma,Pending,13,2,2026-03-03,2026-03-30
TASK_00887,Configure CI/CD pipeline,Feature,High,David,On Hold,7,3,2026-07-21,2026-08-13
TASK_00888,Integrate email notifications,Documentation,Critical,Grace,On Hold,13,10,2026-03-26,2026-04-18
TASK_00889,Configure CI/CD pipeline,Testing,Critical,Alice,On Hold,16,8,2026-06-14,2026-06-24
TASK_00890,Fix login authentication bug,Feature,Critical,Emma,On Hold,6,0,2026-04-04,2026-04-17
TASK_00891,Add search functionality,Security,Medium,David,Completed,13,0,2026-06-24,2026-07-24
TASK_00892,Add search functionality,Documentation,Medium,Henry,In Progress,15,9,2026-05-09,2026-06-01
TASK_00893,Create REST API,Feature,Critical,Alice,On Hold,9,3,2026-06-08,2026-06-11
TASK_00894,Update project documentation,Bug,High,Frank,Pending,10,7,2026-02-10,2026-02-26
TASK_00895,Implement chatbot,UI/UX,Low,Frank,In Progress,4,4,2026-04-08,2026-04-18
TASK_00896,Implement dark mode,Security,High,Henry,On Hold,20,0,2026-02-10,2026-02-22
TASK_00897,Build admin panel,Security,Critical,Henry,On Hold,4,0,2026-07-06,2026-07-14
TASK_00898,Update project documentation,Feature,High,Frank,In Progress,15,12,2026-04-27,2026-05-09
TASK_00899,Develop user profile page,UI/UX,High,Frank,In Progress,3,3,2026-02-20,2026-03-15
TASK_00900,Implement dark mode,Backend,Low,Emma,On Hold,18,4,2026-04-26,2026-05-23
TASK_00901,Create REST API,Bug,High,Grace,Completed,1,1,2026-07-17,2026-08-06
TASK_00902,Design dashboard UI,UI/UX,Low,Henry,Pending,13,6,2026-03-02,2026-03-12
TASK_00903,Add search functionality,UI/UX,Medium,Charlie,Completed,20,11,2026-02-16,2026-03-17
TASK_00904,Refactor backend code,Database,Critical,Emma,On Hold,10,7,2026-06-26,2026-07-22
TASK_00905,Optimize SQL queries,UI/UX,Critical,Bob,On Hold,14,12,2026-01-29,2026-02-27
TASK_00906,Develop analytics dashboard,Frontend,Critical,Alice,Pending,19,0,2026-04-19,2026-04-27
TASK_00907,Develop analytics dashboard,Testing,Low,Emma,In Progress,19,8,2026-03-21,2026-04-18
TASK_00908,Refactor backend code,DevOps,Low,Henry,In Progress,2,2,2026-03-18,2026-04-06
TASK_00909,Improve application performance,Bug,Medium,Alice,Completed,3,0,2026-05-19,2026-06-04
TASK_00910,Optimize SQL queries,Backend,Medium,Bob,In Progress,1,0,2026-04-06,2026-04-08
TASK_00911,Add search functionality,Testing,Critical,Emma,Pending,6,0,2026-07-23,2026-08-17
TASK_00912,Integrate email notifications,Security,Critical,David,Completed,2,0,2026-05-13,2026-05-20
TASK_00913,Create reports module,Security,Critical,Charlie,On Hold,12,1,2026-02-22,2026-03-19
TASK_00914,Build admin panel,Feature,Low,Bob,In Progress,4,3,2026-07-20,2026-08-02
TASK_00915,Improve application performance,Database,Medium,Emma,On Hold,10,10,2026-03-26,2026-04-15
TASK_00916,Develop user profile page,Backend,High,Frank,Pending,1,1,2026-04-13,2026-04-15
TASK_00917,Implement chatbot,Frontend,High,Alice,In Progress,2,0,2026-06-30,2026-07-12
TASK_00918,Develop analytics dashboard,Backend,Medium,David,On Hold,2,0,2026-06-18,2026-06-22
TASK_00919,Improve application performance,UI/UX,Low,Alice,On Hold,1,1,2026-05-06,2026-05-30
TASK_00920,Refactor backend code,UI/UX,Medium,Henry,On Hold,5,0,2026-05-27,2026-06-26
TASK_00921,Fix responsive layout,Security,Critical,David,Pending,2,2,2026-05-09,2026-05-21
TASK_00922,Optimize SQL queries,Security,Medium,Emma,Pending,10,0,2026-04-10,2026-04-16
TASK_00923,Integrate email notifications,UI/UX,Low,Emma,Completed,13,11,2026-06-18,2026-07-02
TASK_00924,Build admin panel,Database,Medium,Frank,On Hold,4,2,2026-06-25,2026-07-11
TASK_00925,Design dashboard UI,Bug,Low,Emma,In Progress,13,2,2026-06-20,2026-06-23
TASK_00926,Build admin panel,Database,High,Henry,On Hold,20,14,2026-02-02,2026-02-04
TASK_00927,Create REST API,UI/UX,Low,Frank,Completed,6,5,2026-04-06,2026-04-21
TASK_00928,Write unit tests,Frontend,High,Frank,Pending,18,14,2026-06-25,2026-06-29
TASK_00929,Write unit tests,Security,Critical,Henry,On Hold,19,7,2026-02-09,2026-03-02
TASK_00930,Update project documentation,Database,Critical,Grace,Pending,1,1,2026-02-16,2026-03-14
TASK_00931,Optimize SQL queries,Feature,High,Frank,In Progress,19,8,2026-02-24,2026-03-22
TASK_00932,Refactor backend code,Bug,Critical,Frank,Pending,19,4,2026-04-20,2026-05-01
TASK_00933,Develop user profile page,Bug,High,Henry,Pending,11,8,2026-04-03,2026-04-09
TASK_00934,Improve application performance,Backend,Medium,Henry,Completed,6,0,2026-03-10,2026-03-25
TASK_00935,Design dashboard UI,Frontend,High,Grace,On Hold,5,1,2026-02-13,2026-03-14
TASK_00936,Improve application performance,Bug,Medium,Grace,Completed,2,0,2026-02-25,2026-03-10
TASK_00937,Improve application performance,Testing,Critical,Alice,Completed,11,6,2026-03-04,2026-03-10
TASK_00938,Write unit tests,Feature,Critical,Charlie,Completed,6,5,2026-05-29,2026-06-15
TASK_00939,Create reports module,Database,Low,Grace,In Progress,6,0,2026-06-05,2026-07-02
TASK_00940,Update project documentation,Bug,Critical,David,Completed,13,6,2026-06-27,2026-07-14
TASK_00941,Update project documentation,Feature,Low,Grace,In Progress,11,1,2026-03-13,2026-04-07
TASK_00942,Create reports module,Feature,High,Emma,In Progress,9,7,2026-05-02,2026-05-27
TASK_00943,Develop analytics dashboard,Backend,Low,Grace,In Progress,1,0,2026-06-29,2026-07-06
TASK_00944,Improve application performance,Database,Medium,Frank,In Progress,16,11,2026-05-17,2026-06-07
TASK_00945,Improve application performance,Feature,High,Charlie,Completed,6,2,2026-07-26,2026-07-29
TASK_00946,Design dashboard UI,Bug,Critical,Bob,On Hold,4,4,2026-05-12,2026-06-07
TASK_00947,Deploy application,Feature,Critical,Frank,On Hold,7,6,2026-04-15,2026-04-18
TASK_00948,Develop analytics dashboard,Bug,Low,Bob,Pending,6,5,2026-05-14,2026-05-24
TASK_00949,Configure CI/CD pipeline,Backend,High,Frank,Completed,5,0,2026-05-23,2026-06-10
TASK_00950,Develop analytics dashboard,Bug,High,Charlie,Completed,1,0,2026-05-31,2026-06-10
TASK_00951,Design dashboard UI,DevOps,High,Emma,Pending,9,6,2026-02-16,2026-03-14
TASK_00952,Optimize SQL queries,DevOps,Low,David,Pending,7,1,2026-03-05,2026-03-16
TASK_00953,Build admin panel,Database,Low,Henry,On Hold,14,5,2026-07-25,2026-08-13
TASK_00954,Create REST API,Security,Low,Grace,Pending,12,11,2026-06-03,2026-06-13
TASK_00955,Integrate email notifications,DevOps,Medium,Grace,In Progress,7,1,2026-05-14,2026-06-11
TASK_00956,Update project documentation,DevOps,Medium,Frank,Completed,17,1,2026-03-05,2026-03-22
TASK_00957,Improve application performance,Documentation,Medium,Frank,In Progress,19,1,2026-06-18,2026-07-02
TASK_00958,Optimize SQL queries,Bug,Low,Bob,On Hold,20,10,2026-02-17,2026-02-19
TASK_00959,Optimize SQL queries,Security,Low,Bob,In Progress,6,4,2026-07-17,2026-08-08
TASK_00960,Refactor backend code,Bug,High,Henry,On Hold,16,16,2026-07-08,2026-07-25
TASK_00961,Improve application performance,Frontend,Medium,Emma,Completed,7,4,2026-03-01,2026-03-05
TASK_00962,Fix responsive layout,Frontend,Low,Alice,Pending,13,13,2026-04-19,2026-04-23
TASK_00963,Implement payment gateway,Frontend,Medium,Bob,In Progress,7,6,2026-03-30,2026-04-29
TASK_00964,Create REST API,Bug,Critical,Bob,On Hold,2,2,2026-03-06,2026-03-19
TASK_00965,Deploy application,Frontend,Low,David,On Hold,4,0,2026-05-13,2026-06-12
TASK_00966,Build admin panel,Feature,Medium,Alice,Completed,1,1,2026-03-26,2026-04-15
TASK_00967,Design dashboard UI,Backend,Low,Alice,Pending,6,6,2026-07-19,2026-08-03
TASK_00968,Design dashboard UI,Security,Low,Charlie,On Hold,7,2,2026-07-22,2026-08-21
TASK_00969,Refactor backend code,DevOps,Medium,Henry,Completed,6,0,2026-04-17,2026-04-21
TASK_00970,Implement chatbot,Database,High,David,Pending,7,7,2026-04-28,2026-05-27
TASK_00971,Build admin panel,Bug,Medium,David,In Progress,12,9,2026-07-23,2026-08-03
TASK_00972,Develop user profile page,Feature,Low,Emma,Completed,14,9,2026-05-07,2026-05-13
TASK_00973,Implement payment gateway,Documentation,High,Emma,In Progress,11,10,2026-06-15,2026-07-03
TASK_00974,Update project documentation,Backend,Critical,Charlie,Completed,17,0,2026-04-19,2026-04-23
TASK_00975,Implement payment gateway,Backend,Medium,Emma,In Progress,3,2,2026-05-11,2026-06-02
TASK_00976,Write unit tests,Backend,High,Grace,On Hold,17,16,2026-07-21,2026-08-18
TASK_00977,Deploy application,Feature,High,Emma,Pending,2,1,2026-02-16,2026-03-05
TASK_00978,Create REST API,Feature,High,Bob,Completed,2,2,2026-06-18,2026-06-30
TASK_00979,Add search functionality,Frontend,High,Charlie,In Progress,9,3,2026-04-05,2026-04-22
TASK_00980,Fix responsive layout,Testing,Medium,Frank,Pending,15,0,2026-01-29,2026-02-22
TASK_00981,Add search functionality,Feature,Medium,Charlie,Pending,15,0,2026-07-03,2026-07-07
TASK_00982,Develop analytics dashboard,Documentation,Medium,Frank,Completed,19,15,2026-02-08,2026-02-26
TASK_00983,Design dashboard UI,Feature,Medium,Grace,Pending,9,1,2026-06-05,2026-06-16
TASK_00984,Integrate email notifications,Feature,Critical,Henry,Pending,7,5,2026-02-01,2026-02-09
TASK_00985,Create reports module,Documentation,Medium,Charlie,On Hold,18,16,2026-05-27,2026-06-03
TASK_00986,Write unit tests,Documentation,Medium,Emma,Pending,19,14,2026-03-14,2026-04-02
TASK_00987,Implement dark mode,Database,Medium,Frank,Completed,18,7,2026-04-07,2026-04-30
TASK_00988,Configure CI/CD pipeline,Documentation,Low,Charlie,In Progress,14,5,2026-06-14,2026-07-09
TASK_00989,Add search functionality,Database,Low,Frank,In Progress,12,0,2026-06-01,2026-06-23
TASK_00990,Create REST API,Security,Low,Frank,Pending,14,7,2026-05-09,2026-05-24
TASK_00991,Update project documentation,DevOps,Medium,Frank,Pending,5,1,2026-06-13,2026-07-10
TASK_00992,Create reports module,DevOps,Medium,Alice,Pending,17,0,2026-06-17,2026-07-07
TASK_00993,Update project documentation,Database,Medium,Alice,Pending,11,2,2026-03-09,2026-03-21
TASK_00994,Implement dark mode,Frontend,Medium,Henry,Pending,6,5,2026-06-30,2026-07-09
TASK_00995,Optimize SQL queries,Security,Medium,Frank,Completed,1,0,2026-03-12,2026-03-18
TASK_00996,Fix responsive layout,DevOps,Critical,Grace,In Progress,8,1,2026-06-13,2026-06-29
TASK_00997,Fix responsive layout,Security,Medium,Frank,In Progress,13,12,2026-03-19,2026-04-01
TASK_00998,Implement chatbot,Backend,Critical,Alice,On Hold,11,8,2026-01-28,2026-02-07
TASK_00999,Integrate email notifications,Documentation,Medium,Bob,Pending,14,5,2026-03-20,2026-04-15
TASK_01000,Update project documentation,Security,Medium,David,On Hold,2,2,2026-02-10,2026-02-26
TASK_01001,Add search functionality,Database,Critical,Emma,In Progress,16,3,2026-05-24,2026-06-03
TASK_01002,Design dashboard UI,Database,Medium,Bob,In Progress,15,12,2026-06-19,2026-06-24
TASK_01003,Build admin panel,UI/UX,Low,Emma,Completed,6,1,2026-03-26,2026-04-24
TASK_01004,Develop analytics dashboard,Database,High,David,In Progress,6,5,2026-03-14,2026-03-18
TASK_01005,Develop user profile page,Bug,High,Alice,In Progress,10,5,2026-05-21,2026-05-24
TASK_01006,Implement dark mode,Documentation,Critical,Frank,Pending,8,4,2026-04-15,2026-05-12
TASK_01007,Develop user profile page,UI/UX,Medium,Charlie,Completed,6,4,2026-06-18,2026-07-03
TASK_01008,Optimize SQL queries,UI/UX,Medium,Emma,On Hold,6,1,2026-04-10,2026-04-27
TASK_01009,Fix responsive layout,Feature,Critical,Grace,On Hold,14,8,2026-07-18,2026-07-31
TASK_01010,Optimize SQL queries,UI/UX,Critical,Alice,On Hold,10,6,2026-04-05,2026-04-23
TASK_01011,Integrate email notifications,UI/UX,Critical,Bob,Completed,5,3,2026-02-18,2026-02-27
TASK_01012,Develop analytics dashboard,Bug,High,Frank,Completed,10,2,2026-02-13,2026-02-26
TASK_01013,Improve application performance,Testing,Medium,Bob,On Hold,2,1,2026-07-23,2026-07-29
TASK_01014,Implement dark mode,Testing,Critical,David,In Progress,16,14,2026-02-26,2026-03-27
TASK_01015,Write unit tests,Testing,Low,Henry,Pending,16,2,2026-01-28,2026-02-05
TASK_01016,Design dashboard UI,Bug,Critical,Emma,Pending,17,11,2026-01-29,2026-02-22
TASK_01017,Configure CI/CD pipeline,Security,Low,Charlie,On Hold,11,2,2026-02-07,2026-02-14
TASK_01018,Implement dark mode,DevOps,Medium,Emma,In Progress,16,12,2026-04-25,2026-05-07
TASK_01019,Implement dark mode,Bug,Critical,Alice,On Hold,14,7,2026-02-06,2026-02-19
TASK_01020,Implement chatbot,Documentation,Low,Alice,Completed,3,1,2026-06-20,2026-06-27
TASK_01021,Create REST API,UI/UX,Low,David,In Progress,10,9,2026-06-18,2026-07-14
TASK_01022,Develop analytics dashboard,Feature,High,Bob,On Hold,15,3,2026-05-13,2026-06-07
TASK_01023,Optimize SQL queries,Security,Low,Bob,In Progress,3,3,2026-04-02,2026-04-26
TASK_01024,Fix responsive layout,Frontend,High,David,On Hold,11,7,2026-04-09,2026-04-19
TASK_01025,Optimize SQL queries,UI/UX,Medium,Alice,In Progress,11,7,2026-07-10,2026-08-07
TASK_01026,Implement chatbot,Backend,Medium,Alice,Pending,2,2,2026-05-03,2026-06-02
TASK_01027,Add search functionality,Frontend,Medium,Grace,Pending,8,6,2026-07-04,2026-07-16
TASK_01028,Refactor backend code,Testing,Low,Emma,In Progress,11,7,2026-02-05,2026-02-19
TASK_01029,Develop user profile page,Backend,Critical,Henry,Pending,16,4,2026-07-19,2026-08-08
TASK_01030,Optimize SQL queries,Database,Critical,Bob,On Hold,4,2,2026-04-05,2026-04-18
TASK_01031,Optimize SQL queries,Testing,Low,Bob,On Hold,7,6,2026-07-23,2026-07-26
TASK_01032,Refactor backend code,Security,Critical,David,In Progress,13,4,2026-07-18,2026-07-25
TASK_01033,Build admin panel,Feature,Critical,Alice,Pending,1,1,2026-06-22,2026-07-21
TASK_01034,Build admin panel,Database,Low,Bob,Pending,6,4,2026-04-22,2026-05-17
TASK_01035,Configure CI/CD pipeline,Testing,Critical,Grace,Pending,13,6,2026-05-22,2026-06-18
TASK_01036,Optimize SQL queries,Frontend,High,Alice,Pending,20,13,2026-03-03,2026-03-15
TASK_01037,Improve application performance,DevOps,Critical,Henry,In Progress,13,7,2026-03-30,2026-04-26
TASK_01038,Write unit tests,Testing,Low,David,Pending,3,1,2026-06-25,2026-07-11
TASK_01039,Improve application performance,Security,High,Charlie,On Hold,17,11,2026-02-06,2026-03-03
TASK_01040,Build admin panel,Frontend,Low,Grace,On Hold,15,14,2026-02-16,2026-03-13
TASK_01041,Add search functionality,Bug,High,David,In Progress,11,4,2026-04-11,2026-04-18
TASK_01042,Fix login authentication bug,Frontend,High,Alice,Pending,6,2,2026-01-30,2026-02-21
TASK_01043,Implement chatbot,Frontend,Critical,David,Pending,20,20,2026-02-07,2026-02-14
TASK_01044,Create reports module,UI/UX,High,Frank,Pending,14,4,2026-07-05,2026-08-01
TASK_01045,Create reports module,Documentation,High,Charlie,In Progress,12,5,2026-02-24,2026-03-04
TASK_01046,Create reports module,Backend,Low,Grace,In Progress,12,12,2026-03-14,2026-03-16
TASK_01047,Implement payment gateway,Bug,High,Grace,Pending,2,0,2026-04-28,2026-05-13
TASK_01048,Optimize SQL queries,Testing,Critical,Bob,In Progress,20,9,2026-03-03,2026-04-01
TASK_01049,Write unit tests,Backend,Low,Frank,In Progress,20,18,2026-05-20,2026-06-15
TASK_01050,Develop user profile page,Testing,Medium,Emma,On Hold,16,16,2026-07-01,2026-07-12
TASK_01051,Implement payment gateway,Bug,Low,Charlie,Pending,17,14,2026-06-30,2026-07-21
TASK_01052,Develop user profile page,Frontend,High,Henry,Completed,1,1,2026-06-28,2026-07-08
TASK_01053,Deploy application,Feature,Low,Charlie,Pending,12,3,2026-04-30,2026-05-05
TASK_01054,Create REST API,Documentation,Critical,Alice,Completed,5,1,2026-07-20,2026-08-07
TASK_01055,Integrate email notifications,UI/UX,High,David,Pending,18,0,2026-07-07,2026-07-12
TASK_01056,Fix login authentication bug,Database,High,Emma,Pending,8,2,2026-05-13,2026-06-03
TASK_01057,Write unit tests,UI/UX,High,Alice,Completed,20,1,2026-07-13,2026-07-18
TASK_01058,Fix login authentication bug,Backend,Medium,Frank,In Progress,14,2,2026-02-26,2026-03-14
TASK_01059,Write unit tests,Database,Medium,Charlie,On Hold,3,1,2026-04-11,2026-04-21
TASK_01060,Optimize SQL queries,Documentation,Low,David,On Hold,14,1,2026-07-24,2026-08-08
TASK_01061,Develop analytics dashboard,Frontend,High,Emma,Completed,12,11,2026-02-17,2026-03-18
TASK_01062,Implement dark mode,Frontend,High,Grace,Pending,19,0,2026-06-22,2026-06-30
TASK_01063,Develop analytics dashboard,Testing,High,David,Completed,5,4,2026-07-10,2026-07-18
TASK_01064,Implement chatbot,UI/UX,Low,Henry,In Progress,3,0,2026-02-08,2026-03-09
TASK_01065,Fix responsive layout,Bug,Critical,Bob,Pending,12,10,2026-04-17,2026-04-25
TASK_01066,Integrate email notifications,Bug,Medium,Emma,Completed,17,2,2026-01-30,2026-02-07
TASK_01067,Optimize SQL queries,UI/UX,Medium,Henry,In Progress,12,12,2026-04-13,2026-04-25
TASK_01068,Write unit tests,UI/UX,High,Charlie,On Hold,3,1,2026-05-02,2026-05-13
TASK_01069,Design dashboard UI,Database,Low,Henry,Pending,8,8,2026-05-13,2026-06-04
TASK_01070,Add search functionality,Backend,Medium,Alice,Pending,7,3,2026-05-25,2026-06-11
TASK_01071,Refactor backend code,Bug,High,Henry,In Progress,5,3,2026-04-27,2026-05-05
TASK_01072,Optimize SQL queries,Bug,Critical,Bob,On Hold,11,11,2026-05-30,2026-06-23
TASK_01073,Configure CI/CD pipeline,UI/UX,Medium,Grace,Completed,19,14,2026-07-20,2026-08-19
TASK_01074,Add search functionality,Frontend,Medium,Bob,Pending,16,5,2026-03-21,2026-04-17
TASK_01075,Improve application performance,Frontend,Critical,Bob,Completed,6,1,2026-04-03,2026-04-26
TASK_01076,Implement chatbot,UI/UX,Medium,Alice,Pending,1,0,2026-03-17,2026-03-28
TASK_01077,Develop analytics dashboard,Database,Medium,Henry,Completed,1,0,2026-02-24,2026-03-12
TASK_01078,Update project documentation,DevOps,High,Alice,In Progress,6,5,2026-02-13,2026-02-15
TASK_01079,Create REST API,Frontend,High,Grace,On Hold,6,1,2026-02-27,2026-03-11
TASK_01080,Configure CI/CD pipeline,Feature,Critical,Emma,Pending,12,4,2026-03-29,2026-04-10
TASK_01081,Develop analytics dashboard,Feature,Critical,Bob,Completed,1,1,2026-07-05,2026-07-30
TASK_01082,Fix login authentication bug,Backend,Low,David,In Progress,5,3,2026-06-20,2026-06-28
TASK_01083,Implement payment gateway,DevOps,Critical,Frank,On Hold,15,3,2026-07-15,2026-07-20
TASK_01084,Update project documentation,Feature,Medium,David,In Progress,16,12,2026-03-22,2026-04-21
TASK_01085,Fix login authentication bug,Feature,Low,Alice,Pending,13,6,2026-06-26,2026-06-28
TASK_01086,Develop analytics dashboard,Frontend,High,David,In Progress,18,13,2026-04-08,2026-04-14
TASK_01087,Build admin panel,Database,High,Charlie,In Progress,17,2,2026-02-19,2026-03-19
TASK_01088,Create REST API,Frontend,Medium,Grace,In Progress,19,8,2026-03-31,2026-04-18
TASK_01089,Write unit tests,UI/UX,Low,David,Completed,18,3,2026-03-22,2026-04-15
TASK_01090,Implement dark mode,Backend,Critical,Bob,On Hold,18,14,2026-04-10,2026-04-30
TASK_01091,Add search functionality,Frontend,Low,Alice,Pending,19,15,2026-06-15,2026-07-04
TASK_01092,Fix responsive layout,Documentation,Medium,Bob,In Progress,1,1,2026-02-25,2026-03-24
TASK_01093,Build admin panel,Security,Critical,Frank,Pending,3,0,2026-06-22,2026-06-26
TASK_01094,Implement payment gateway,Documentation,High,Henry,Completed,14,9,2026-06-01,2026-06-09
TASK_01095,Fix responsive layout,Database,Low,Alice,On Hold,3,3,2026-03-04,2026-03-21
TASK_01096,Develop user profile page,Testing,High,David,On Hold,3,1,2026-06-10,2026-06-16
TASK_01097,Fix login authentication bug,Testing,Critical,Charlie,In Progress,11,4,2026-06-28,2026-07-16
TASK_01098,Create reports module,DevOps,High,Charlie,In Progress,18,12,2026-03-22,2026-04-09
TASK_01099,Implement chatbot,DevOps,Critical,Charlie,On Hold,2,0,2026-05-28,2026-06-13
TASK_01100,Configure CI/CD pipeline,Frontend,Low,Grace,In Progress,9,5,2026-04-16,2026-05-02
TASK_01101,Optimize SQL queries,Backend,Medium,David,Pending,8,5,2026-05-03,2026-05-28
TASK_01102,Develop analytics dashboard,DevOps,Low,Henry,In Progress,19,7,2026-07-26,2026-08-11
TASK_01103,Create REST API,Frontend,Low,Bob,On Hold,20,11,2026-05-24,2026-06-16
TASK_01104,Build admin panel,Frontend,High,Bob,Pending,7,7,2026-04-26,2026-05-18
TASK_01105,Optimize SQL queries,Testing,Critical,Grace,Completed,5,4,2026-03-11,2026-03-30
TASK_01106,Implement chatbot,Security,Medium,Frank,Completed,19,14,2026-04-16,2026-04-30
TASK_01107,Create reports module,Backend,Critical,Grace,In Progress,2,2,2026-06-16,2026-06-28
TASK_01108,Implement dark mode,Database,Critical,Alice,Pending,9,6,2026-07-21,2026-08-12
TASK_01109,Integrate email notifications,Security,Critical,Bob,Completed,12,6,2026-04-01,2026-04-19
TASK_01110,Design dashboard UI,DevOps,High,Grace,On Hold,7,2,2026-01-31,2026-02-22
TASK_01111,Improve application performance,Documentation,Low,Bob,On Hold,15,8,2026-07-19,2026-08-01
TASK_01112,Refactor backend code,Testing,High,Bob,On Hold,5,1,2026-04-28,2026-05-09
TASK_01113,Create reports module,Backend,Medium,Grace,In Progress,9,5,2026-06-17,2026-07-11
TASK_01114,Configure CI/CD pipeline,DevOps,Medium,Grace,In Progress,17,1,2026-06-13,2026-06-25
TASK_01115,Create reports module,Testing,High,Henry,On Hold,20,4,2026-04-05,2026-04-08
TASK_01116,Fix login authentication bug,Database,Low,Charlie,On Hold,19,11,2026-07-07,2026-07-28
TASK_01117,Develop user profile page,Feature,High,Henry,Pending,3,2,2026-04-04,2026-04-29
TASK_01118,Create reports module,Frontend,Critical,Henry,On Hold,4,0,2026-02-16,2026-03-17
TASK_01119,Refactor backend code,Frontend,Medium,Charlie,In Progress,13,1,2026-07-17,2026-08-05
TASK_01120,Configure CI/CD pipeline,Bug,Medium,Alice,On Hold,13,11,2026-03-22,2026-04-14
TASK_01121,Implement chatbot,Feature,High,Alice,Completed,12,1,2026-03-21,2026-04-01
TASK_01122,Create REST API,Feature,High,Henry,Pending,17,16,2026-03-23,2026-03-29
TASK_01123,Design dashboard UI,Backend,High,Henry,On Hold,6,1,2026-05-13,2026-05-30
TASK_01124,Refactor backend code,Testing,Critical,Grace,On Hold,20,18,2026-05-10,2026-06-03
TASK_01125,Add search functionality,Database,Critical,Emma,Pending,14,12,2026-02-24,2026-03-18
TASK_01126,Create REST API,Security,Medium,Bob,Pending,14,4,2026-04-15,2026-04-22
TASK_01127,Write unit tests,DevOps,Low,David,In Progress,14,4,2026-06-08,2026-06-28
TASK_01128,Write unit tests,Bug,Critical,Henry,In Progress,4,4,2026-05-09,2026-05-20
TASK_01129,Implement chatbot,DevOps,High,Emma,In Progress,3,1,2026-03-09,2026-03-11
TASK_01130,Implement payment gateway,Bug,Medium,Bob,On Hold,16,13,2026-06-24,2026-07-10
TASK_01131,Design dashboard UI,Frontend,Critical,Alice,In Progress,8,7,2026-02-25,2026-03-18
TASK_01132,Build admin panel,Backend,High,Henry,In Progress,18,9,2026-07-16,2026-08-03
TASK_01133,Optimize SQL queries,Security,High,David,Pending,13,3,2026-06-22,2026-06-29
TASK_01134,Fix login authentication bug,Bug,Critical,Frank,Pending,7,1,2026-05-10,2026-05-20
TASK_01135,Refactor backend code,Testing,High,Alice,Completed,1,1,2026-05-27,2026-06-21
TASK_01136,Configure CI/CD pipeline,Security,Critical,Alice,Pending,10,9,2026-05-09,2026-05-20
TASK_01137,Design dashboard UI,Testing,Medium,Alice,On Hold,4,1,2026-03-21,2026-04-05
TASK_01138,Optimize SQL queries,Documentation,Critical,David,Pending,20,17,2026-03-05,2026-03-17
TASK_01139,Update project documentation,Feature,High,David,On Hold,8,7,2026-06-18,2026-06-22
TASK_01140,Build admin panel,Frontend,Critical,Frank,Pending,17,3,2026-06-09,2026-06-19
TASK_01141,Improve application performance,Bug,Medium,Alice,Pending,5,5,2026-05-29,2026-06-14
TASK_01142,Fix responsive layout,Database,High,Alice,Pending,1,1,2026-01-29,2026-02-07
TASK_01143,Implement dark mode,Frontend,Low,Henry,Completed,2,2,2026-07-18,2026-07-24
TASK_01144,Integrate email notifications,Documentation,Critical,Charlie,On Hold,15,11,2026-07-26,2026-08-01
TASK_01145,Write unit tests,Database,Medium,Charlie,In Progress,15,1,2026-07-23,2026-07-26
TASK_01146,Write unit tests,Feature,Low,Emma,On Hold,18,17,2026-02-08,2026-03-02
TASK_01147,Develop user profile page,Feature,Medium,Frank,In Progress,11,10,2026-03-23,2026-04-18
TASK_01148,Improve application performance,Testing,High,Frank,Completed,15,13,2026-04-13,2026-04-25
TASK_01149,Improve application performance,Documentation,Medium,Bob,Completed,1,1,2026-07-25,2026-08-24
TASK_01150,Configure CI/CD pipeline,Bug,Low,Grace,On Hold,15,4,2026-04-21,2026-04-23
TASK_01151,Configure CI/CD pipeline,Feature,High,Emma,Pending,12,11,2026-04-15,2026-05-06
TASK_01152,Develop analytics dashboard,DevOps,High,Grace,Completed,12,6,2026-05-27,2026-06-25
TASK_01153,Improve application performance,Frontend,Low,Alice,In Progress,4,2,2026-05-05,2026-05-29
TASK_01154,Build admin panel,UI/UX,Low,Alice,In Progress,17,13,2026-05-05,2026-06-04
TASK_01155,Deploy application,UI/UX,High,Henry,On Hold,18,7,2026-05-10,2026-05-15
TASK_01156,Add search functionality,Bug,Medium,David,Completed,4,0,2026-03-11,2026-04-03
TASK_01157,Build admin panel,Security,Low,Bob,Pending,17,17,2026-03-02,2026-03-29
TASK_01158,Develop user profile page,Database,High,Alice,Pending,13,6,2026-03-16,2026-03-26
TASK_01159,Create reports module,Bug,High,Bob,Pending,11,11,2026-03-26,2026-04-22
TASK_01160,Improve application performance,Backend,Low,Bob,In Progress,8,8,2026-05-02,2026-05-25
TASK_01161,Implement chatbot,Backend,Critical,David,Pending,16,2,2026-06-06,2026-06-16
TASK_01162,Develop analytics dashboard,Frontend,Critical,Grace,Pending,15,15,2026-04-14,2026-04-21
TASK_01163,Integrate email notifications,Security,Medium,Henry,Pending,7,5,2026-03-27,2026-04-19
TASK_01164,Fix login authentication bug,Bug,Low,Alice,In Progress,12,6,2026-03-14,2026-03-21
TASK_01165,Design dashboard UI,Feature,Medium,Emma,On Hold,6,3,2026-03-11,2026-04-08
TASK_01166,Create REST API,Testing,Low,Henry,Pending,19,8,2026-07-07,2026-07-17
TASK_01167,Refactor backend code,Bug,High,Bob,In Progress,7,7,2026-01-30,2026-02-22
TASK_01168,Create REST API,DevOps,Medium,Frank,Pending,11,4,2026-05-20,2026-06-06
TASK_01169,Create REST API,Feature,Low,Henry,Completed,5,1,2026-03-11,2026-03-21
TASK_01170,Implement dark mode,Bug,Low,Bob,Pending,2,1,2026-02-04,2026-02-12
TASK_01171,Create REST API,Backend,Medium,Bob,Completed,16,1,2026-04-22,2026-05-01
TASK_01172,Build admin panel,Frontend,Critical,David,Completed,3,3,2026-06-19,2026-07-08
TASK_01173,Refactor backend code,UI/UX,Critical,Charlie,On Hold,3,3,2026-03-06,2026-04-02
TASK_01174,Improve application performance,Feature,Low,Alice,In Progress,8,2,2026-07-23,2026-08-17
TASK_01175,Write unit tests,DevOps,Medium,David,Pending,16,3,2026-07-18,2026-08-07
TASK_01176,Implement payment gateway,Documentation,Low,David,On Hold,13,2,2026-04-19,2026-05-19
TASK_01177,Integrate email notifications,UI/UX,Critical,Emma,In Progress,5,0,2026-06-20,2026-06-22
TASK_01178,Write unit tests,Frontend,High,Henry,Completed,20,18,2026-05-20,2026-06-18
TASK_01179,Develop user profile page,DevOps,Low,Frank,On Hold,3,0,2026-07-19,2026-07-21
TASK_01180,Implement payment gateway,Feature,Low,Charlie,Completed,20,10,2026-02-24,2026-03-09
TASK_01181,Create reports module,Documentation,Low,Grace,Completed,12,9,2026-05-22,2026-06-11
TASK_01182,Create reports module,Database,High,Alice,On Hold,7,7,2026-03-20,2026-04-13
TASK_01183,Fix responsive layout,Feature,Critical,Frank,Pending,3,2,2026-03-04,2026-03-09
TASK_01184,Integrate email notifications,DevOps,High,David,Pending,11,8,2026-06-12,2026-06-18
TASK_01185,Improve application performance,Frontend,Critical,Frank,In Progress,8,2,2026-03-09,2026-04-07
TASK_01186,Deploy application,Frontend,Medium,Charlie,On Hold,20,2,2026-03-13,2026-04-12
TASK_01187,Develop analytics dashboard,Testing,Low,Emma,In Progress,13,2,2026-06-27,2026-07-11
TASK_01188,Improve application performance,Security,Low,Bob,Pending,18,13,2026-05-26,2026-06-06
TASK_01189,Improve application performance,Testing,High,David,On Hold,11,8,2026-02-26,2026-03-14
TASK_01190,Update project documentation,Security,Critical,Grace,On Hold,17,8,2026-06-12,2026-06-18
TASK_01191,Fix login authentication bug,Documentation,Medium,Bob,Completed,20,11,2026-06-22,2026-07-17
TASK_01192,Add search functionality,Backend,High,Henry,In Progress,17,13,2026-05-18,2026-05-28
TASK_01193,Write unit tests,DevOps,Medium,Bob,Pending,18,0,2026-06-01,2026-06-24
TASK_01194,Create REST API,Security,High,Frank,Pending,16,4,2026-07-10,2026-08-03
TASK_01195,Update project documentation,Security,Critical,Alice,Pending,2,2,2026-03-29,2026-04-19
TASK_01196,Write unit tests,UI/UX,Low,Grace,Pending,18,6,2026-02-09,2026-02-19
TASK_01197,Fix responsive layout,UI/UX,High,Alice,In Progress,5,1,2026-06-17,2026-06-22
TASK_01198,Build admin panel,Bug,Critical,Grace,On Hold,20,17,2026-03-30,2026-04-21
TASK_01199,Improve application performance,Testing,Low,David,Completed,14,10,2026-05-28,2026-06-24
TASK_01200,Implement payment gateway,DevOps,Critical,Henry,In Progress,15,9,2026-05-30,2026-06-25
TASK_01201,Refactor backend code,Testing,Low,Frank,In Progress,14,6,2026-03-28,2026-04-10
TASK_01202,Fix login authentication bug,UI/UX,Medium,David,Completed,2,1,2026-05-18,2026-05-26
TASK_01203,Integrate email notifications,Database,Critical,Alice,Completed,16,10,2026-06-02,2026-06-12
TASK_01204,Develop analytics dashboard,Documentation,Low,Grace,In Progress,7,4,2026-06-29,2026-07-17
TASK_01205,Fix login authentication bug,Bug,Medium,Alice,In Progress,14,5,2026-05-11,2026-06-09
TASK_01206,Fix login authentication bug,Frontend,Medium,Frank,On Hold,5,0,2026-06-16,2026-06-23
TASK_01207,Update project documentation,Bug,Low,David,Completed,6,3,2026-03-05,2026-03-11
TASK_01208,Create REST API,DevOps,Medium,Emma,On Hold,19,7,2026-02-05,2026-02-18
TASK_01209,Fix responsive layout,Feature,Critical,Bob,Completed,10,9,2026-06-29,2026-07-23
TASK_01210,Implement dark mode,Database,High,Henry,In Progress,3,1,2026-05-12,2026-05-20
TASK_01211,Design dashboard UI,Backend,Low,Grace,In Progress,20,13,2026-04-12,2026-05-11
TASK_01212,Build admin panel,Security,Low,Henry,Pending,18,17,2026-05-20,2026-06-06
TASK_01213,Develop user profile page,Feature,High,Charlie,Pending,3,3,2026-02-11,2026-03-07
TASK_01214,Write unit tests,Security,Medium,Henry,On Hold,19,19,2026-06-18,2026-06-20
TASK_01215,Implement dark mode,UI/UX,Critical,Grace,Pending,6,6,2026-06-26,2026-07-20
TASK_01216,Write unit tests,Frontend,Critical,Emma,Pending,19,18,2026-02-02,2026-02-05
TASK_01217,Develop user profile page,UI/UX,Critical,David,In Progress,14,10,2026-05-04,2026-05-20
TASK_01218,Fix login authentication bug,Database,Low,Grace,In Progress,19,10,2026-05-13,2026-05-20
TASK_01219,Fix login authentication bug,Testing,Critical,Charlie,Pending,8,8,2026-07-09,2026-07-22
TASK_01220,Create reports module,DevOps,Medium,Alice,Pending,3,2,2026-05-14,2026-06-13
TASK_01221,Update project documentation,Backend,Low,Bob,In Progress,12,2,2026-04-16,2026-04-19
TASK_01222,Optimize SQL queries,Frontend,Medium,Frank,Pending,14,9,2026-02-18,2026-03-10
TASK_01223,Design dashboard UI,Documentation,Critical,Grace,Pending,6,0,2026-07-08,2026-07-17
TASK_01224,Write unit tests,Frontend,Low,Charlie,In Progress,6,0,2026-06-06,2026-06-19
TASK_01225,Fix responsive layout,Documentation,Medium,Henry,On Hold,5,0,2026-02-21,2026-03-03
TASK_01226,Implement chatbot,Database,Critical,David,In Progress,16,2,2026-05-15,2026-05-30
TASK_01227,Implement chatbot,Documentation,Low,Emma,In Progress,1,0,2026-02-22,2026-03-07
TASK_01228,Configure CI/CD pipeline,DevOps,Low,Henry,In Progress,10,1,2026-06-28,2026-07-06
TASK_01229,Design dashboard UI,UI/UX,High,Emma,In Progress,13,9,2026-07-14,2026-08-05
TASK_01230,Implement payment gateway,UI/UX,Low,Henry,Pending,15,4,2026-06-19,2026-07-19
TASK_01231,Integrate email notifications,Documentation,High,David,Pending,15,1,2026-04-26,2026-04-29
TASK_01232,Integrate email notifications,Frontend,Critical,Bob,On Hold,6,6,2026-04-20,2026-04-24
TASK_01233,Create reports module,Bug,Medium,Henry,On Hold,18,10,2026-02-06,2026-02-09
TASK_01234,Build admin panel,DevOps,Low,Emma,Completed,15,10,2026-02-27,2026-03-02
TASK_01235,Deploy application,Bug,Medium,Grace,On Hold,11,7,2026-03-16,2026-04-11
TASK_01236,Improve application performance,DevOps,Critical,Grace,Completed,10,3,2026-06-01,2026-06-08
TASK_01237,Update project documentation,Backend,High,Grace,Pending,8,1,2026-02-28,2026-03-07
TASK_01238,Add search functionality,Backend,Medium,Emma,On Hold,9,0,2026-07-10,2026-07-14
TASK_01239,Design dashboard UI,Testing,Medium,Emma,Pending,2,2,2026-06-28,2026-07-15
TASK_01240,Optimize SQL queries,Security,Critical,David,Pending,15,13,2026-03-24,2026-04-22
TASK_01241,Fix login authentication bug,Security,Medium,Bob,Completed,2,1,2026-06-24,2026-07-05
TASK_01242,Implement dark mode,Bug,Low,David,On Hold,12,8,2026-06-15,2026-06-30
TASK_01243,Design dashboard UI,Documentation,Low,Emma,Completed,10,4,2026-04-15,2026-05-15
TASK_01244,Create reports module,Frontend,High,Emma,On Hold,4,1,2026-03-21,2026-03-29
TASK_01245,Refactor backend code,Bug,High,Grace,Pending,18,14,2026-06-01,2026-06-24
TASK_01246,Write unit tests,UI/UX,Low,David,In Progress,4,3,2026-06-04,2026-06-06
TASK_01247,Design dashboard UI,Testing,High,David,Pending,4,4,2026-07-25,2026-08-17
TASK_01248,Update project documentation,Bug,High,David,In Progress,11,10,2026-04-14,2026-05-04
TASK_01249,Build admin panel,UI/UX,Low,Henry,On Hold,10,3,2026-05-25,2026-06-08
TASK_01250,Design dashboard UI,DevOps,Critical,Charlie,Completed,20,13,2026-03-09,2026-04-08
TASK_01251,Design dashboard UI,Database,Critical,Grace,In Progress,19,3,2026-05-27,2026-06-07
TASK_01252,Design dashboard UI,Security,High,Charlie,On Hold,2,1,2026-07-03,2026-07-28
TASK_01253,Improve application performance,Backend,High,Frank,In Progress,16,12,2026-04-03,2026-04-26
TASK_01254,Create reports module,Frontend,High,David,Completed,4,3,2026-04-27,2026-05-21
TASK_01255,Add search functionality,Testing,Medium,Grace,On Hold,5,5,2026-03-24,2026-04-22
TASK_01256,Design dashboard UI,Documentation,Medium,Henry,Pending,13,2,2026-05-26,2026-06-06
TASK_01257,Develop user profile page,Security,High,David,On Hold,10,8,2026-05-17,2026-05-21
TASK_01258,Create reports module,UI/UX,Critical,Emma,Completed,1,1,2026-03-31,2026-04-10
TASK_01259,Refactor backend code,Documentation,Critical,Alice,Pending,20,13,2026-07-16,2026-07-28
TASK_01260,Fix login authentication bug,Backend,High,Henry,Completed,9,8,2026-05-23,2026-06-01
TASK_01261,Configure CI/CD pipeline,Testing,Critical,Grace,Pending,3,2,2026-04-24,2026-05-12
TASK_01262,Integrate email notifications,Database,Critical,Alice,Completed,7,0,2026-04-03,2026-04-17
TASK_01263,Develop user profile page,DevOps,Low,Bob,Pending,17,2,2026-06-22,2026-07-05
TASK_01264,Add search functionality,Feature,Medium,Emma,Pending,7,2,2026-02-09,2026-02-21
TASK_01265,Implement payment gateway,UI/UX,Medium,Charlie,In Progress,2,0,2026-05-12,2026-06-06
TASK_01266,Implement payment gateway,Documentation,High,Grace,Pending,15,1,2026-04-09,2026-05-08
TASK_01267,Integrate email notifications,UI/UX,Low,Bob,Completed,4,3,2026-03-18,2026-03-21
TASK_01268,Implement payment gateway,UI/UX,High,Bob,Completed,1,1,2026-04-01,2026-04-17
TASK_01269,Implement dark mode,DevOps,Medium,Frank,On Hold,3,2,2026-02-06,2026-02-08
TASK_01270,Implement chatbot,Testing,Critical,Emma,Pending,5,2,2026-06-05,2026-07-05
TASK_01271,Design dashboard UI,Database,Critical,Bob,In Progress,17,17,2026-02-08,2026-02-14
TASK_01272,Develop analytics dashboard,Feature,Medium,Frank,On Hold,9,0,2026-04-07,2026-04-17
TASK_01273,Add search functionality,Backend,Low,Grace,Pending,20,20,2026-03-29,2026-04-20
TASK_01274,Refactor backend code,Frontend,Low,Alice,On Hold,1,0,2026-02-08,2026-03-05
TASK_01275,Create reports module,Documentation,Medium,Emma,On Hold,14,6,2026-05-20,2026-06-06
TASK_01276,Develop analytics dashboard,Documentation,Critical,Frank,Pending,3,0,2026-05-23,2026-06-17
TASK_01277,Update project documentation,Database,Critical,Frank,In Progress,18,17,2026-03-09,2026-04-04
TASK_01278,Develop user profile page,Security,High,Bob,Pending,14,6,2026-04-26,2026-05-17
TASK_01279,Optimize SQL queries,DevOps,Critical,Alice,Completed,10,4,2026-05-29,2026-06-19
TASK_01280,Configure CI/CD pipeline,Security,Critical,Bob,Pending,3,3,2026-03-02,2026-03-08
TASK_01281,Implement chatbot,Frontend,Low,Charlie,In Progress,3,2,2026-07-14,2026-07-28
TASK_01282,Update project documentation,Database,Medium,Emma,Completed,3,3,2026-03-20,2026-03-29
TASK_01283,Fix login authentication bug,Testing,High,Charlie,Pending,5,0,2026-03-23,2026-04-16
TASK_01284,Add search functionality,Backend,High,Bob,Completed,2,0,2026-04-10,2026-04-24
TASK_01285,Implement dark mode,Database,Critical,Charlie,On Hold,19,1,2026-07-01,2026-07-09
TASK_01286,Write unit tests,Frontend,High,Charlie,Completed,17,6,2026-02-14,2026-02-21
TASK_01287,Design dashboard UI,UI/UX,Medium,Frank,In Progress,6,1,2026-02-28,2026-03-07
TASK_01288,Develop user profile page,Feature,Medium,Bob,Pending,14,12,2026-02-25,2026-03-07
TASK_01289,Optimize SQL queries,Feature,Medium,Charlie,Completed,5,5,2026-07-20,2026-08-14
TASK_01290,Improve application performance,Security,Low,Emma,In Progress,3,3,2026-02-27,2026-03-25
TASK_01291,Improve application performance,DevOps,Critical,Henry,Pending,5,0,2026-07-14,2026-07-29
TASK_01292,Create reports module,UI/UX,High,Bob,In Progress,1,0,2026-07-11,2026-07-25
TASK_01293,Integrate email notifications,Frontend,High,Emma,Completed,7,7,2026-05-01,2026-05-23
TASK_01294,Optimize SQL queries,Backend,Critical,Frank,In Progress,4,3,2026-07-05,2026-07-08
TASK_01295,Deploy application,Backend,Critical,Henry,Completed,11,10,2026-06-28,2026-07-05
TASK_01296,Implement payment gateway,DevOps,Critical,Charlie,Completed,13,6,2026-05-29,2026-06-18
TASK_01297,Configure CI/CD pipeline,Frontend,Critical,Frank,On Hold,9,7,2026-02-18,2026-03-03
TASK_01298,Update project documentation,DevOps,High,Charlie,Pending,10,10,2026-01-31,2026-03-01
TASK_01299,Develop user profile page,Feature,Medium,Henry,In Progress,12,10,2026-06-18,2026-07-09
TASK_01300,Update project documentation,Testing,Low,David,In Progress,14,2,2026-06-14,2026-06-28
TASK_01301,Implement chatbot,DevOps,High,Alice,In Progress,5,1,2026-06-04,2026-06-24
TASK_01302,Design dashboard UI,Documentation,Critical,Frank,Pending,20,8,2026-02-10,2026-02-13
TASK_01303,Fix responsive layout,Documentation,Medium,Bob,On Hold,10,7,2026-06-10,2026-07-08
TASK_01304,Implement dark mode,Bug,High,Alice,In Progress,15,11,2026-03-06,2026-03-11
TASK_01305,Build admin panel,Bug,Critical,Frank,Completed,1,1,2026-04-03,2026-04-27
TASK_01306,Develop analytics dashboard,Bug,Critical,David,On Hold,1,1,2026-03-17,2026-03-26
TASK_01307,Integrate email notifications,Database,Critical,Bob,Pending,14,9,2026-04-02,2026-05-01
TASK_01308,Configure CI/CD pipeline,Database,Critical,David,On Hold,16,13,2026-02-13,2026-02-26
TASK_01309,Design dashboard UI,Backend,High,David,Pending,8,1,2026-05-16,2026-05-29
TASK_01310,Refactor backend code,Security,High,Bob,Pending,10,6,2026-03-28,2026-04-14
TASK_01311,Fix responsive layout,Documentation,Critical,Emma,In Progress,19,14,2026-07-16,2026-08-12
TASK_01312,Develop analytics dashboard,Bug,Medium,Bob,Pending,19,14,2026-02-18,2026-03-04
TASK_01313,Create reports module,Feature,Low,Bob,Pending,7,6,2026-02-17,2026-02-22
TASK_01314,Create REST API,Database,Critical,Charlie,Pending,8,4,2026-06-22,2026-07-05
TASK_01315,Update project documentation,Frontend,Low,Bob,In Progress,1,0,2026-06-20,2026-07-01
TASK_01316,Develop analytics dashboard,Backend,Critical,David,In Progress,13,12,2026-05-07,2026-05-14
TASK_01317,Fix responsive layout,UI/UX,Critical,Grace,On Hold,19,9,2026-02-13,2026-02-19
TASK_01318,Implement chatbot,Testing,Medium,David,Completed,13,13,2026-04-20,2026-05-10
TASK_01319,Build admin panel,Testing,Low,Emma,Completed,1,0,2026-02-15,2026-03-09
TASK_01320,Implement chatbot,Documentation,High,Emma,Completed,14,8,2026-02-02,2026-02-21
TASK_01321,Implement payment gateway,Documentation,Low,Emma,Pending,7,2,2026-03-05,2026-03-26
TASK_01322,Develop analytics dashboard,Database,Medium,Henry,Completed,5,3,2026-02-09,2026-02-13
TASK_01323,Build admin panel,Backend,Medium,Charlie,Pending,20,19,2026-03-30,2026-04-18
TASK_01324,Update project documentation,Frontend,Critical,Grace,In Progress,17,14,2026-06-26,2026-07-15
TASK_01325,Implement dark mode,Database,Medium,Emma,In Progress,13,12,2026-02-27,2026-03-07
TASK_01326,Add search functionality,Frontend,Medium,Charlie,Completed,10,10,2026-06-11,2026-06-21
TASK_01327,Design dashboard UI,Bug,Low,Alice,On Hold,1,1,2026-05-20,2026-06-01
TASK_01328,Build admin panel,UI/UX,Medium,Grace,In Progress,19,18,2026-06-26,2026-07-07
TASK_01329,Implement chatbot,Security,Low,Alice,Completed,14,5,2026-05-25,2026-06-04
TASK_01330,Implement chatbot,Testing,Medium,Grace,Pending,15,10,2026-02-10,2026-03-05
TASK_01331,Create REST API,DevOps,Critical,Emma,In Progress,9,1,2026-03-19,2026-04-01
TASK_01332,Implement chatbot,Testing,Low,Charlie,Completed,4,1,2026-03-30,2026-04-17
TASK_01333,Develop user profile page,Testing,High,Grace,In Progress,18,4,2026-05-23,2026-05-30
TASK_01334,Fix login authentication bug,Testing,Low,Emma,Pending,19,14,2026-07-25,2026-08-03
TASK_01335,Build admin panel,Database,Medium,Bob,On Hold,8,7,2026-03-15,2026-03-17
TASK_01336,Fix login authentication bug,DevOps,Low,Henry,Completed,11,5,2026-06-23,2026-07-05
TASK_01337,Add search functionality,Backend,Critical,Emma,Pending,4,4,2026-07-04,2026-07-14
TASK_01338,Build admin panel,Security,Low,Frank,In Progress,20,18,2026-04-19,2026-04-21
TASK_01339,Optimize SQL queries,DevOps,Medium,Bob,Completed,18,17,2026-07-22,2026-07-30
TASK_01340,Implement payment gateway,UI/UX,Critical,Alice,In Progress,4,4,2026-04-29,2026-05-21
TASK_01341,Improve application performance,Documentation,Critical,Henry,Completed,3,0,2026-07-02,2026-07-18
TASK_01342,Update project documentation,Frontend,Critical,Henry,Completed,11,9,2026-06-26,2026-07-08
TASK_01343,Refactor backend code,Frontend,High,Bob,Completed,10,3,2026-05-24,2026-06-03
TASK_01344,Implement chatbot,Backend,Medium,David,On Hold,2,1,2026-02-15,2026-02-21
TASK_01345,Develop user profile page,Frontend,High,Emma,Completed,12,4,2026-06-21,2026-06-29
TASK_01346,Create reports module,Testing,Medium,Frank,In Progress,3,0,2026-03-13,2026-03-23
TASK_01347,Optimize SQL queries,DevOps,Critical,Charlie,In Progress,16,2,2026-04-13,2026-05-04
TASK_01348,Implement dark mode,Security,High,Frank,Completed,13,3,2026-04-14,2026-04-18
TASK_01349,Refactor backend code,Documentation,Medium,Emma,Completed,11,3,2026-07-18,2026-07-22
TASK_01350,Create REST API,Testing,Critical,Alice,Completed,8,5,2026-04-23,2026-05-09
TASK_01351,Deploy application,Frontend,Critical,Charlie,In Progress,14,13,2026-03-02,2026-03-08
TASK_01352,Create reports module,DevOps,High,Frank,On Hold,4,1,2026-04-13,2026-04-25
TASK_01353,Implement payment gateway,UI/UX,Critical,Alice,Pending,16,10,2026-05-23,2026-06-19
TASK_01354,Integrate email notifications,DevOps,High,Emma,Completed,4,4,2026-04-22,2026-05-21
TASK_01355,Improve application performance,UI/UX,High,Frank,Pending,5,5,2026-06-03,2026-06-17
TASK_01356,Implement dark mode,Backend,Medium,Frank,Completed,19,1,2026-06-13,2026-06-25
TASK_01357,Optimize SQL queries,DevOps,Low,Grace,On Hold,2,1,2026-06-27,2026-07-15
TASK_01358,Develop user profile page,DevOps,Critical,Emma,Pending,14,11,2026-04-23,2026-04-26
TASK_01359,Develop user profile page,Database,Medium,Emma,On Hold,10,1,2026-02-18,2026-03-09
TASK_01360,Configure CI/CD pipeline,Security,Critical,Frank,Completed,1,1,2026-06-16,2026-07-11
TASK_01361,Create reports module,Bug,High,Bob,Pending,13,10,2026-05-19,2026-05-27
TASK_01362,Fix login authentication bug,Feature,Critical,Alice,In Progress,10,8,2026-02-23,2026-03-10
TASK_01363,Fix responsive layout,Testing,Critical,Henry,On Hold,12,10,2026-04-20,2026-04-27
TASK_01364,Implement chatbot,DevOps,Medium,Charlie,In Progress,12,11,2026-05-24,2026-06-18
TASK_01365,Develop analytics dashboard,Frontend,Low,Emma,In Progress,16,1,2026-05-02,2026-05-06
TASK_01366,Improve application performance,Security,Medium,Henry,On Hold,11,8,2026-07-11,2026-07-27
TASK_01367,Build admin panel,Documentation,Medium,Bob,In Progress,9,9,2026-05-13,2026-05-19
TASK_01368,Develop analytics dashboard,Documentation,Critical,Bob,Completed,11,1,2026-04-16,2026-05-08
TASK_01369,Improve application performance,Security,Medium,David,On Hold,15,6,2026-05-13,2026-05-27
TASK_01370,Develop user profile page,DevOps,Low,Bob,On Hold,13,7,2026-05-22,2026-05-28
TASK_01371,Fix login authentication bug,Frontend,Medium,Alice,On Hold,1,1,2026-05-17,2026-06-03
TASK_01372,Improve application performance,Testing,Medium,Henry,In Progress,3,2,2026-02-28,2026-03-28
TASK_01373,Develop analytics dashboard,UI/UX,High,David,Completed,16,0,2026-04-04,2026-04-11
TASK_01374,Refactor backend code,Testing,High,David,Pending,12,1,2026-07-05,2026-07-18
TASK_01375,Implement chatbot,Frontend,Low,Alice,Pending,7,0,2026-04-16,2026-04-24
TASK_01376,Add search functionality,Bug,High,Frank,On Hold,6,6,2026-06-01,2026-06-07
TASK_01377,Design dashboard UI,DevOps,Low,David,In Progress,4,4,2026-06-12,2026-06-20
TASK_01378,Improve application performance,Backend,High,Henry,Pending,17,5,2026-04-25,2026-05-23
TASK_01379,Deploy application,Documentation,High,Charlie,On Hold,11,3,2026-02-11,2026-02-21
TASK_01380,Create REST API,DevOps,High,Emma,In Progress,19,19,2026-07-15,2026-07-17
TASK_01381,Deploy application,DevOps,Critical,Frank,On Hold,17,15,2026-03-16,2026-03-22
TASK_01382,Integrate email notifications,Feature,High,Frank,In Progress,9,9,2026-06-23,2026-07-12
TASK_01383,Fix login authentication bug,Feature,Medium,Alice,Pending,5,2,2026-07-21,2026-07-29
TASK_01384,Optimize SQL queries,Testing,High,Alice,In Progress,19,19,2026-01-29,2026-02-12
TASK_01385,Implement dark mode,Frontend,High,Frank,Completed,19,8,2026-02-13,2026-03-14
TASK_01386,Improve application performance,DevOps,High,David,In Progress,17,10,2026-07-16,2026-08-08
TASK_01387,Fix responsive layout,UI/UX,Medium,Frank,In Progress,9,6,2026-06-13,2026-07-11
TASK_01388,Fix login authentication bug,Bug,Medium,Bob,On Hold,2,2,2026-04-27,2026-05-05
TASK_01389,Develop user profile page,Database,Medium,David,Pending,11,0,2026-05-15,2026-06-03
TASK_01390,Improve application performance,Bug,High,Alice,Completed,18,2,2026-06-10,2026-06-19
TASK_01391,Write unit tests,UI/UX,High,Charlie,On Hold,7,3,2026-07-02,2026-07-06
TASK_01392,Fix login authentication bug,Backend,Low,Grace,On Hold,9,2,2026-06-07,2026-07-05
TASK_01393,Implement dark mode,Security,Low,Frank,In Progress,3,1,2026-03-25,2026-04-10
TASK_01394,Optimize SQL queries,Bug,High,Grace,In Progress,9,2,2026-06-19,2026-07-06
TASK_01395,Create reports module,Frontend,Critical,Grace,On Hold,8,1,2026-05-25,2026-06-08
TASK_01396,Create REST API,Security,Critical,Grace,Pending,6,4,2026-05-17,2026-06-10
TASK_01397,Update project documentation,Documentation,Medium,Emma,Completed,1,0,2026-06-20,2026-07-18
TASK_01398,Implement chatbot,Feature,Critical,Alice,In Progress,13,4,2026-06-22,2026-07-09
TASK_01399,Implement payment gateway,Security,Critical,Frank,In Progress,20,5,2026-05-06,2026-05-31
TASK_01400,Improve application performance,Frontend,Medium,Bob,Pending,6,1,2026-06-07,2026-07-03
TASK_01401,Write unit tests,Feature,Low,Grace,In Progress,9,5,2026-05-29,2026-06-13
TASK_01402,Improve application performance,Bug,Low,Henry,On Hold,11,7,2026-05-13,2026-05-29
TASK_01403,Develop analytics dashboard,Bug,Critical,Charlie,Completed,18,14,2026-06-05,2026-06-18
TASK_01404,Deploy application,DevOps,Medium,David,Completed,19,16,2026-03-29,2026-04-24
TASK_01405,Develop analytics dashboard,Security,Critical,Frank,Completed,8,7,2026-04-04,2026-04-07
TASK_01406,Configure CI/CD pipeline,Testing,Critical,Alice,Completed,5,2,2026-03-10,2026-03-26
TASK_01407,Deploy application,Backend,High,Henry,On Hold,1,1,2026-07-18,2026-08-11
TASK_01408,Refactor backend code,UI/UX,High,Charlie,On Hold,10,3,2026-01-30,2026-02-08
TASK_01409,Implement dark mode,Testing,High,Frank,Completed,9,0,2026-02-23,2026-03-07
TASK_01410,Design dashboard UI,Frontend,Low,Alice,On Hold,7,4,2026-02-09,2026-03-06
TASK_01411,Implement dark mode,Backend,Low,David,Pending,11,0,2026-02-26,2026-03-26
TASK_01412,Develop analytics dashboard,Bug,High,Henry,In Progress,11,2,2026-04-19,2026-04-24
TASK_01413,Deploy application,Bug,Low,David,Completed,16,2,2026-05-19,2026-05-30
TASK_01414,Add search functionality,Bug,Medium,Bob,Pending,18,1,2026-02-12,2026-03-09
TASK_01415,Implement chatbot,Bug,Medium,Charlie,Pending,18,18,2026-02-25,2026-03-02
TASK_01416,Implement payment gateway,UI/UX,Medium,Henry,On Hold,17,14,2026-05-09,2026-05-18
TASK_01417,Implement chatbot,Backend,Low,Frank,Pending,10,6,2026-02-12,2026-03-10
TASK_01418,Update project documentation,DevOps,Low,Frank,In Progress,15,0,2026-04-08,2026-04-14
TASK_01419,Deploy application,Backend,Medium,Frank,In Progress,6,5,2026-06-12,2026-06-22
TASK_01420,Improve application performance,Database,Medium,Charlie,On Hold,8,4,2026-07-01,2026-07-23
TASK_01421,Optimize SQL queries,Testing,High,Frank,In Progress,10,3,2026-02-24,2026-03-24
TASK_01422,Configure CI/CD pipeline,UI/UX,Medium,Bob,Pending,14,4,2026-04-18,2026-05-08
TASK_01423,Develop user profile page,DevOps,Medium,David,In Progress,3,0,2026-04-28,2026-05-10
TASK_01424,Develop analytics dashboard,Bug,Critical,Henry,Completed,13,3,2026-06-30,2026-07-02
TASK_01425,Add search functionality,Database,High,Grace,Completed,14,3,2026-05-08,2026-05-19
TASK_01426,Develop analytics dashboard,Bug,Critical,Grace,On Hold,7,6,2026-04-03,2026-04-11
TASK_01427,Create reports module,UI/UX,Critical,Frank,On Hold,4,1,2026-07-26,2026-08-21
TASK_01428,Fix responsive layout,Database,Medium,Frank,Completed,19,19,2026-04-29,2026-05-26
TASK_01429,Design dashboard UI,Backend,Medium,Henry,On Hold,20,20,2026-05-04,2026-05-21
TASK_01430,Implement chatbot,Documentation,Low,Frank,Pending,17,12,2026-05-17,2026-05-31
TASK_01431,Improve application performance,Bug,Medium,Emma,Pending,16,13,2026-05-15,2026-05-23
TASK_01432,Fix login authentication bug,Backend,Critical,Alice,In Progress,9,7,2026-03-21,2026-04-16
TASK_01433,Optimize SQL queries,Documentation,High,Henry,Pending,8,8,2026-06-12,2026-06-16
TASK_01434,Develop analytics dashboard,Bug,Low,Henry,On Hold,18,8,2026-03-05,2026-03-18
TASK_01435,Refactor backend code,Security,Critical,Charlie,Completed,9,2,2026-04-29,2026-05-09
TASK_01436,Refactor backend code,Feature,High,Henry,On Hold,9,4,2026-01-31,2026-02-12
TASK_01437,Configure CI/CD pipeline,Feature,Critical,Frank,Pending,1,0,2026-02-03,2026-02-27
TASK_01438,Implement payment gateway,Frontend,Low,Frank,On Hold,4,4,2026-07-02,2026-07-14
TASK_01439,Configure CI/CD pipeline,Backend,Medium,Henry,In Progress,14,6,2026-05-07,2026-05-16
TASK_01440,Implement chatbot,Security,Critical,Charlie,In Progress,5,1,2026-05-28,2026-06-17
TASK_01441,Implement payment gateway,Database,High,Emma,In Progress,11,9,2026-07-01,2026-07-12
TASK_01442,Deploy application,DevOps,Critical,Grace,Pending,5,3,2026-05-30,2026-06-29
TASK_01443,Add search functionality,Feature,Critical,Bob,In Progress,2,0,2026-05-25,2026-06-20
TASK_01444,Develop analytics dashboard,Database,Medium,Grace,Completed,4,2,2026-03-20,2026-03-22
TASK_01445,Write unit tests,Security,Medium,Emma,On Hold,17,6,2026-06-27,2026-07-22
TASK_01446,Implement payment gateway,Testing,Low,Alice,Pending,18,10,2026-05-15,2026-06-14
TASK_01447,Deploy application,Frontend,Critical,Henry,In Progress,8,8,2026-05-15,2026-06-01
TASK_01448,Implement dark mode,Documentation,High,Alice,On Hold,16,5,2026-05-12,2026-05-24
TASK_01449,Add search functionality,Database,Low,Alice,In Progress,1,0,2026-02-02,2026-02-20
TASK_01450,Implement dark mode,Feature,Critical,Henry,On Hold,9,2,2026-07-10,2026-07-24
TASK_01451,Develop analytics dashboard,DevOps,Critical,Grace,On Hold,1,0,2026-07-23,2026-08-12
TASK_01452,Integrate email notifications,Database,Medium,Alice,In Progress,1,1,2026-06-22,2026-07-07
TASK_01453,Integrate email notifications,Backend,Critical,Grace,Completed,19,0,2026-04-16,2026-04-24
TASK_01454,Create REST API,UI/UX,Low,Alice,In Progress,1,0,2026-07-11,2026-07-25
TASK_01455,Deploy application,Backend,Critical,Charlie,On Hold,10,1,2026-04-08,2026-04-17
TASK_01456,Create REST API,Feature,Critical,Emma,Pending,2,2,2026-05-22,2026-06-14
TASK_01457,Write unit tests,Documentation,High,Charlie,Completed,17,10,2026-05-10,2026-06-05
TASK_01458,Implement dark mode,UI/UX,High,Alice,Pending,19,18,2026-03-11,2026-03-20
TASK_01459,Configure CI/CD pipeline,Database,Medium,Alice,Completed,5,5,2026-03-23,2026-03-27
TASK_01460,Develop user profile page,Documentation,Critical,Charlie,Pending,5,2,2026-03-21,2026-04-19
TASK_01461,Deploy application,DevOps,High,Frank,Completed,9,8,2026-06-06,2026-06-27
TASK_01462,Implement chatbot,Security,High,Emma,On Hold,14,7,2026-01-28,2026-02-16
TASK_01463,Develop analytics dashboard,Frontend,Critical,Bob,Pending,10,0,2026-03-31,2026-04-26
TASK_01464,Develop analytics dashboard,DevOps,Medium,Bob,On Hold,2,0,2026-01-30,2026-02-18
TASK_01465,Optimize SQL queries,Security,Critical,Bob,On Hold,6,4,2026-02-27,2026-03-14
TASK_01466,Fix login authentication bug,Bug,High,Alice,On Hold,13,7,2026-07-10,2026-07-28
TASK_01467,Configure CI/CD pipeline,Frontend,High,Alice,On Hold,12,6,2026-07-03,2026-07-30
TASK_01468,Fix login authentication bug,DevOps,Medium,Charlie,Pending,5,0,2026-07-11,2026-07-14
TASK_01469,Develop user profile page,Bug,Critical,Bob,Pending,14,12,2026-06-25,2026-07-19
TASK_01470,Integrate email notifications,Feature,Medium,Grace,On Hold,2,1,2026-06-14,2026-06-30
TASK_01471,Write unit tests,Testing,Medium,Grace,On Hold,9,9,2026-03-12,2026-04-06
TASK_01472,Refactor backend code,Testing,High,Henry,Pending,14,0,2026-05-20,2026-05-23
TASK_01473,Update project documentation,UI/UX,Low,Charlie,Pending,2,2,2026-07-25,2026-07-30
TASK_01474,Develop user profile page,Feature,Critical,Bob,Completed,9,4,2026-02-11,2026-03-09
TASK_01475,Develop analytics dashboard,Security,Medium,Henry,Pending,13,8,2026-07-08,2026-07-25
TASK_01476,Add search functionality,Testing,Medium,Henry,Pending,11,0,2026-02-08,2026-02-13
TASK_01477,Write unit tests,Testing,Critical,Charlie,Completed,3,1,2026-02-14,2026-03-04
TASK_01478,Implement chatbot,Documentation,Critical,David,In Progress,9,6,2026-07-04,2026-08-02
TASK_01479,Add search functionality,Testing,High,Grace,Pending,1,0,2026-03-06,2026-04-01
TASK_01480,Create REST API,Documentation,Medium,Charlie,On Hold,10,8,2026-05-02,2026-05-23
TASK_01481,Improve application performance,DevOps,High,Emma,In Progress,7,4,2026-06-10,2026-06-23
TASK_01482,Fix login authentication bug,Feature,Medium,Bob,Completed,19,6,2026-07-14,2026-08-09
TASK_01483,Refactor backend code,DevOps,High,Alice,Completed,12,0,2026-03-27,2026-04-24
TASK_01484,Implement dark mode,Testing,Low,Emma,Pending,19,15,2026-04-26,2026-05-19
TASK_01485,Write unit tests,Backend,Critical,David,Pending,3,2,2026-03-07,2026-03-28
TASK_01486,Add search functionality,Documentation,Medium,Emma,On Hold,5,0,2026-07-08,2026-07-24
TASK_01487,Build admin panel,Feature,Critical,Alice,On Hold,19,9,2026-06-02,2026-06-16
TASK_01488,Fix login authentication bug,Backend,Medium,Frank,In Progress,4,4,2026-06-04,2026-06-19
TASK_01489,Develop analytics dashboard,Backend,Medium,David,Pending,7,1,2026-02-07,2026-03-05
TASK_01490,Deploy application,Bug,Critical,Grace,Completed,19,18,2026-01-30,2026-02-21
TASK_01491,Improve application performance,Frontend,Medium,David,In Progress,20,20,2026-06-21,2026-07-01
TASK_01492,Optimize SQL queries,Feature,Low,Alice,On Hold,3,1,2026-02-24,2026-03-14
TASK_01493,Design dashboard UI,Security,Low,Frank,Pending,14,11,2026-07-14,2026-08-10
TASK_01494,Integrate email notifications,Security,Low,Alice,Pending,18,7,2026-02-13,2026-02-22
TASK_01495,Implement dark mode,Backend,Critical,Emma,Pending,8,3,2026-02-24,2026-03-08
TASK_01496,Create reports module,Testing,Low,David,Completed,14,8,2026-05-19,2026-05-24
TASK_01497,Implement chatbot,Testing,Critical,Emma,On Hold,1,0,2026-05-24,2026-06-05
TASK_01498,Improve application performance,UI/UX,Critical,Alice,On Hold,3,0,2026-04-17,2026-04-21
TASK_01499,Create reports module,Frontend,Low,Emma,Pending,16,12,2026-07-07,2026-07-17
TASK_01500,Improve application performance,Database,Low,Grace,Completed,9,7,2026-05-25,2026-05-30
TASK_01501,Implement chatbot,Feature,Medium,Henry,In Progress,11,9,2026-06-20,2026-07-20
TASK_01502,Build admin panel,Bug,Critical,Charlie,Completed,7,0,2026-04-07,2026-05-02
TASK_01503,Develop analytics dashboard,Testing,High,Charlie,Completed,7,5,2026-04-10,2026-05-04
TASK_01504,Refactor backend code,Backend,Critical,Grace,Pending,1,1,2026-04-29,2026-05-28
TASK_01505,Fix login authentication bug,UI/UX,Critical,Frank,Completed,6,4,2026-02-05,2026-02-26
TASK_01506,Implement dark mode,Backend,Low,Alice,In Progress,6,0,2026-04-28,2026-05-26
TASK_01507,Deploy application,Documentation,High,Alice,Pending,19,2,2026-04-03,2026-04-17
TASK_01508,Improve application performance,Documentation,Low,Henry,Pending,16,8,2026-05-24,2026-06-13
TASK_01509,Improve application performance,DevOps,High,Charlie,In Progress,15,9,2026-03-19,2026-04-06
TASK_01510,Fix responsive layout,Security,Critical,Frank,On Hold,19,3,2026-06-07,2026-06-09
TASK_01511,Integrate email notifications,Documentation,High,Frank,On Hold,10,3,2026-05-20,2026-06-09
TASK_01512,Add search functionality,Documentation,Critical,David,On Hold,2,0,2026-02-18,2026-03-20
TASK_01513,Fix responsive layout,Frontend,Critical,Charlie,Pending,19,13,2026-07-08,2026-07-16
TASK_01514,Design dashboard UI,Bug,High,Bob,Completed,18,16,2026-06-11,2026-07-08
TASK_01515,Configure CI/CD pipeline,Testing,High,David,On Hold,13,10,2026-02-17,2026-02-24
TASK_01516,Update project documentation,DevOps,Critical,David,On Hold,8,0,2026-04-07,2026-05-01
TASK_01517,Implement chatbot,Bug,Medium,David,On Hold,12,11,2026-03-21,2026-04-02
TASK_01518,Design dashboard UI,DevOps,Critical,Bob,Completed,13,7,2026-07-11,2026-08-09
TASK_01519,Develop user profile page,Testing,Medium,Frank,In Progress,15,0,2026-05-22,2026-06-12
TASK_01520,Build admin panel,DevOps,High,Henry,Pending,14,11,2026-05-11,2026-05-18
TASK_01521,Fix login authentication bug,Bug,Medium,David,Completed,15,2,2026-05-24,2026-06-02
TASK_01522,Build admin panel,Feature,Medium,Grace,Completed,12,11,2026-02-04,2026-03-01
TASK_01523,Fix login authentication bug,Feature,Critical,Emma,In Progress,14,9,2026-02-20,2026-03-18
TASK_01524,Create reports module,Backend,Critical,David,On Hold,1,1,2026-05-24,2026-06-08
TASK_01525,Develop analytics dashboard,Backend,Low,Charlie,Completed,1,0,2026-05-17,2026-05-28
TASK_01526,Create REST API,Bug,Low,Henry,On Hold,7,1,2026-06-11,2026-06-19
TASK_01527,Implement chatbot,DevOps,Medium,David,On Hold,11,6,2026-06-04,2026-07-01
TASK_01528,Develop analytics dashboard,Documentation,High,Bob,Pending,18,14,2026-07-24,2026-07-28
TASK_01529,Integrate email notifications,Testing,High,Charlie,In Progress,1,0,2026-02-19,2026-03-10
TASK_01530,Add search functionality,DevOps,Medium,Bob,Completed,4,1,2026-06-24,2026-07-20
TASK_01531,Fix login authentication bug,Security,Critical,Alice,Completed,11,11,2026-07-22,2026-07-31
TASK_01532,Design dashboard UI,Bug,Critical,Emma,On Hold,5,1,2026-07-20,2026-08-10
TASK_01533,Design dashboard UI,Security,High,Charlie,Completed,19,11,2026-07-01,2026-07-16
TASK_01534,Deploy application,Feature,Medium,Charlie,Completed,14,4,2026-02-05,2026-02-20
TASK_01535,Refactor backend code,Backend,Low,Bob,On Hold,20,19,2026-07-02,2026-07-21
TASK_01536,Implement chatbot,UI/UX,Medium,Grace,On Hold,2,0,2026-05-01,2026-05-23
TASK_01537,Add search functionality,Backend,Medium,Bob,On Hold,16,7,2026-07-24,2026-08-21
TASK_01538,Fix login authentication bug,Documentation,Critical,Emma,On Hold,7,6,2026-04-20,2026-04-27
TASK_01539,Optimize SQL queries,Feature,Medium,David,In Progress,18,7,2026-06-23,2026-07-05
TASK_01540,Optimize SQL queries,DevOps,High,Henry,On Hold,11,3,2026-07-12,2026-07-24
TASK_01541,Develop user profile page,Backend,High,Emma,In Progress,16,5,2026-06-30,2026-07-12
TASK_01542,Fix responsive layout,Security,Critical,Bob,In Progress,12,10,2026-02-03,2026-02-15
TASK_01543,Integrate email notifications,Database,High,David,Completed,2,0,2026-05-07,2026-05-15
TASK_01544,Improve application performance,Documentation,Critical,Bob,In Progress,9,9,2026-03-15,2026-03-26
TASK_01545,Build admin panel,Documentation,High,Alice,In Progress,20,6,2026-02-14,2026-03-05
TASK_01546,Refactor backend code,UI/UX,Critical,Henry,Pending,2,0,2026-04-07,2026-04-30
TASK_01547,Fix responsive layout,Documentation,Medium,Henry,Completed,3,2,2026-03-15,2026-04-11
TASK_01548,Fix login authentication bug,Security,Critical,Emma,On Hold,15,4,2026-06-05,2026-06-22
TASK_01549,Integrate email notifications,Testing,High,Henry,In Progress,12,8,2026-02-26,2026-03-05
TASK_01550,Configure CI/CD pipeline,Bug,Low,Charlie,Completed,17,12,2026-05-18,2026-06-14
TASK_01551,Optimize SQL queries,Backend,Medium,David,Pending,3,0,2026-07-04,2026-07-27
TASK_01552,Integrate email notifications,Bug,Critical,Emma,Completed,13,13,2026-02-02,2026-03-04
TASK_01553,Implement chatbot,Security,Medium,Grace,In Progress,7,2,2026-01-29,2026-02-15
TASK_01554,Create REST API,UI/UX,Low,Henry,Pending,11,0,2026-02-11,2026-02-17
TASK_01555,Implement chatbot,Testing,High,Henry,Pending,11,7,2026-05-26,2026-06-04
TASK_01556,Fix responsive layout,Testing,Medium,Bob,On Hold,8,0,2026-02-18,2026-03-10
TASK_01557,Develop analytics dashboard,Backend,Low,Alice,Pending,2,1,2026-02-23,2026-03-21
TASK_01558,Fix responsive layout,Feature,Critical,Bob,Completed,8,1,2026-04-16,2026-05-14
TASK_01559,Update project documentation,Testing,High,Charlie,Completed,15,9,2026-07-09,2026-07-11
TASK_01560,Write unit tests,Bug,High,Grace,In Progress,10,0,2026-06-18,2026-07-18
TASK_01561,Update project documentation,Frontend,High,Emma,Pending,16,12,2026-02-17,2026-03-19
TASK_01562,Improve application performance,Testing,Low,David,Completed,3,3,2026-03-08,2026-03-16
TASK_01563,Optimize SQL queries,Bug,Critical,Frank,On Hold,8,0,2026-04-30,2026-05-22
TASK_01564,Implement dark mode,Frontend,Medium,Charlie,Completed,19,7,2026-04-23,2026-05-08
TASK_01565,Add search functionality,DevOps,Low,Bob,Completed,19,10,2026-02-06,2026-03-01
TASK_01566,Configure CI/CD pipeline,Documentation,High,Charlie,In Progress,10,0,2026-07-04,2026-07-06
TASK_01567,Implement chatbot,Testing,High,David,Pending,9,0,2026-04-21,2026-05-16
TASK_01568,Develop analytics dashboard,Frontend,Low,Frank,Pending,8,1,2026-02-05,2026-02-11
TASK_01569,Build admin panel,Documentation,Critical,Charlie,Completed,3,3,2026-04-20,2026-05-09
TASK_01570,Develop user profile page,DevOps,Low,Alice,On Hold,7,5,2026-03-28,2026-04-23
TASK_01571,Fix responsive layout,Documentation,Medium,Emma,Completed,4,4,2026-06-27,2026-07-13
TASK_01572,Design dashboard UI,Frontend,Low,Alice,On Hold,6,2,2026-07-08,2026-08-03
TASK_01573,Update project documentation,Database,Low,Charlie,Completed,8,5,2026-06-23,2026-07-01
TASK_01574,Develop user profile page,DevOps,Critical,David,In Progress,6,6,2026-02-14,2026-02-17
TASK_01575,Improve application performance,Security,High,Emma,Completed,19,14,2026-06-13,2026-06-23
TASK_01576,Create REST API,DevOps,High,Henry,Completed,2,2,2026-05-26,2026-06-01
TASK_01577,Improve application performance,Bug,High,Alice,Completed,20,1,2026-04-23,2026-04-26
TASK_01578,Create REST API,Testing,Critical,Bob,Pending,17,4,2026-06-02,2026-06-08
TASK_01579,Write unit tests,Backend,High,Alice,In Progress,10,6,2026-03-05,2026-04-01
TASK_01580,Develop analytics dashboard,Bug,Medium,Charlie,On Hold,15,9,2026-06-03,2026-06-13
TASK_01581,Write unit tests,Testing,Low,Bob,Completed,2,1,2026-03-30,2026-04-14
TASK_01582,Fix responsive layout,Documentation,Medium,Frank,In Progress,16,15,2026-05-19,2026-05-26
TASK_01583,Develop user profile page,Feature,High,Alice,In Progress,10,7,2026-03-04,2026-03-07
TASK_01584,Refactor backend code,Bug,Critical,Frank,On Hold,11,0,2026-03-29,2026-04-15
TASK_01585,Design dashboard UI,Backend,Low,Charlie,Pending,5,0,2026-05-03,2026-05-31
TASK_01586,Build admin panel,Bug,Medium,Bob,Pending,13,12,2026-05-21,2026-06-05
TASK_01587,Create REST API,DevOps,Critical,Grace,On Hold,19,10,2026-04-18,2026-05-13
TASK_01588,Build admin panel,Bug,Medium,Emma,On Hold,15,5,2026-06-30,2026-07-08
TASK_01589,Configure CI/CD pipeline,Feature,Critical,Alice,Pending,18,15,2026-02-11,2026-02-27
TASK_01590,Fix responsive layout,Security,Medium,Emma,Completed,5,1,2026-03-30,2026-04-22
TASK_01591,Fix login authentication bug,Testing,Medium,Bob,On Hold,8,0,2026-04-16,2026-04-23
TASK_01592,Configure CI/CD pipeline,Security,High,Alice,In Progress,12,5,2026-06-03,2026-06-05
TASK_01593,Configure CI/CD pipeline,Bug,Low,Alice,Pending,6,0,2026-06-16,2026-06-21
TASK_01594,Build admin panel,Database,Low,David,Pending,14,5,2026-05-27,2026-06-21
TASK_01595,Update project documentation,Feature,Low,Henry,Pending,16,8,2026-03-14,2026-03-22
TASK_01596,Build admin panel,UI/UX,Low,Emma,On Hold,19,2,2026-02-15,2026-03-07
TASK_01597,Integrate email notifications,Feature,Low,Charlie,In Progress,7,4,2026-03-06,2026-03-27
TASK_01598,Add search functionality,Testing,Critical,David,Pending,7,3,2026-07-20,2026-08-06
TASK_01599,Create reports module,Bug,High,Charlie,In Progress,2,0,2026-05-11,2026-05-27
TASK_01600,Refactor backend code,Security,Medium,Charlie,In Progress,19,7,2026-03-01,2026-03-03
TASK_01601,Improve application performance,Backend,Critical,Grace,On Hold,16,8,2026-02-21,2026-03-08
TASK_01602,Optimize SQL queries,DevOps,Medium,Alice,In Progress,17,9,2026-06-25,2026-07-12
TASK_01603,Implement chatbot,Database,High,David,On Hold,17,2,2026-02-17,2026-02-19
TASK_01604,Build admin panel,Security,Medium,Emma,On Hold,20,13,2026-07-12,2026-08-09
TASK_01605,Fix responsive layout,Testing,High,Emma,Pending,4,2,2026-06-19,2026-07-13
TASK_01606,Implement chatbot,Documentation,Low,David,In Progress,19,15,2026-07-08,2026-07-31
TASK_01607,Design dashboard UI,Bug,Critical,Charlie,Completed,11,7,2026-03-11,2026-04-07
TASK_01608,Refactor backend code,Frontend,Low,Charlie,Pending,9,9,2026-05-13,2026-06-01
TASK_01609,Add search functionality,Frontend,High,Henry,In Progress,8,8,2026-04-02,2026-04-27
TASK_01610,Write unit tests,Security,High,Bob,In Progress,8,4,2026-02-06,2026-03-06
TASK_01611,Create REST API,Backend,High,Bob,Completed,1,0,2026-04-22,2026-05-18
TASK_01612,Configure CI/CD pipeline,Documentation,High,Charlie,Pending,8,6,2026-02-10,2026-03-09
TASK_01613,Develop analytics dashboard,DevOps,Critical,Grace,Completed,1,0,2026-07-24,2026-08-17
TASK_01614,Refactor backend code,Database,High,Frank,Pending,11,9,2026-05-28,2026-06-05
TASK_01615,Create REST API,Database,Critical,Henry,Completed,13,11,2026-02-23,2026-03-23
TASK_01616,Configure CI/CD pipeline,Testing,High,Grace,Pending,16,0,2026-06-25,2026-07-01
TASK_01617,Optimize SQL queries,Database,Critical,Grace,On Hold,7,3,2026-03-21,2026-03-26
TASK_01618,Deploy application,Bug,High,David,On Hold,3,0,2026-03-24,2026-04-13
TASK_01619,Develop analytics dashboard,Security,High,Frank,On Hold,14,6,2026-07-01,2026-07-19
TASK_01620,Write unit tests,Backend,High,Bob,In Progress,9,0,2026-05-12,2026-05-17
TASK_01621,Refactor backend code,Documentation,High,Bob,On Hold,7,5,2026-02-06,2026-02-23
TASK_01622,Improve application performance,Backend,Low,Emma,Pending,18,10,2026-02-27,2026-03-27
TASK_01623,Create REST API,Frontend,Critical,Grace,Completed,15,8,2026-02-14,2026-03-06
TASK_01624,Fix responsive layout,DevOps,Critical,Alice,Completed,6,2,2026-06-27,2026-07-19
TASK_01625,Improve application performance,Frontend,Medium,David,In Progress,4,4,2026-07-04,2026-07-27
TASK_01626,Fix login authentication bug,Security,Medium,Charlie,Pending,14,13,2026-06-11,2026-07-03
TASK_01627,Create REST API,Bug,High,Alice,On Hold,13,12,2026-07-21,2026-08-15
TASK_01628,Deploy application,Testing,Medium,Charlie,On Hold,15,15,2026-06-23,2026-07-19
TASK_01629,Optimize SQL queries,DevOps,Critical,Alice,Pending,14,1,2026-06-28,2026-07-02
TASK_01630,Fix login authentication bug,Database,Critical,Alice,On Hold,2,2,2026-03-01,2026-03-27
TASK_01631,Add search functionality,Frontend,Medium,Grace,Completed,12,1,2026-02-01,2026-02-27
TASK_01632,Build admin panel,Security,Medium,Alice,On Hold,6,2,2026-03-02,2026-03-20
TASK_01633,Deploy application,DevOps,Low,Alice,Completed,14,3,2026-02-10,2026-02-12
TASK_01634,Implement chatbot,DevOps,Low,Bob,Pending,20,8,2026-05-06,2026-05-18
TASK_01635,Optimize SQL queries,Database,High,Charlie,On Hold,18,2,2026-07-09,2026-07-14
TASK_01636,Implement payment gateway,Database,High,Grace,Completed,18,15,2026-07-01,2026-07-10
TASK_01637,Improve application performance,Documentation,Low,Bob,In Progress,13,13,2026-04-01,2026-04-30
TASK_01638,Deploy application,Feature,Medium,Grace,Pending,15,1,2026-07-15,2026-07-31
TASK_01639,Create REST API,Testing,Low,Grace,Completed,19,0,2026-06-25,2026-07-02
TASK_01640,Deploy application,Feature,Medium,Alice,Completed,12,5,2026-05-10,2026-05-21
TASK_01641,Develop user profile page,Testing,Critical,Alice,Pending,16,1,2026-06-28,2026-07-02
TASK_01642,Update project documentation,Feature,Critical,Frank,In Progress,13,5,2026-04-25,2026-05-22
TASK_01643,Deploy application,Database,High,Charlie,On Hold,19,0,2026-06-23,2026-06-29
TASK_01644,Implement chatbot,Backend,High,Charlie,On Hold,13,11,2026-04-16,2026-04-26
TASK_01645,Fix responsive layout,Feature,Medium,Henry,Pending,11,1,2026-07-04,2026-07-27
TASK_01646,Create REST API,Feature,Medium,Charlie,On Hold,6,4,2026-05-25,2026-06-14
TASK_01647,Fix login authentication bug,Frontend,Critical,David,On Hold,12,8,2026-05-29,2026-06-17
TASK_01648,Optimize SQL queries,Frontend,Critical,Grace,Completed,16,14,2026-02-16,2026-03-04
TASK_01649,Create reports module,Bug,Medium,Bob,Pending,4,1,2026-02-04,2026-02-06
TASK_01650,Add search functionality,Frontend,Low,Grace,In Progress,14,6,2026-04-08,2026-05-04
TASK_01651,Fix login authentication bug,Security,Medium,Charlie,In Progress,9,1,2026-06-09,2026-06-21
TASK_01652,Build admin panel,Security,Critical,Charlie,Pending,16,3,2026-02-12,2026-03-12
TASK_01653,Implement chatbot,Backend,Medium,Henry,On Hold,9,0,2026-01-28,2026-02-17
TASK_01654,Fix login authentication bug,Bug,Medium,Henry,On Hold,14,5,2026-01-31,2026-02-08
TASK_01655,Optimize SQL queries,Backend,Medium,Emma,In Progress,13,13,2026-02-15,2026-02-25
TASK_01656,Write unit tests,Feature,Critical,Charlie,Pending,17,17,2026-02-06,2026-03-03
TASK_01657,Create REST API,Backend,High,Emma,On Hold,14,7,2026-07-16,2026-07-25
TASK_01658,Refactor backend code,Testing,Low,Emma,Completed,9,9,2026-06-02,2026-06-09
TASK_01659,Fix login authentication bug,Database,Critical,Alice,Completed,8,7,2026-06-05,2026-06-18
TASK_01660,Refactor backend code,Database,Medium,Frank,Pending,10,5,2026-06-07,2026-07-05
TASK_01661,Deploy application,Frontend,High,Bob,On Hold,18,0,2026-04-24,2026-05-07
TASK_01662,Create REST API,Backend,Medium,Grace,On Hold,2,2,2026-07-21,2026-07-24
TASK_01663,Update project documentation,Frontend,High,Henry,Completed,2,2,2026-04-02,2026-04-10
TASK_01664,Fix responsive layout,Testing,Critical,Frank,Pending,17,10,2026-05-04,2026-05-28
TASK_01665,Create REST API,Security,High,Frank,Pending,16,3,2026-04-12,2026-05-05
TASK_01666,Implement dark mode,Testing,Critical,David,Pending,14,1,2026-06-04,2026-06-13
TASK_01667,Create REST API,Frontend,Critical,Grace,Pending,9,9,2026-07-02,2026-07-29
TASK_01668,Create REST API,DevOps,Critical,Alice,In Progress,14,4,2026-07-24,2026-07-31
TASK_01669,Design dashboard UI,Bug,Medium,Alice,In Progress,2,1,2026-06-06,2026-06-24
TASK_01670,Design dashboard UI,Backend,Medium,Alice,On Hold,15,11,2026-02-16,2026-03-07
TASK_01671,Configure CI/CD pipeline,Testing,Critical,Charlie,Pending,15,12,2026-05-30,2026-06-27
TASK_01672,Create reports module,Database,Critical,Grace,In Progress,8,7,2026-02-26,2026-03-28
TASK_01673,Implement dark mode,UI/UX,Critical,Frank,Completed,15,9,2026-06-09,2026-06-15
TASK_01674,Optimize SQL queries,DevOps,Critical,Alice,Completed,5,4,2026-05-08,2026-05-25
TASK_01675,Fix responsive layout,Frontend,Medium,Emma,Completed,1,1,2026-03-19,2026-04-06
TASK_01676,Build admin panel,Frontend,Medium,Frank,Completed,7,4,2026-02-09,2026-02-20
TASK_01677,Write unit tests,Bug,Medium,Henry,Completed,7,1,2026-07-11,2026-07-20
TASK_01678,Integrate email notifications,Testing,Critical,Grace,On Hold,6,1,2026-06-19,2026-07-01
TASK_01679,Fix login authentication bug,Frontend,Critical,Henry,On Hold,15,3,2026-04-04,2026-04-27
TASK_01680,Fix login authentication bug,Database,Critical,Alice,Completed,10,2,2026-06-03,2026-06-29
TASK_01681,Fix login authentication bug,Documentation,Medium,Frank,Pending,8,5,2026-03-17,2026-04-01
TASK_01682,Implement payment gateway,Feature,High,Grace,In Progress,8,2,2026-06-16,2026-06-23
TASK_01683,Write unit tests,Feature,Low,Grace,Pending,7,2,2026-01-31,2026-02-06
TASK_01684,Refactor backend code,UI/UX,Low,Frank,On Hold,11,1,2026-07-25,2026-07-29
TASK_01685,Add search functionality,Testing,Critical,Emma,Completed,14,1,2026-05-14,2026-06-10
TASK_01686,Add search functionality,Database,Critical,Grace,Pending,7,3,2026-07-11,2026-07-14
TASK_01687,Improve application performance,Testing,High,Charlie,Pending,2,1,2026-02-10,2026-02-24
TASK_01688,Integrate email notifications,Testing,High,Grace,Pending,19,9,2026-01-30,2026-03-01
TASK_01689,Create reports module,Security,Low,Grace,On Hold,17,2,2026-04-28,2026-05-12
TASK_01690,Configure CI/CD pipeline,Database,Critical,Grace,On Hold,1,0,2026-05-31,2026-06-04
TASK_01691,Write unit tests,Frontend,Low,David,On Hold,17,10,2026-04-10,2026-05-05
TASK_01692,Build admin panel,Bug,Medium,David,Completed,3,0,2026-05-18,2026-06-05
TASK_01693,Implement payment gateway,Documentation,High,Henry,Pending,13,13,2026-05-01,2026-05-24
TASK_01694,Deploy application,Documentation,Critical,Henry,Pending,19,14,2026-04-30,2026-05-03
TASK_01695,Create reports module,Security,Critical,Alice,Pending,20,5,2026-05-22,2026-06-02
TASK_01696,Optimize SQL queries,Frontend,High,Bob,In Progress,18,8,2026-07-18,2026-08-13
TASK_01697,Deploy application,Testing,Medium,Frank,In Progress,11,4,2026-05-23,2026-06-01
TASK_01698,Create reports module,Feature,Critical,Alice,Pending,9,4,2026-05-29,2026-06-16
TASK_01699,Add search functionality,UI/UX,Medium,Bob,In Progress,8,2,2026-02-09,2026-03-09
TASK_01700,Create reports module,Documentation,High,Bob,Completed,10,7,2026-05-03,2026-05-16
TASK_01701,Improve application performance,UI/UX,Medium,Alice,Completed,13,2,2026-05-04,2026-05-16
TASK_01702,Implement payment gateway,Feature,Low,Emma,On Hold,19,2,2026-06-17,2026-06-20
TASK_01703,Deploy application,Backend,Medium,Henry,In Progress,14,11,2026-07-16,2026-07-22
TASK_01704,Refactor backend code,Testing,Low,Frank,Pending,11,0,2026-02-10,2026-02-16
TASK_01705,Create reports module,Testing,Critical,David,On Hold,9,3,2026-03-05,2026-03-18
TASK_01706,Develop analytics dashboard,UI/UX,Medium,Bob,Completed,10,6,2026-04-09,2026-04-13
TASK_01707,Develop user profile page,UI/UX,Critical,Grace,In Progress,3,0,2026-04-30,2026-05-25
TASK_01708,Add search functionality,UI/UX,Medium,Frank,On Hold,6,4,2026-06-17,2026-07-10
TASK_01709,Create reports module,DevOps,Medium,Charlie,Pending,7,2,2026-04-19,2026-05-09
TASK_01710,Develop analytics dashboard,Database,Critical,Emma,On Hold,19,0,2026-02-24,2026-03-03
TASK_01711,Deploy application,Testing,Low,Alice,On Hold,6,6,2026-07-25,2026-08-02
TASK_01712,Integrate email notifications,DevOps,Low,Henry,On Hold,11,1,2026-05-29,2026-06-14
TASK_01713,Update project documentation,Documentation,Medium,Alice,Completed,16,10,2026-02-09,2026-02-15
TASK_01714,Integrate email notifications,Frontend,High,Frank,Pending,18,6,2026-01-31,2026-02-08
TASK_01715,Implement payment gateway,Bug,Medium,David,Pending,3,1,2026-05-10,2026-05-25
TASK_01716,Integrate email notifications,Database,Low,Emma,In Progress,7,7,2026-06-29,2026-07-26
TASK_01717,Implement payment gateway,DevOps,High,Bob,Completed,11,11,2026-03-23,2026-04-16
TASK_01718,Implement payment gateway,Feature,Critical,Emma,Pending,16,3,2026-07-24,2026-08-22
TASK_01719,Update project documentation,Database,Low,Bob,On Hold,15,1,2026-07-07,2026-08-01
TASK_01720,Create reports module,DevOps,Low,David,On Hold,4,3,2026-05-12,2026-05-28
TASK_01721,Create reports module,UI/UX,Critical,Frank,Pending,18,8,2026-04-24,2026-05-05
TASK_01722,Develop analytics dashboard,Backend,Medium,Frank,Pending,2,0,2026-02-14,2026-03-12
TASK_01723,Design dashboard UI,Frontend,Critical,Bob,In Progress,7,6,2026-03-05,2026-03-27
TASK_01724,Add search functionality,Documentation,High,Alice,On Hold,18,15,2026-05-11,2026-06-03
TASK_01725,Create reports module,Frontend,Critical,Emma,In Progress,14,9,2026-04-09,2026-04-17
TASK_01726,Refactor backend code,Database,Medium,Alice,In Progress,1,0,2026-02-19,2026-02-26
TASK_01727,Create reports module,Security,Critical,Frank,Pending,5,5,2026-03-15,2026-03-17
TASK_01728,Fix responsive layout,Testing,Medium,Bob,Pending,2,2,2026-04-24,2026-05-09
TASK_01729,Implement chatbot,Bug,Low,Charlie,Completed,17,7,2026-03-30,2026-04-10
TASK_01730,Write unit tests,UI/UX,Medium,Emma,On Hold,7,4,2026-07-18,2026-07-28
TASK_01731,Configure CI/CD pipeline,UI/UX,High,Emma,Pending,10,9,2026-02-09,2026-02-25
TASK_01732,Integrate email notifications,Database,Low,David,Pending,20,7,2026-07-21,2026-08-20
TASK_01733,Implement dark mode,Database,Medium,Alice,In Progress,17,7,2026-02-12,2026-02-19
TASK_01734,Implement chatbot,Security,Low,Alice,Completed,19,1,2026-07-11,2026-07-16
TASK_01735,Build admin panel,Security,Low,Emma,On Hold,10,2,2026-06-17,2026-07-03
TASK_01736,Develop user profile page,Frontend,High,Charlie,On Hold,19,10,2026-03-13,2026-03-21
TASK_01737,Build admin panel,Bug,Critical,Henry,In Progress,9,9,2026-05-10,2026-05-30
TASK_01738,Build admin panel,UI/UX,Medium,Bob,In Progress,20,10,2026-01-30,2026-02-05
TASK_01739,Update project documentation,Frontend,Critical,Emma,On Hold,13,6,2026-03-23,2026-04-06
TASK_01740,Implement chatbot,UI/UX,Low,David,On Hold,1,1,2026-04-27,2026-05-10
TASK_01741,Configure CI/CD pipeline,Bug,High,Emma,On Hold,6,1,2026-04-13,2026-04-15
TASK_01742,Design dashboard UI,DevOps,High,Charlie,Completed,12,9,2026-02-23,2026-03-17
TASK_01743,Implement dark mode,DevOps,Low,Charlie,In Progress,8,3,2026-02-04,2026-02-17
TASK_01744,Implement chatbot,Bug,High,Emma,On Hold,6,6,2026-02-22,2026-03-13
TASK_01745,Improve application performance,Testing,High,Grace,Pending,15,3,2026-06-16,2026-06-18
TASK_01746,Deploy application,DevOps,Medium,Emma,In Progress,7,4,2026-06-24,2026-07-08
TASK_01747,Refactor backend code,Feature,Low,Emma,On Hold,10,2,2026-03-31,2026-04-10
TASK_01748,Add search functionality,UI/UX,Low,Grace,On Hold,13,0,2026-06-24,2026-07-04
TASK_01749,Deploy application,Testing,Low,Frank,On Hold,20,6,2026-05-06,2026-05-21
TASK_01750,Develop user profile page,Frontend,Low,Frank,In Progress,10,9,2026-03-01,2026-03-31
TASK_01751,Implement chatbot,UI/UX,Medium,Frank,Completed,11,8,2026-07-04,2026-07-06
TASK_01752,Update project documentation,Security,High,Frank,Pending,17,5,2026-06-13,2026-07-06
TASK_01753,Write unit tests,Bug,Medium,David,On Hold,6,6,2026-03-10,2026-03-27
TASK_01754,Design dashboard UI,DevOps,Medium,David,Pending,6,4,2026-05-12,2026-05-19
TASK_01755,Design dashboard UI,Security,High,Frank,Pending,13,6,2026-07-08,2026-08-05
TASK_01756,Optimize SQL queries,DevOps,High,Frank,Completed,17,4,2026-03-03,2026-03-30
TASK_01757,Build admin panel,Database,Low,Frank,On Hold,15,9,2026-04-29,2026-05-17
TASK_01758,Implement chatbot,Frontend,Critical,Charlie,In Progress,6,0,2026-07-15,2026-07-18
TASK_01759,Add search functionality,Documentation,Low,Charlie,In Progress,15,4,2026-04-12,2026-04-26
TASK_01760,Develop user profile page,Feature,Medium,David,On Hold,8,2,2026-07-14,2026-07-17
TASK_01761,Create REST API,Testing,Medium,Frank,Completed,3,3,2026-06-26,2026-07-01
TASK_01762,Build admin panel,Feature,Critical,Frank,In Progress,9,9,2026-04-27,2026-05-24
TASK_01763,Create REST API,Bug,Critical,Alice,On Hold,20,12,2026-06-22,2026-06-30
TASK_01764,Design dashboard UI,DevOps,Critical,Emma,On Hold,14,4,2026-06-29,2026-07-19
TASK_01765,Refactor backend code,Testing,Critical,Charlie,Pending,7,3,2026-02-22,2026-03-18
TASK_01766,Develop user profile page,Database,High,Bob,Completed,6,2,2026-04-26,2026-05-07
TASK_01767,Create REST API,Security,Medium,Bob,Completed,4,4,2026-04-04,2026-04-09
TASK_01768,Implement dark mode,Bug,Medium,Charlie,In Progress,1,1,2026-07-22,2026-08-03
TASK_01769,Fix login authentication bug,Feature,Critical,Henry,On Hold,8,3,2026-04-11,2026-05-10
TASK_01770,Implement chatbot,Database,Critical,Frank,On Hold,12,2,2026-03-05,2026-03-31
TASK_01771,Integrate email notifications,Frontend,Low,Frank,Pending,9,3,2026-03-26,2026-03-30
TASK_01772,Integrate email notifications,Feature,Medium,Grace,In Progress,9,0,2026-05-01,2026-05-21
TASK_01773,Implement payment gateway,Testing,Medium,Emma,Completed,1,0,2026-02-04,2026-03-04
TASK_01774,Update project documentation,Documentation,Medium,Charlie,Pending,7,7,2026-06-11,2026-07-10
TASK_01775,Create reports module,Frontend,Critical,David,In Progress,18,18,2026-06-04,2026-07-02
TASK_01776,Deploy application,Frontend,High,Alice,Pending,13,7,2026-04-14,2026-04-23
TASK_01777,Develop analytics dashboard,Feature,Critical,Charlie,In Progress,1,1,2026-03-14,2026-03-20
TASK_01778,Create REST API,Security,Critical,Alice,In Progress,1,0,2026-07-17,2026-08-01
TASK_01779,Build admin panel,Documentation,Medium,Emma,On Hold,12,4,2026-06-19,2026-06-25
TASK_01780,Implement chatbot,UI/UX,High,Grace,Completed,16,2,2026-03-22,2026-04-07
TASK_01781,Design dashboard UI,DevOps,Low,Henry,Completed,4,1,2026-03-18,2026-04-15
TASK_01782,Update project documentation,UI/UX,Critical,Charlie,Pending,2,0,2026-06-21,2026-06-26
TASK_01783,Update project documentation,Feature,Low,Charlie,In Progress,17,17,2026-03-01,2026-03-21
TASK_01784,Add search functionality,Security,Critical,Frank,Pending,10,7,2026-04-14,2026-04-19
TASK_01785,Deploy application,UI/UX,Critical,Charlie,On Hold,5,2,2026-04-26,2026-05-05
TASK_01786,Implement payment gateway,Testing,Low,Henry,Completed,17,2,2026-02-04,2026-02-13
TASK_01787,Create reports module,Security,Medium,Frank,In Progress,18,18,2026-02-09,2026-03-09
TASK_01788,Build admin panel,Documentation,Critical,Grace,Pending,5,5,2026-06-01,2026-06-11
TASK_01789,Add search functionality,UI/UX,High,Emma,On Hold,14,0,2026-04-20,2026-05-11
TASK_01790,Refactor backend code,Frontend,Low,Grace,In Progress,18,12,2026-05-13,2026-06-07
TASK_01791,Create REST API,DevOps,Low,Grace,In Progress,2,2,2026-06-16,2026-07-10
TASK_01792,Implement dark mode,Feature,Low,Bob,Pending,18,13,2026-07-16,2026-07-23
TASK_01793,Configure CI/CD pipeline,Database,Critical,Grace,In Progress,1,0,2026-04-28,2026-05-19
TASK_01794,Refactor backend code,UI/UX,Low,David,Completed,18,15,2026-05-21,2026-06-11
TASK_01795,Create REST API,Database,Critical,Bob,In Progress,9,8,2026-05-02,2026-05-06
TASK_01796,Configure CI/CD pipeline,UI/UX,Low,Emma,Pending,20,2,2026-02-02,2026-03-03
TASK_01797,Fix responsive layout,DevOps,Critical,Frank,Completed,9,7,2026-03-27,2026-04-02
TASK_01798,Fix responsive layout,Database,High,Grace,In Progress,10,4,2026-02-12,2026-02-23
TASK_01799,Design dashboard UI,Documentation,High,Henry,In Progress,1,0,2026-05-14,2026-05-27
TASK_01800,Write unit tests,Backend,Medium,Alice,Completed,3,3,2026-03-24,2026-04-08
TASK_01801,Integrate email notifications,Security,High,Charlie,Completed,11,6,2026-07-04,2026-07-21
TASK_01802,Improve application performance,Backend,High,Henry,On Hold,15,13,2026-04-08,2026-04-22
TASK_01803,Improve application performance,Backend,Low,Bob,Completed,5,3,2026-07-06,2026-08-04
TASK_01804,Deploy application,Testing,Low,Henry,On Hold,8,7,2026-04-27,2026-05-02
TASK_01805,Add search functionality,Testing,Low,Henry,Completed,11,4,2026-06-04,2026-06-12
TASK_01806,Refactor backend code,Testing,Critical,Frank,Completed,7,2,2026-06-23,2026-07-17
TASK_01807,Implement payment gateway,UI/UX,Low,David,On Hold,16,4,2026-07-23,2026-07-26
TASK_01808,Develop user profile page,Database,Low,Frank,Completed,1,1,2026-03-06,2026-03-28
TASK_01809,Implement dark mode,Documentation,Medium,Grace,Completed,19,9,2026-07-16,2026-07-22
TASK_01810,Update project documentation,Frontend,Critical,Bob,Completed,4,2,2026-07-18,2026-07-31
TASK_01811,Optimize SQL queries,Bug,High,Grace,In Progress,7,5,2026-02-08,2026-02-21
TASK_01812,Refactor backend code,Database,High,Frank,Completed,19,13,2026-04-10,2026-04-24
TASK_01813,Implement payment gateway,Bug,Critical,Emma,Pending,20,5,2026-06-14,2026-07-14
TASK_01814,Create reports module,Testing,Low,David,Completed,2,2,2026-02-17,2026-03-10
TASK_01815,Implement dark mode,Security,Low,Alice,On Hold,17,2,2026-04-08,2026-04-22
TASK_01816,Deploy application,Testing,Medium,Frank,Pending,20,11,2026-06-17,2026-06-21
TASK_01817,Implement chatbot,DevOps,High,Bob,In Progress,8,1,2026-04-17,2026-05-03
TASK_01818,Create REST API,Testing,High,Alice,In Progress,19,10,2026-06-20,2026-07-14
TASK_01819,Create REST API,Backend,Critical,Grace,On Hold,12,4,2026-06-24,2026-07-14
TASK_01820,Optimize SQL queries,Security,Medium,Henry,Pending,8,4,2026-06-28,2026-07-10
TASK_01821,Create reports module,Testing,Critical,Henry,Pending,10,4,2026-02-11,2026-03-02
TASK_01822,Update project documentation,DevOps,Low,Bob,Completed,1,1,2026-04-06,2026-04-30
TASK_01823,Update project documentation,Testing,Critical,Frank,Completed,20,2,2026-02-06,2026-02-15
TASK_01824,Write unit tests,Database,Critical,Henry,In Progress,8,8,2026-03-26,2026-04-19
TASK_01825,Write unit tests,Security,Medium,Grace,Pending,17,0,2026-03-27,2026-04-11
TASK_01826,Implement chatbot,UI/UX,Critical,Frank,On Hold,5,0,2026-03-21,2026-03-27
TASK_01827,Implement chatbot,Frontend,High,David,Pending,20,20,2026-06-14,2026-06-18
TASK_01828,Configure CI/CD pipeline,Testing,High,Frank,On Hold,13,2,2026-02-03,2026-02-11
TASK_01829,Design dashboard UI,Testing,High,Emma,On Hold,4,1,2026-02-07,2026-03-08
TASK_01830,Deploy application,Security,Low,Charlie,In Progress,6,4,2026-05-05,2026-05-21
TASK_01831,Design dashboard UI,Backend,High,Henry,Completed,2,0,2026-06-23,2026-06-26
TASK_01832,Fix responsive layout,Security,Medium,David,Pending,20,8,2026-05-08,2026-05-16
TASK_01833,Add search functionality,Testing,Low,Grace,Completed,6,2,2026-06-06,2026-06-21
TASK_01834,Develop analytics dashboard,Bug,Low,Henry,In Progress,6,2,2026-04-03,2026-05-02
TASK_01835,Deploy application,Testing,Medium,David,Pending,4,0,2026-06-16,2026-06-21
TASK_01836,Create REST API,DevOps,Critical,Frank,Completed,12,11,2026-06-14,2026-06-16
TASK_01837,Implement chatbot,Feature,Medium,Grace,Completed,6,3,2026-04-23,2026-05-18
TASK_01838,Create REST API,UI/UX,Low,David,In Progress,12,7,2026-06-06,2026-06-15
TASK_01839,Develop analytics dashboard,Security,Critical,Grace,On Hold,19,0,2026-07-13,2026-07-18
TASK_01840,Optimize SQL queries,Feature,Medium,Henry,Completed,20,19,2026-06-18,2026-07-04
TASK_01841,Develop analytics dashboard,Testing,High,Charlie,Completed,8,0,2026-04-07,2026-05-06
TASK_01842,Create REST API,Testing,Low,Emma,Completed,14,5,2026-06-24,2026-07-08
TASK_01843,Build admin panel,Security,Critical,Frank,Completed,2,0,2026-06-08,2026-06-30
TASK_01844,Create reports module,UI/UX,Medium,Emma,Pending,4,1,2026-07-09,2026-07-19
TASK_01845,Configure CI/CD pipeline,Security,High,Bob,Completed,14,2,2026-06-26,2026-07-10
TASK_01846,Update project documentation,Frontend,High,Bob,Completed,19,19,2026-07-18,2026-08-15
TASK_01847,Deploy application,Documentation,Critical,Emma,Pending,4,2,2026-02-08,2026-03-07
TASK_01848,Create REST API,DevOps,Medium,David,On Hold,11,9,2026-04-17,2026-05-06
TASK_01849,Create REST API,DevOps,High,Alice,In Progress,4,4,2026-02-17,2026-02-28
TASK_01850,Fix login authentication bug,Database,High,Emma,On Hold,18,17,2026-06-23,2026-06-30
TASK_01851,Create REST API,Security,Medium,Charlie,On Hold,18,8,2026-05-03,2026-05-22
TASK_01852,Implement chatbot,Backend,Low,Charlie,Pending,1,1,2026-05-22,2026-06-03
TASK_01853,Create REST API,Security,Low,Henry,Pending,3,1,2026-06-12,2026-06-17
TASK_01854,Improve application performance,UI/UX,Medium,Grace,On Hold,6,0,2026-06-09,2026-06-21
TASK_01855,Build admin panel,Bug,High,David,Completed,5,0,2026-06-05,2026-06-15
TASK_01856,Create REST API,Frontend,High,Frank,Completed,18,4,2026-06-09,2026-07-07
TASK_01857,Optimize SQL queries,Backend,Critical,Henry,In Progress,19,18,2026-03-07,2026-04-04
TASK_01858,Implement chatbot,Documentation,Low,Grace,Pending,12,7,2026-03-11,2026-03-20
TASK_01859,Create reports module,Documentation,Critical,Grace,Pending,12,8,2026-02-19,2026-03-21
TASK_01860,Implement dark mode,Security,Medium,Charlie,Pending,16,12,2026-07-04,2026-07-30
TASK_01861,Implement chatbot,DevOps,Low,Charlie,On Hold,3,2,2026-02-06,2026-02-28
TASK_01862,Fix responsive layout,Backend,Low,Alice,On Hold,1,0,2026-03-17,2026-03-29
TASK_01863,Create reports module,Backend,Low,Emma,Completed,10,0,2026-06-27,2026-07-13
TASK_01864,Integrate email notifications,DevOps,High,Alice,On Hold,6,2,2026-06-29,2026-07-17
TASK_01865,Deploy application,Bug,Medium,Grace,Completed,13,8,2026-06-05,2026-06-18
TASK_01866,Write unit tests,UI/UX,High,Grace,On Hold,14,0,2026-05-26,2026-06-18
TASK_01867,Update project documentation,Security,Low,David,Pending,10,5,2026-07-13,2026-07-15
TASK_01868,Build admin panel,Backend,Medium,Henry,On Hold,19,17,2026-07-05,2026-07-23
TASK_01869,Configure CI/CD pipeline,Feature,Critical,Charlie,Pending,15,9,2026-04-30,2026-05-26
TASK_01870,Add search functionality,Documentation,Low,Emma,On Hold,4,4,2026-07-01,2026-07-16
TASK_01871,Update project documentation,Security,Medium,Frank,Pending,15,3,2026-03-26,2026-03-31
TASK_01872,Fix responsive layout,Bug,Low,Frank,Completed,20,4,2026-04-24,2026-05-02
TASK_01873,Develop analytics dashboard,Security,Medium,Henry,Pending,1,1,2026-05-23,2026-05-28
TASK_01874,Update project documentation,Bug,Low,Alice,On Hold,10,10,2026-02-04,2026-02-13
TASK_01875,Integrate email notifications,Documentation,Critical,Henry,In Progress,11,8,2026-05-08,2026-05-17
TASK_01876,Fix responsive layout,UI/UX,Medium,Frank,Completed,10,5,2026-07-10,2026-07-23
TASK_01877,Implement payment gateway,Bug,High,Bob,In Progress,19,13,2026-04-29,2026-05-11
TASK_01878,Update project documentation,DevOps,Critical,Henry,On Hold,7,1,2026-05-05,2026-05-24
TASK_01879,Create reports module,Testing,High,Henry,Completed,20,18,2026-05-26,2026-06-02
TASK_01880,Create reports module,Security,Low,Emma,Pending,3,2,2026-03-01,2026-03-29
TASK_01881,Write unit tests,Security,Critical,Emma,Pending,17,12,2026-06-04,2026-06-25
TASK_01882,Implement chatbot,Database,Critical,Alice,Pending,11,2,2026-03-07,2026-04-03
TASK_01883,Fix login authentication bug,UI/UX,High,David,Pending,20,16,2026-05-06,2026-06-05
TASK_01884,Write unit tests,Frontend,Low,David,Completed,9,6,2026-04-11,2026-04-17
TASK_01885,Improve application performance,Testing,Low,Bob,On Hold,11,0,2026-07-10,2026-07-29
TASK_01886,Develop user profile page,Feature,Low,David,Completed,3,3,2026-04-18,2026-04-23
TASK_01887,Update project documentation,UI/UX,High,Emma,In Progress,13,9,2026-03-08,2026-03-26
TASK_01888,Write unit tests,Feature,Critical,Alice,Pending,17,0,2026-03-26,2026-04-14
TASK_01889,Optimize SQL queries,Testing,Low,Grace,On Hold,2,1,2026-06-11,2026-06-25
TASK_01890,Develop user profile page,Security,Medium,Henry,Completed,14,13,2026-04-11,2026-04-26
TASK_01891,Fix login authentication bug,Documentation,Low,Emma,On Hold,13,8,2026-05-10,2026-06-03
TASK_01892,Fix login authentication bug,DevOps,High,Charlie,In Progress,8,4,2026-02-22,2026-03-05
TASK_01893,Integrate email notifications,Database,Low,Grace,In Progress,16,16,2026-06-11,2026-06-18
TASK_01894,Implement payment gateway,Documentation,Medium,David,In Progress,1,0,2026-05-25,2026-06-10
TASK_01895,Fix responsive layout,Feature,Critical,Bob,Pending,18,11,2026-02-09,2026-02-17
TASK_01896,Develop analytics dashboard,Security,Medium,Frank,Pending,16,10,2026-02-20,2026-03-12
TASK_01897,Fix responsive layout,Frontend,Low,Frank,Pending,1,0,2026-02-19,2026-03-18
TASK_01898,Develop user profile page,Security,Low,Henry,In Progress,20,2,2026-06-24,2026-07-21
TASK_01899,Develop user profile page,Bug,High,Frank,Pending,13,4,2026-03-27,2026-04-17
TASK_01900,Integrate email notifications,Security,High,Grace,Pending,14,13,2026-07-03,2026-07-18
TASK_01901,Develop user profile page,Documentation,High,Charlie,Pending,8,4,2026-02-22,2026-02-25
TASK_01902,Fix responsive layout,Database,Medium,David,On Hold,6,4,2026-01-30,2026-02-15
TASK_01903,Integrate email notifications,DevOps,Critical,Bob,In Progress,16,6,2026-02-23,2026-03-10
TASK_01904,Configure CI/CD pipeline,Bug,Medium,Grace,In Progress,19,18,2026-07-20,2026-08-06
TASK_01905,Integrate email notifications,Frontend,Critical,Emma,Completed,14,10,2026-01-29,2026-02-23
TASK_01906,Create REST API,DevOps,Medium,Grace,Pending,19,18,2026-07-11,2026-08-04
TASK_01907,Integrate email notifications,Documentation,Critical,Grace,On Hold,3,2,2026-07-25,2026-08-21
TASK_01908,Optimize SQL queries,UI/UX,Critical,Emma,Pending,5,3,2026-03-21,2026-03-28
TASK_01909,Implement payment gateway,Bug,Medium,Charlie,On Hold,16,11,2026-03-27,2026-04-03
TASK_01910,Design dashboard UI,Documentation,Medium,Charlie,Completed,6,5,2026-03-22,2026-03-26
TASK_01911,Update project documentation,Backend,Critical,Frank,Pending,1,0,2026-02-05,2026-03-07
TASK_01912,Design dashboard UI,UI/UX,High,Henry,Pending,1,1,2026-05-06,2026-05-15
TASK_01913,Improve application performance,Security,Low,Alice,On Hold,4,3,2026-03-06,2026-03-17
TASK_01914,Design dashboard UI,Backend,High,Charlie,Pending,2,1,2026-02-26,2026-03-22
TASK_01915,Improve application performance,UI/UX,High,Emma,On Hold,10,5,2026-06-23,2026-06-28
TASK_01916,Improve application performance,DevOps,Low,David,Completed,12,8,2026-06-19,2026-07-15
TASK_01917,Develop user profile page,Feature,Critical,David,On Hold,10,4,2026-01-28,2026-02-09
TASK_01918,Implement chatbot,Testing,Critical,Grace,Completed,14,2,2026-02-16,2026-02-26
TASK_01919,Update project documentation,Backend,Low,Emma,Completed,15,7,2026-04-25,2026-05-15
TASK_01920,Implement dark mode,Testing,Low,Alice,In Progress,13,9,2026-05-29,2026-06-22
TASK_01921,Refactor backend code,Bug,Low,Henry,In Progress,20,7,2026-07-04,2026-08-01
TASK_01922,Deploy application,Database,Critical,Frank,Completed,15,0,2026-06-04,2026-06-21
TASK_01923,Configure CI/CD pipeline,Bug,Critical,Alice,On Hold,1,0,2026-03-10,2026-04-05
TASK_01924,Develop analytics dashboard,Testing,Low,Emma,Completed,17,5,2026-02-21,2026-03-06
TASK_01925,Build admin panel,Database,Medium,Emma,Pending,11,9,2026-02-02,2026-02-24
TASK_01926,Implement dark mode,Frontend,High,Charlie,Completed,20,17,2026-02-25,2026-03-23
TASK_01927,Develop user profile page,Testing,Medium,Alice,In Progress,20,15,2026-06-17,2026-06-24
TASK_01928,Integrate email notifications,UI/UX,Low,Charlie,In Progress,17,16,2026-04-27,2026-05-19
TASK_01929,Develop analytics dashboard,Database,High,Charlie,Pending,7,6,2026-06-07,2026-06-15
TASK_01930,Write unit tests,UI/UX,Medium,Frank,In Progress,8,1,2026-04-15,2026-05-12
TASK_01931,Add search functionality,Bug,Critical,Emma,In Progress,19,11,2026-05-14,2026-05-21
TASK_01932,Create REST API,DevOps,Low,Charlie,Pending,3,1,2026-02-07,2026-02-27
TASK_01933,Implement dark mode,UI/UX,High,Henry,Pending,19,19,2026-07-22,2026-08-08
TASK_01934,Deploy application,Frontend,Critical,Emma,On Hold,13,10,2026-07-16,2026-07-24
TASK_01935,Update project documentation,DevOps,Low,Charlie,Pending,18,16,2026-07-18,2026-08-07
TASK_01936,Improve application performance,Frontend,High,Charlie,Pending,14,8,2026-07-09,2026-07-28
TASK_01937,Deploy application,Testing,Medium,Bob,In Progress,9,2,2026-07-09,2026-07-26
TASK_01938,Improve application performance,Security,Medium,David,In Progress,12,9,2026-05-03,2026-05-15
TASK_01939,Fix login authentication bug,Testing,Low,David,Pending,17,10,2026-07-12,2026-07-31
TASK_01940,Improve application performance,Database,Critical,Emma,Completed,18,8,2026-02-06,2026-02-26
TASK_01941,Develop user profile page,DevOps,Medium,Henry,Pending,13,12,2026-06-22,2026-07-10
TASK_01942,Improve application performance,Frontend,Low,Grace,On Hold,20,9,2026-02-20,2026-02-28
TASK_01943,Create REST API,Database,Medium,Alice,Completed,19,11,2026-07-19,2026-07-31
TASK_01944,Write unit tests,Security,High,Frank,Pending,8,2,2026-03-16,2026-04-15
TASK_01945,Improve application performance,Frontend,High,Alice,On Hold,13,6,2026-07-16,2026-07-21
TASK_01946,Create reports module,Bug,Critical,Emma,On Hold,11,10,2026-03-08,2026-04-03
TASK_01947,Create REST API,Feature,Medium,Charlie,Pending,1,1,2026-07-09,2026-07-19
TASK_01948,Add search functionality,Feature,Low,Frank,Pending,18,10,2026-02-13,2026-03-03
TASK_01949,Fix responsive layout,Bug,Low,Henry,On Hold,13,8,2026-05-01,2026-05-24
TASK_01950,Fix login authentication bug,UI/UX,Low,Frank,Pending,3,0,2026-04-15,2026-04-19
TASK_01951,Create reports module,DevOps,Medium,David,Pending,19,11,2026-06-15,2026-07-08
TASK_01952,Integrate email notifications,DevOps,Low,Alice,Pending,12,9,2026-07-20,2026-08-11
TASK_01953,Integrate email notifications,DevOps,Critical,Alice,Pending,7,2,2026-05-21,2026-05-23
TASK_01954,Build admin panel,Testing,High,David,Pending,10,5,2026-03-15,2026-03-20
TASK_01955,Write unit tests,Security,High,David,In Progress,7,6,2026-02-01,2026-02-20
TASK_01956,Develop analytics dashboard,UI/UX,Medium,Emma,In Progress,16,4,2026-05-21,2026-06-01
TASK_01957,Fix responsive layout,Testing,Critical,Emma,On Hold,8,2,2026-03-31,2026-04-15
TASK_01958,Create REST API,Backend,Medium,Henry,On Hold,6,4,2026-05-11,2026-06-01
TASK_01959,Implement payment gateway,Feature,High,Frank,On Hold,14,12,2026-04-22,2026-04-26
TASK_01960,Develop analytics dashboard,DevOps,Critical,Grace,Completed,18,1,2026-04-22,2026-05-15
TASK_01961,Implement payment gateway,Bug,Low,Alice,On Hold,3,0,2026-05-19,2026-06-12
TASK_01962,Implement payment gateway,DevOps,Medium,David,On Hold,8,3,2026-03-13,2026-04-10
TASK_01963,Deploy application,DevOps,High,David,Pending,19,8,2026-04-09,2026-05-01
TASK_01964,Implement payment gateway,Backend,Critical,Bob,In Progress,8,1,2026-07-16,2026-07-25
TASK_01965,Optimize SQL queries,UI/UX,Critical,Grace,Completed,13,8,2026-07-11,2026-07-22
TASK_01966,Deploy application,Frontend,Low,Emma,On Hold,20,1,2026-02-20,2026-03-04
TASK_01967,Create REST API,DevOps,Medium,Emma,Completed,5,3,2026-05-27,2026-06-21
TASK_01968,Implement chatbot,Documentation,Medium,Charlie,Pending,11,6,2026-04-25,2026-05-24
TASK_01969,Write unit tests,Backend,Medium,Bob,On Hold,6,3,2026-03-30,2026-04-16
TASK_01970,Build admin panel,Frontend,Critical,Frank,On Hold,5,2,2026-01-28,2026-02-07
TASK_01971,Create REST API,Backend,Critical,Charlie,Completed,14,6,2026-02-05,2026-02-27
TASK_01972,Create REST API,DevOps,Medium,Charlie,Pending,8,1,2026-07-09,2026-07-27
TASK_01973,Optimize SQL queries,Frontend,Critical,Emma,Pending,7,7,2026-05-01,2026-05-22
TASK_01974,Create reports module,Testing,Critical,Frank,On Hold,16,14,2026-03-28,2026-04-23
TASK_01975,Integrate email notifications,DevOps,Low,Frank,Completed,20,14,2026-05-24,2026-06-22
TASK_01976,Build admin panel,Backend,Medium,Bob,Completed,6,3,2026-05-20,2026-06-10
TASK_01977,Develop user profile page,Security,High,Alice,Pending,7,4,2026-04-04,2026-04-23
TASK_01978,Design dashboard UI,Database,Medium,Emma,Completed,20,15,2026-06-14,2026-07-09
TASK_01979,Create REST API,Security,Critical,Grace,Completed,20,16,2026-03-11,2026-03-17
TASK_01980,Configure CI/CD pipeline,Testing,Low,Emma,Pending,19,15,2026-06-20,2026-06-29
TASK_01981,Implement chatbot,DevOps,Medium,Frank,In Progress,4,3,2026-05-16,2026-06-12
TASK_01982,Design dashboard UI,Backend,Medium,Alice,Completed,3,2,2026-02-02,2026-03-02
TASK_01983,Develop analytics dashboard,DevOps,High,Alice,Pending,7,6,2026-02-16,2026-03-17
TASK_01984,Fix login authentication bug,Feature,Medium,Bob,Pending,18,5,2026-03-27,2026-04-12
TASK_01985,Implement chatbot,Feature,Low,Bob,In Progress,15,1,2026-05-04,2026-05-27
TASK_01986,Fix responsive layout,Bug,Low,Bob,Completed,16,11,2026-05-18,2026-05-30
TASK_01987,Create REST API,Database,Low,Charlie,On Hold,4,3,2026-04-29,2026-05-19
TASK_01988,Design dashboard UI,Documentation,Low,Alice,Pending,11,7,2026-02-26,2026-03-16
TASK_01989,Integrate email notifications,Backend,Medium,Grace,In Progress,2,0,2026-06-28,2026-07-23
TASK_01990,Fix login authentication bug,Security,Critical,Bob,In Progress,1,0,2026-03-26,2026-04-05
TASK_01991,Design dashboard UI,DevOps,Medium,Alice,Completed,5,2,2026-03-27,2026-04-04
TASK_01992,Refactor backend code,Backend,Critical,Bob,In Progress,3,3,2026-04-25,2026-05-03
TASK_01993,Create REST API,DevOps,Medium,Grace,Pending,12,9,2026-04-15,2026-05-06
TASK_01994,Deploy application,Database,Critical,Grace,Completed,19,2,2026-05-09,2026-06-05
TASK_01995,Refactor backend code,Backend,Critical,Alice,On Hold,6,6,2026-06-09,2026-06-14
TASK_01996,Create reports module,UI/UX,Critical,Bob,Pending,19,2,2026-06-16,2026-07-08
TASK_01997,Build admin panel,UI/UX,High,Charlie,In Progress,19,8,2026-03-17,2026-03-31
TASK_01998,Create REST API,Documentation,Medium,Charlie,Pending,8,4,2026-03-05,2026-03-24
TASK_01999,Implement dark mode,UI/UX,Medium,Charlie,Pending,7,3,2026-04-16,2026-05-16
TASK_02000,Configure CI/CD pipeline,UI/UX,Low,Alice,On Hold,10,9,2026-03-09,2026-03-21
TASK_02001,Develop user profile page,DevOps,High,Grace,Completed,12,5,2026-04-08,2026-04-24
TASK_02002,Optimize SQL queries,Database,Critical,Charlie,In Progress,10,9,2026-07-17,2026-07-22
TASK_02003,Update project documentation,Documentation,Low,Alice,In Progress,7,7,2026-03-06,2026-04-01
TASK_02004,Integrate email notifications,Testing,Medium,Bob,In Progress,6,5,2026-02-07,2026-02-12
TASK_02005,Update project documentation,DevOps,High,Emma,In Progress,2,0,2026-05-28,2026-06-20
TASK_02006,Integrate email notifications,Feature,Critical,Grace,Pending,13,0,2026-05-21,2026-05-27
TASK_02007,Develop analytics dashboard,Frontend,Critical,David,On Hold,16,8,2026-03-07,2026-03-14
TASK_02008,Develop analytics dashboard,Bug,High,Bob,Pending,5,1,2026-03-21,2026-04-09
TASK_02009,Implement dark mode,Database,Low,Alice,On Hold,2,2,2026-05-21,2026-06-12
TASK_02010,Refactor backend code,Testing,Medium,Bob,On Hold,7,7,2026-07-05,2026-08-04
TASK_02011,Optimize SQL queries,Security,Medium,David,On Hold,15,10,2026-07-02,2026-07-06
TASK_02012,Design dashboard UI,Testing,Medium,Alice,Pending,5,3,2026-07-19,2026-08-07
TASK_02013,Develop analytics dashboard,Documentation,High,Alice,Pending,19,9,2026-05-13,2026-05-19
TASK_02014,Write unit tests,Database,Critical,Bob,In Progress,16,1,2026-06-19,2026-06-27
TASK_02015,Update project documentation,Documentation,Critical,David,In Progress,19,17,2026-07-03,2026-07-08
TASK_02016,Deploy application,Bug,Medium,Grace,Completed,14,14,2026-07-09,2026-07-14
TASK_02017,Refactor backend code,Feature,Low,Frank,Completed,13,10,2026-01-31,2026-02-20
TASK_02018,Deploy application,Frontend,High,Alice,Pending,11,8,2026-05-13,2026-06-01
TASK_02019,Create REST API,Database,Critical,David,In Progress,18,16,2026-05-19,2026-06-01
TASK_02020,Implement chatbot,Database,Medium,Alice,Completed,17,4,2026-07-06,2026-07-08
TASK_02021,Implement payment gateway,DevOps,Medium,Henry,On Hold,19,15,2026-04-06,2026-04-14
TASK_02022,Refactor backend code,Database,Low,Charlie,On Hold,4,3,2026-04-12,2026-04-27
TASK_02023,Build admin panel,Security,Medium,Emma,On Hold,15,9,2026-02-01,2026-02-13
TASK_02024,Update project documentation,DevOps,Critical,Bob,In Progress,14,0,2026-06-13,2026-06-22
TASK_02025,Configure CI/CD pipeline,Feature,Medium,Emma,On Hold,18,8,2026-04-29,2026-05-06
TASK_02026,Update project documentation,Frontend,Low,Bob,Pending,9,4,2026-04-05,2026-04-30
TASK_02027,Refactor backend code,Frontend,Critical,David,Pending,7,2,2026-06-30,2026-07-30
TASK_02028,Create reports module,Bug,High,Henry,Pending,12,7,2026-05-03,2026-05-15
TASK_02029,Optimize SQL queries,Database,Critical,David,Completed,12,9,2026-07-25,2026-08-22
TASK_02030,Refactor backend code,Documentation,Medium,David,On Hold,7,5,2026-07-03,2026-07-21
TASK_02031,Optimize SQL queries,Frontend,High,David,In Progress,13,0,2026-02-20,2026-03-01
TASK_02032,Update project documentation,Backend,Critical,Henry,In Progress,2,2,2026-04-02,2026-04-28
TASK_02033,Add search functionality,UI/UX,Low,Henry,In Progress,8,1,2026-03-22,2026-04-03
TASK_02034,Create REST API,Backend,Low,Grace,Pending,1,0,2026-04-28,2026-05-20
TASK_02035,Implement chatbot,Feature,Medium,Charlie,In Progress,9,7,2026-06-28,2026-07-27
TASK_02036,Integrate email notifications,Frontend,High,David,In Progress,4,2,2026-02-16,2026-03-09
TASK_02037,Update project documentation,Database,High,Charlie,On Hold,14,8,2026-06-21,2026-07-07
TASK_02038,Integrate email notifications,Frontend,High,Bob,On Hold,15,14,2026-02-08,2026-03-09
TASK_02039,Build admin panel,Feature,Medium,Frank,In Progress,9,7,2026-03-23,2026-04-17
TASK_02040,Implement dark mode,Frontend,Critical,Frank,On Hold,15,14,2026-03-22,2026-03-31
TASK_02041,Improve application performance,Bug,High,Bob,In Progress,10,8,2026-06-09,2026-07-03
TASK_02042,Implement dark mode,DevOps,High,Bob,On Hold,3,0,2026-07-19,2026-07-27
TASK_02043,Fix login authentication bug,DevOps,Low,Grace,On Hold,12,11,2026-06-20,2026-07-11
TASK_02044,Fix responsive layout,Database,Critical,David,On Hold,9,2,2026-07-02,2026-07-21
TASK_02045,Design dashboard UI,Documentation,High,Grace,In Progress,2,1,2026-07-18,2026-07-22
TASK_02046,Create reports module,Bug,High,Alice,On Hold,1,1,2026-05-12,2026-05-27
TASK_02047,Integrate email notifications,Bug,High,Charlie,Pending,13,1,2026-05-29,2026-06-24
TASK_02048,Design dashboard UI,Frontend,High,Alice,Pending,1,0,2026-03-15,2026-04-14
TASK_02049,Create reports module,UI/UX,Critical,David,On Hold,7,5,2026-05-26,2026-05-28
TASK_02050,Optimize SQL queries,UI/UX,Low,Grace,Pending,6,2,2026-03-10,2026-03-18
TASK_02051,Develop user profile page,Documentation,Critical,David,Pending,5,5,2026-03-07,2026-03-15
TASK_02052,Implement dark mode,Feature,High,David,Completed,16,9,2026-02-14,2026-03-08
TASK_02053,Improve application performance,Testing,Medium,Grace,In Progress,7,7,2026-03-15,2026-04-13
TASK_02054,Optimize SQL queries,Feature,Critical,Bob,In Progress,6,3,2026-06-13,2026-06-25
TASK_02055,Configure CI/CD pipeline,Bug,Medium,Grace,Completed,2,0,2026-07-24,2026-08-17
TASK_02056,Refactor backend code,Bug,High,Charlie,On Hold,18,7,2026-03-05,2026-03-14
TASK_02057,Add search functionality,DevOps,Critical,Charlie,Completed,15,3,2026-02-20,2026-03-13
TASK_02058,Configure CI/CD pipeline,Bug,Medium,Frank,Completed,20,12,2026-07-04,2026-07-23
TASK_02059,Create REST API,Feature,High,Emma,Completed,14,0,2026-02-06,2026-02-16
TASK_02060,Design dashboard UI,Feature,Medium,Charlie,In Progress,17,4,2026-06-15,2026-06-26
TASK_02061,Implement payment gateway,Testing,Low,Frank,On Hold,13,12,2026-03-07,2026-03-29
TASK_02062,Implement payment gateway,Feature,High,Charlie,Completed,12,12,2026-07-06,2026-07-20
TASK_02063,Add search functionality,Security,Low,Henry,Completed,4,2,2026-04-26,2026-05-12
TASK_02064,Deploy application,Frontend,Low,Frank,On Hold,17,10,2026-06-30,2026-07-12
TASK_02065,Fix login authentication bug,Feature,Critical,Charlie,Completed,7,3,2026-05-21,2026-06-03
TASK_02066,Create REST API,Backend,Critical,Frank,Completed,1,0,2026-02-18,2026-02-28
TASK_02067,Create reports module,Security,High,Grace,In Progress,6,4,2026-02-03,2026-02-05
TASK_02068,Implement payment gateway,Documentation,Medium,Grace,Completed,1,1,2026-06-20,2026-06-24
TASK_02069,Create REST API,UI/UX,Critical,Bob,Completed,20,11,2026-03-20,2026-04-03
TASK_02070,Design dashboard UI,Documentation,Critical,Emma,On Hold,9,3,2026-02-04,2026-03-05
TASK_02071,Improve application performance,Feature,Critical,Bob,In Progress,17,11,2026-06-29,2026-07-08
TASK_02072,Create REST API,Backend,High,Henry,Pending,16,14,2026-05-28,2026-06-19
TASK_02073,Create REST API,Database,Medium,Frank,In Progress,10,5,2026-04-28,2026-05-25
TASK_02074,Refactor backend code,Bug,Medium,Grace,Completed,15,12,2026-03-27,2026-04-13
TASK_02075,Refactor backend code,Frontend,Medium,Henry,In Progress,8,7,2026-05-20,2026-05-26
TASK_02076,Deploy application,Bug,High,David,Pending,7,5,2026-07-12,2026-07-24
TASK_02077,Write unit tests,DevOps,High,Bob,In Progress,6,4,2026-06-08,2026-07-02
TASK_02078,Update project documentation,Frontend,Medium,Bob,Pending,13,13,2026-04-24,2026-05-03
TASK_02079,Develop analytics dashboard,Backend,Critical,Emma,On Hold,4,3,2026-04-30,2026-05-22
TASK_02080,Develop analytics dashboard,Backend,High,Bob,Completed,17,9,2026-03-24,2026-04-23
TASK_02081,Develop user profile page,UI/UX,Low,Alice,Completed,14,2,2026-04-28,2026-05-16
TASK_02082,Develop user profile page,DevOps,Critical,David,Completed,2,2,2026-01-31,2026-02-20
TASK_02083,Update project documentation,Feature,Low,David,In Progress,11,5,2026-06-01,2026-06-11
TASK_02084,Update project documentation,Feature,Medium,Emma,Pending,7,3,2026-02-26,2026-03-14
TASK_02085,Write unit tests,Bug,Low,Emma,On Hold,2,2,2026-06-20,2026-07-16
TASK_02086,Write unit tests,Feature,High,Emma,In Progress,8,3,2026-05-22,2026-06-19
TASK_02087,Implement chatbot,Frontend,Critical,Frank,Completed,5,0,2026-06-24,2026-07-12
TASK_02088,Add search functionality,Bug,Medium,Grace,Completed,12,5,2026-03-05,2026-03-12
TASK_02089,Fix login authentication bug,Security,High,Grace,Pending,16,4,2026-02-01,2026-02-25
TASK_02090,Develop analytics dashboard,Backend,Low,Henry,On Hold,11,3,2026-05-09,2026-05-15
TASK_02091,Design dashboard UI,Backend,Medium,Frank,Pending,20,11,2026-06-13,2026-06-29
TASK_02092,Create REST API,Testing,High,Charlie,Completed,20,13,2026-06-04,2026-06-27
TASK_02093,Optimize SQL queries,Feature,Low,Emma,On Hold,4,3,2026-03-31,2026-04-13
TASK_02094,Fix responsive layout,Backend,Critical,Emma,Completed,10,1,2026-04-03,2026-04-10
TASK_02095,Improve application performance,Feature,Low,Bob,Pending,5,4,2026-01-31,2026-02-12
TASK_02096,Create reports module,Database,Critical,Alice,In Progress,15,9,2026-02-13,2026-03-15
TASK_02097,Deploy application,Backend,High,Grace,On Hold,12,12,2026-07-23,2026-08-13
TASK_02098,Design dashboard UI,Bug,High,Frank,Pending,8,0,2026-04-06,2026-05-02
TASK_02099,Write unit tests,DevOps,High,David,Pending,19,6,2026-02-27,2026-03-29
TASK_02100,Design dashboard UI,Feature,Low,Frank,Pending,15,5,2026-05-12,2026-05-15
TASK_02101,Implement payment gateway,Feature,Critical,Frank,On Hold,19,18,2026-04-20,2026-05-14
TASK_02102,Implement chatbot,Testing,Critical,Charlie,Completed,12,8,2026-06-17,2026-06-30
TASK_02103,Integrate email notifications,Database,Critical,David,In Progress,11,8,2026-03-24,2026-04-19
TASK_02104,Build admin panel,Database,Low,Alice,Completed,10,9,2026-04-11,2026-05-01
TASK_02105,Deploy application,DevOps,Medium,Emma,Completed,12,2,2026-02-17,2026-03-04
TASK_02106,Write unit tests,Testing,Low,Henry,In Progress,2,1,2026-06-26,2026-07-24
TASK_02107,Design dashboard UI,Security,Critical,Frank,Pending,18,10,2026-07-11,2026-07-17
TASK_02108,Fix login authentication bug,UI/UX,High,Frank,Completed,1,0,2026-04-01,2026-04-13
TASK_02109,Improve application performance,Bug,Critical,Bob,On Hold,18,1,2026-04-19,2026-05-11
TASK_02110,Add search functionality,Documentation,Medium,Alice,Completed,16,16,2026-07-13,2026-08-04
TASK_02111,Update project documentation,Bug,Low,Grace,On Hold,5,4,2026-07-16,2026-08-02
TASK_02112,Implement chatbot,Backend,Low,Charlie,In Progress,13,11,2026-06-29,2026-07-15
TASK_02113,Develop user profile page,Bug,Critical,David,Pending,7,0,2026-02-11,2026-02-19
TASK_02114,Build admin panel,Documentation,Low,Grace,Pending,4,1,2026-02-02,2026-02-04
TASK_02115,Improve application performance,UI/UX,High,Frank,On Hold,13,10,2026-02-19,2026-03-01
TASK_02116,Fix responsive layout,Feature,High,Henry,Completed,1,0,2026-02-15,2026-03-11
TASK_02117,Implement payment gateway,DevOps,Critical,Emma,Pending,17,9,2026-02-14,2026-02-20
TASK_02118,Integrate email notifications,Bug,Critical,Emma,In Progress,9,2,2026-05-30,2026-06-04
TASK_02119,Design dashboard UI,Documentation,Critical,Henry,On Hold,9,5,2026-06-16,2026-07-09
TASK_02120,Implement payment gateway,Backend,Medium,Charlie,Pending,11,1,2026-05-12,2026-05-14
TASK_02121,Integrate email notifications,Backend,Low,Frank,Completed,11,2,2026-03-13,2026-03-18
TASK_02122,Configure CI/CD pipeline,Bug,Low,David,On Hold,20,8,2026-05-23,2026-06-18
TASK_02123,Add search functionality,Bug,High,Emma,In Progress,9,8,2026-02-13,2026-03-10
TASK_02124,Add search functionality,Backend,Low,David,On Hold,19,15,2026-06-13,2026-07-07
TASK_02125,Refactor backend code,DevOps,High,Henry,Pending,16,3,2026-06-01,2026-06-27
TASK_02126,Develop analytics dashboard,Testing,Low,Alice,On Hold,14,0,2026-03-08,2026-03-20
TASK_02127,Fix login authentication bug,Feature,High,Grace,In Progress,7,1,2026-04-03,2026-04-15
TASK_02128,Deploy application,UI/UX,Medium,David,Completed,11,5,2026-04-13,2026-05-11
TASK_02129,Optimize SQL queries,DevOps,Medium,Emma,Completed,1,1,2026-06-15,2026-07-08
TASK_02130,Implement payment gateway,Frontend,Critical,Henry,Pending,6,3,2026-07-07,2026-08-01
TASK_02131,Add search functionality,Documentation,High,Alice,Pending,17,3,2026-06-25,2026-07-10
TASK_02132,Add search functionality,Database,Low,Emma,On Hold,20,15,2026-07-25,2026-07-28
TASK_02133,Integrate email notifications,UI/UX,High,Charlie,Completed,3,2,2026-07-11,2026-08-10
TASK_02134,Develop user profile page,DevOps,Medium,David,On Hold,3,3,2026-06-03,2026-06-07
TASK_02135,Write unit tests,Bug,High,David,Completed,13,0,2026-03-17,2026-04-02
TASK_02136,Create reports module,Testing,High,Grace,Pending,20,16,2026-02-17,2026-03-02
TASK_02137,Add search functionality,DevOps,High,Alice,In Progress,6,2,2026-07-06,2026-07-20
TASK_02138,Improve application performance,Testing,High,Frank,In Progress,17,9,2026-06-11,2026-06-20
TASK_02139,Fix responsive layout,Backend,Critical,Henry,Pending,7,4,2026-06-04,2026-06-09
TASK_02140,Develop user profile page,Security,High,David,On Hold,17,12,2026-02-26,2026-03-24
TASK_02141,Update project documentation,Security,High,David,Pending,20,17,2026-05-13,2026-06-11
TASK_02142,Fix login authentication bug,Database,Critical,Frank,In Progress,20,8,2026-03-21,2026-04-17
TASK_02143,Implement chatbot,Backend,High,Henry,In Progress,16,12,2026-06-27,2026-07-04
TASK_02144,Configure CI/CD pipeline,Documentation,Low,Bob,Completed,8,4,2026-06-18,2026-07-01
TASK_02145,Implement chatbot,DevOps,Low,David,On Hold,4,4,2026-03-23,2026-04-11
TASK_02146,Fix responsive layout,Bug,Critical,Emma,In Progress,11,7,2026-03-15,2026-03-22
TASK_02147,Create reports module,Bug,Critical,Charlie,In Progress,11,11,2026-07-06,2026-07-22
TASK_02148,Design dashboard UI,UI/UX,Critical,Alice,Pending,15,3,2026-03-18,2026-04-16
TASK_02149,Create reports module,Testing,Medium,Bob,In Progress,4,2,2026-03-30,2026-04-12
TASK_02150,Implement chatbot,Bug,Medium,David,Pending,20,12,2026-06-21,2026-07-15
TASK_02151,Develop user profile page,Feature,Critical,Henry,Completed,17,4,2026-03-30,2026-04-16
TASK_02152,Develop user profile page,DevOps,Medium,Emma,Completed,11,9,2026-02-23,2026-03-05
TASK_02153,Implement chatbot,Backend,Medium,Frank,Completed,1,0,2026-03-10,2026-03-28
TASK_02154,Design dashboard UI,DevOps,Critical,Alice,Completed,3,3,2026-04-11,2026-04-26
TASK_02155,Implement dark mode,DevOps,High,Bob,On Hold,15,6,2026-02-22,2026-03-04
TASK_02156,Implement dark mode,UI/UX,Medium,Grace,In Progress,17,2,2026-02-07,2026-03-05
TASK_02157,Refactor backend code,Bug,Low,Emma,In Progress,12,3,2026-06-23,2026-07-02
TASK_02158,Fix responsive layout,Feature,Critical,David,Pending,1,0,2026-02-12,2026-03-14
TASK_02159,Deploy application,Bug,Critical,Charlie,Completed,16,13,2026-02-23,2026-03-04
TASK_02160,Refactor backend code,Testing,Medium,Alice,On Hold,3,0,2026-05-13,2026-05-16
TASK_02161,Improve application performance,UI/UX,High,Grace,Pending,17,3,2026-03-13,2026-03-19
TASK_02162,Develop analytics dashboard,Feature,High,Alice,Completed,7,7,2026-07-22,2026-08-02
TASK_02163,Implement chatbot,Feature,Low,Bob,Pending,6,1,2026-01-29,2026-02-10
TASK_02164,Write unit tests,Backend,Low,Charlie,On Hold,7,0,2026-03-30,2026-04-12
TASK_02165,Deploy application,Frontend,High,Grace,On Hold,13,1,2026-01-30,2026-02-10
TASK_02166,Refactor backend code,Documentation,High,Grace,In Progress,11,2,2026-03-23,2026-04-15
TASK_02167,Add search functionality,Bug,High,Emma,In Progress,16,0,2026-05-24,2026-06-01
TASK_02168,Develop user profile page,Testing,Critical,Henry,On Hold,2,1,2026-04-15,2026-05-03
TASK_02169,Write unit tests,Security,High,David,Completed,1,0,2026-07-08,2026-07-17
TASK_02170,Develop analytics dashboard,Feature,Low,Frank,In Progress,6,1,2026-06-11,2026-06-29
TASK_02171,Fix responsive layout,DevOps,Critical,Emma,In Progress,12,11,2026-05-31,2026-06-10
TASK_02172,Fix login authentication bug,Database,Medium,Emma,Pending,3,3,2026-07-26,2026-08-18
TASK_02173,Refactor backend code,Database,Low,Bob,In Progress,11,8,2026-05-10,2026-06-02
TASK_02174,Implement payment gateway,Documentation,Medium,Grace,Pending,11,10,2026-04-18,2026-05-15
TASK_02175,Develop user profile page,UI/UX,Low,Charlie,Pending,7,0,2026-02-27,2026-03-15
TASK_02176,Update project documentation,Backend,Medium,Charlie,Completed,4,4,2026-02-11,2026-02-17
TASK_02177,Deploy application,Frontend,Medium,Frank,Completed,15,9,2026-06-26,2026-06-30
TASK_02178,Implement payment gateway,Frontend,Critical,Frank,Completed,11,0,2026-05-08,2026-05-28
TASK_02179,Implement dark mode,Testing,Critical,Charlie,In Progress,13,7,2026-04-09,2026-04-11
TASK_02180,Add search functionality,Bug,Critical,Henry,Completed,10,1,2026-04-16,2026-04-27
TASK_02181,Configure CI/CD pipeline,Backend,Low,Emma,In Progress,2,1,2026-02-06,2026-02-24
TASK_02182,Fix responsive layout,Testing,Medium,Charlie,In Progress,18,9,2026-04-15,2026-05-14
TASK_02183,Implement dark mode,UI/UX,Critical,Alice,In Progress,19,18,2026-05-04,2026-05-27
TASK_02184,Develop analytics dashboard,Database,High,Frank,On Hold,7,2,2026-06-06,2026-06-30
TASK_02185,Implement dark mode,DevOps,Low,David,In Progress,7,3,2026-07-19,2026-08-16
TASK_02186,Create REST API,Database,Medium,Alice,On Hold,17,16,2026-04-15,2026-04-17
TASK_02187,Fix responsive layout,Backend,High,Grace,On Hold,7,1,2026-03-15,2026-04-08
TASK_02188,Improve application performance,Bug,Low,Bob,On Hold,19,15,2026-04-16,2026-04-27
TASK_02189,Fix responsive layout,Bug,Medium,Grace,Completed,3,3,2026-02-02,2026-02-16
TASK_02190,Refactor backend code,Feature,Critical,Henry,Completed,8,2,2026-06-09,2026-06-11
TASK_02191,Design dashboard UI,Frontend,High,Emma,Pending,12,0,2026-02-06,2026-02-09
TASK_02192,Integrate email notifications,Database,High,Alice,On Hold,8,5,2026-06-02,2026-06-04
TASK_02193,Design dashboard UI,Database,High,Charlie,On Hold,8,3,2026-05-03,2026-05-27
TASK_02194,Fix login authentication bug,Documentation,Medium,Henry,On Hold,5,0,2026-03-18,2026-04-08
TASK_02195,Implement chatbot,Security,Critical,Grace,Pending,10,4,2026-04-02,2026-05-01
TASK_02196,Fix responsive layout,Bug,Critical,Charlie,Pending,5,3,2026-03-13,2026-04-10
TASK_02197,Implement chatbot,Frontend,Critical,Frank,Completed,10,8,2026-02-16,2026-03-18
TASK_02198,Fix login authentication bug,Feature,Critical,Grace,In Progress,7,6,2026-06-18,2026-07-07
TASK_02199,Develop user profile page,Database,High,Henry,In Progress,20,20,2026-07-01,2026-07-04
TASK_02200,Implement payment gateway,Feature,Low,Emma,Pending,4,4,2026-06-27,2026-07-10
TASK_02201,Create REST API,Frontend,Critical,Henry,Completed,8,4,2026-03-11,2026-04-04
TASK_02202,Optimize SQL queries,Bug,Critical,Emma,In Progress,8,3,2026-05-17,2026-06-13
TASK_02203,Optimize SQL queries,Testing,Low,Emma,Pending,18,0,2026-03-04,2026-03-23
TASK_02204,Fix responsive layout,Bug,Low,Charlie,On Hold,16,5,2026-06-09,2026-06-30
TASK_02205,Develop analytics dashboard,Bug,Critical,Frank,On Hold,6,0,2026-03-19,2026-04-03
TASK_02206,Fix responsive layout,Documentation,High,Grace,In Progress,20,14,2026-02-09,2026-02-24
TASK_02207,Create REST API,Security,Critical,Henry,Pending,13,8,2026-05-11,2026-05-23
TASK_02208,Develop user profile page,Security,Critical,Grace,In Progress,3,3,2026-04-08,2026-04-27
TASK_02209,Create reports module,UI/UX,Medium,Alice,Pending,1,0,2026-03-02,2026-03-26
TASK_02210,Develop user profile page,Security,High,Bob,In Progress,18,8,2026-02-13,2026-03-15
TASK_02211,Fix login authentication bug,Documentation,Low,Emma,Completed,20,3,2026-06-21,2026-06-30
TASK_02212,Create reports module,Frontend,Low,Emma,On Hold,15,0,2026-02-09,2026-02-28
TASK_02213,Design dashboard UI,Database,High,Henry,On Hold,20,0,2026-07-11,2026-08-09
TASK_02214,Add search functionality,Bug,High,Henry,Completed,13,12,2026-02-13,2026-03-02
TASK_02215,Design dashboard UI,Bug,High,Henry,Pending,13,6,2026-03-16,2026-04-13
TASK_02216,Fix responsive layout,Database,Critical,Emma,Pending,17,0,2026-07-08,2026-07-28
TASK_02217,Develop user profile page,Feature,Critical,Grace,Completed,17,17,2026-06-09,2026-06-15
TASK_02218,Refactor backend code,UI/UX,High,Frank,Pending,9,7,2026-07-13,2026-08-10
TASK_02219,Build admin panel,DevOps,High,Grace,In Progress,8,5,2026-04-29,2026-05-17
TASK_02220,Create REST API,Frontend,Low,David,Pending,8,5,2026-03-29,2026-04-15
TASK_02221,Build admin panel,Documentation,High,Emma,In Progress,1,0,2026-05-30,2026-06-10
TASK_02222,Implement dark mode,Bug,High,Frank,Pending,10,8,2026-07-09,2026-07-20
TASK_02223,Configure CI/CD pipeline,UI/UX,High,Emma,On Hold,11,7,2026-03-14,2026-03-28
TASK_02224,Add search functionality,UI/UX,High,Alice,In Progress,14,4,2026-03-14,2026-03-18
TASK_02225,Update project documentation,Testing,Critical,Emma,On Hold,10,0,2026-05-31,2026-06-24
TASK_02226,Write unit tests,Security,Low,David,On Hold,13,1,2026-05-12,2026-06-03
TASK_02227,Refactor backend code,Database,High,Grace,On Hold,7,5,2026-04-08,2026-05-06
TASK_02228,Add search functionality,UI/UX,Critical,Grace,In Progress,19,6,2026-04-07,2026-04-20
TASK_02229,Configure CI/CD pipeline,Security,High,Emma,In Progress,19,11,2026-02-24,2026-03-03
TASK_02230,Implement dark mode,Frontend,Critical,Emma,Pending,19,18,2026-04-07,2026-04-23
TASK_02231,Add search functionality,Testing,Low,Bob,Completed,6,6,2026-02-13,2026-03-08
TASK_02232,Integrate email notifications,Security,High,Charlie,Completed,4,0,2026-02-14,2026-02-26
TASK_02233,Develop analytics dashboard,Backend,High,Alice,In Progress,12,3,2026-07-13,2026-07-31
TASK_02234,Implement chatbot,Documentation,Critical,Bob,On Hold,5,0,2026-02-14,2026-03-04
TASK_02235,Develop user profile page,Testing,High,Henry,On Hold,4,4,2026-04-19,2026-04-23
TASK_02236,Write unit tests,Backend,Low,Alice,On Hold,2,2,2026-04-19,2026-04-30
TASK_02237,Create REST API,Bug,Medium,Frank,Completed,20,1,2026-06-17,2026-07-11
TASK_02238,Optimize SQL queries,DevOps,Medium,Emma,In Progress,10,8,2026-05-24,2026-06-17
TASK_02239,Fix login authentication bug,UI/UX,Low,Charlie,Completed,2,0,2026-05-16,2026-06-09
TASK_02240,Implement chatbot,UI/UX,Medium,Emma,On Hold,15,3,2026-04-10,2026-04-15
TASK_02241,Refactor backend code,Feature,Low,Bob,On Hold,3,0,2026-07-15,2026-07-23
TASK_02242,Configure CI/CD pipeline,Backend,High,Henry,In Progress,14,4,2026-05-03,2026-05-16
TASK_02243,Develop analytics dashboard,UI/UX,High,Charlie,On Hold,17,15,2026-06-03,2026-07-03
TASK_02244,Create reports module,UI/UX,Critical,Grace,In Progress,20,10,2026-03-25,2026-04-19
TASK_02245,Fix login authentication bug,Database,Critical,Bob,On Hold,7,7,2026-03-13,2026-03-23
TASK_02246,Develop user profile page,DevOps,High,David,In Progress,14,7,2026-02-12,2026-02-28
TASK_02247,Optimize SQL queries,DevOps,Critical,Henry,On Hold,8,0,2026-03-02,2026-03-12
TASK_02248,Integrate email notifications,Database,Medium,Charlie,On Hold,12,6,2026-06-28,2026-07-15
TASK_02249,Fix login authentication bug,Backend,High,Henry,Pending,16,6,2026-02-28,2026-03-05
TASK_02250,Fix login authentication bug,Frontend,Medium,David,Completed,20,17,2026-03-28,2026-04-18
TASK_02251,Implement payment gateway,UI/UX,Medium,Grace,In Progress,13,9,2026-06-14,2026-06-25
TASK_02252,Improve application performance,UI/UX,Critical,Charlie,Pending,14,6,2026-04-19,2026-05-07
TASK_02253,Integrate email notifications,Frontend,Critical,David,On Hold,19,19,2026-04-13,2026-05-04
TASK_02254,Optimize SQL queries,Documentation,Critical,Frank,In Progress,19,13,2026-05-16,2026-05-25
TASK_02255,Add search functionality,Database,Medium,Emma,Pending,1,0,2026-03-13,2026-03-30
TASK_02256,Implement chatbot,Frontend,High,Henry,Completed,5,5,2026-03-22,2026-04-12
TASK_02257,Implement chatbot,Documentation,Low,David,On Hold,3,3,2026-02-03,2026-02-21
TASK_02258,Develop user profile page,Security,Medium,Emma,In Progress,11,11,2026-03-11,2026-04-02
TASK_02259,Fix responsive layout,Feature,Critical,Frank,On Hold,13,12,2026-06-08,2026-07-07
TASK_02260,Deploy application,Feature,Low,Alice,Pending,8,5,2026-04-07,2026-04-23
TASK_02261,Build admin panel,Feature,Medium,David,On Hold,6,0,2026-04-13,2026-05-07
TASK_02262,Fix login authentication bug,Testing,High,Alice,On Hold,13,4,2026-07-10,2026-07-25
TASK_02263,Design dashboard UI,Testing,Critical,Alice,On Hold,20,2,2026-01-30,2026-03-01
TASK_02264,Improve application performance,Security,High,Frank,On Hold,1,0,2026-06-05,2026-06-17
TASK_02265,Configure CI/CD pipeline,Frontend,High,Charlie,Pending,15,5,2026-04-29,2026-05-18
TASK_02266,Implement dark mode,Testing,Low,David,Completed,7,2,2026-04-30,2026-05-23
TASK_02267,Design dashboard UI,Frontend,Critical,Charlie,Completed,2,1,2026-05-12,2026-06-05
TASK_02268,Build admin panel,UI/UX,Medium,Frank,Pending,2,1,2026-06-19,2026-07-10
TASK_02269,Implement chatbot,Bug,Medium,Charlie,Completed,11,0,2026-03-31,2026-04-21
TASK_02270,Integrate email notifications,Backend,Critical,Bob,In Progress,4,4,2026-07-15,2026-07-31
TASK_02271,Develop analytics dashboard,Bug,Critical,David,On Hold,11,11,2026-06-17,2026-07-01
TASK_02272,Write unit tests,Testing,Critical,Bob,Pending,6,4,2026-02-05,2026-02-16
TASK_02273,Implement chatbot,Frontend,High,Frank,Pending,7,6,2026-06-08,2026-06-18
TASK_02274,Develop user profile page,Security,Medium,Henry,Pending,7,6,2026-02-27,2026-03-23
TASK_02275,Create REST API,DevOps,Medium,Henry,On Hold,18,2,2026-06-20,2026-06-27
TASK_02276,Design dashboard UI,Testing,Medium,Emma,In Progress,16,3,2026-02-28,2026-03-07
TASK_02277,Improve application performance,Security,Critical,Grace,On Hold,10,1,2026-01-28,2026-02-05
TASK_02278,Implement dark mode,Frontend,Medium,Alice,Completed,14,2,2026-05-15,2026-06-11
TASK_02279,Improve application performance,Database,Low,Emma,Pending,2,0,2026-03-20,2026-04-04
TASK_02280,Implement chatbot,Database,Critical,Bob,Completed,8,2,2026-07-22,2026-07-26
TASK_02281,Develop user profile page,Frontend,High,Alice,On Hold,11,6,2026-01-28,2026-02-15
TASK_02282,Develop analytics dashboard,Feature,Medium,Emma,Pending,8,6,2026-03-12,2026-03-24
TASK_02283,Build admin panel,Feature,Medium,David,On Hold,6,4,2026-06-17,2026-07-08
TASK_02284,Build admin panel,Bug,High,Charlie,On Hold,19,5,2026-03-23,2026-03-28
TASK_02285,Improve application performance,Frontend,Critical,Bob,In Progress,9,0,2026-06-23,2026-07-09
TASK_02286,Implement payment gateway,Feature,Low,Frank,Completed,12,11,2026-03-20,2026-03-30
TASK_02287,Build admin panel,Feature,Medium,Frank,Pending,10,1,2026-07-09,2026-07-17
TASK_02288,Write unit tests,Security,Critical,Frank,On Hold,15,2,2026-07-15,2026-07-18
TASK_02289,Build admin panel,Backend,Low,Frank,On Hold,4,2,2026-05-27,2026-06-19
TASK_02290,Write unit tests,Bug,Medium,Grace,Completed,4,3,2026-05-06,2026-05-12
TASK_02291,Improve application performance,Database,Critical,David,In Progress,16,10,2026-07-26,2026-08-05
TASK_02292,Implement chatbot,Documentation,Medium,Emma,On Hold,5,4,2026-06-12,2026-06-19
TASK_02293,Add search functionality,Backend,Critical,Charlie,Completed,8,6,2026-03-25,2026-03-29
TASK_02294,Fix responsive layout,Database,High,David,On Hold,5,0,2026-07-17,2026-08-14
TASK_02295,Fix login authentication bug,UI/UX,Medium,Charlie,Completed,3,0,2026-02-02,2026-02-05
TASK_02296,Update project documentation,DevOps,Critical,Emma,On Hold,12,0,2026-03-07,2026-04-05
TASK_02297,Implement chatbot,Frontend,High,Alice,On Hold,9,2,2026-07-06,2026-07-25
TASK_02298,Update project documentation,Testing,Low,Grace,Completed,1,1,2026-07-03,2026-07-05
TASK_02299,Add search functionality,Feature,Medium,Henry,Pending,9,6,2026-05-20,2026-06-06
TASK_02300,Implement chatbot,Testing,Low,Alice,Pending,9,9,2026-03-22,2026-04-20
TASK_02301,Implement payment gateway,Security,Low,Grace,On Hold,8,7,2026-04-12,2026-05-02
TASK_02302,Update project documentation,Documentation,High,Charlie,Completed,1,0,2026-05-22,2026-06-04
TASK_02303,Design dashboard UI,Frontend,Low,Alice,In Progress,14,7,2026-04-06,2026-04-16
TASK_02304,Integrate email notifications,Documentation,Critical,Charlie,On Hold,15,6,2026-02-16,2026-03-15
TASK_02305,Refactor backend code,Security,Critical,Alice,Pending,19,14,2026-05-03,2026-05-31
TASK_02306,Design dashboard UI,UI/UX,Medium,Henry,In Progress,16,2,2026-04-11,2026-04-19
TASK_02307,Develop user profile page,Feature,High,Frank,Pending,17,12,2026-06-25,2026-07-15
TASK_02308,Develop user profile page,Testing,Critical,Bob,In Progress,20,18,2026-04-26,2026-05-06
TASK_02309,Create REST API,DevOps,Critical,David,Completed,11,2,2026-05-16,2026-06-03
TASK_02310,Fix login authentication bug,Bug,Medium,David,In Progress,2,1,2026-03-09,2026-04-02
TASK_02311,Build admin panel,Feature,Critical,Charlie,On Hold,17,10,2026-05-02,2026-05-31
TASK_02312,Implement dark mode,Documentation,Low,Bob,In Progress,14,5,2026-06-02,2026-06-17
TASK_02313,Develop analytics dashboard,DevOps,High,Charlie,Completed,14,14,2026-04-26,2026-05-22
TASK_02314,Improve application performance,Frontend,Critical,Alice,In Progress,12,11,2026-02-21,2026-02-24
TASK_02315,Fix login authentication bug,Security,Low,Henry,In Progress,20,1,2026-07-08,2026-08-04
TASK_02316,Develop user profile page,Feature,High,Alice,On Hold,2,0,2026-07-20,2026-08-16
TASK_02317,Update project documentation,Documentation,Low,Bob,In Progress,11,1,2026-06-07,2026-06-19
TASK_02318,Fix login authentication bug,DevOps,High,Bob,Pending,12,4,2026-02-21,2026-03-22
TASK_02319,Implement payment gateway,UI/UX,Critical,Alice,Completed,5,1,2026-06-13,2026-07-12
TASK_02320,Design dashboard UI,Feature,High,David,Pending,18,18,2026-01-29,2026-02-10
TASK_02321,Implement payment gateway,Database,Medium,Frank,On Hold,3,0,2026-07-25,2026-08-19
TASK_02322,Integrate email notifications,Testing,Critical,Henry,On Hold,17,1,2026-03-09,2026-03-26
TASK_02323,Design dashboard UI,Backend,Low,Charlie,Pending,12,8,2026-04-21,2026-05-20
TASK_02324,Refactor backend code,Testing,Medium,Bob,Pending,17,8,2026-03-25,2026-04-16
TASK_02325,Refactor backend code,Testing,High,Grace,On Hold,13,13,2026-06-09,2026-07-08
TASK_02326,Integrate email notifications,Frontend,High,Frank,Completed,6,6,2026-03-21,2026-04-13
TASK_02327,Create reports module,Testing,Low,Emma,Completed,9,4,2026-03-18,2026-03-28
TASK_02328,Implement payment gateway,Frontend,Critical,Charlie,Pending,12,5,2026-06-05,2026-06-25
TASK_02329,Create reports module,Feature,Medium,Emma,In Progress,14,14,2026-06-19,2026-06-29
TASK_02330,Develop analytics dashboard,DevOps,Low,Bob,On Hold,4,0,2026-03-25,2026-04-08
TASK_02331,Improve application performance,DevOps,Medium,Frank,In Progress,16,11,2026-05-30,2026-06-16
TASK_02332,Design dashboard UI,Database,Critical,Emma,On Hold,11,5,2026-05-14,2026-05-19
TASK_02333,Write unit tests,Backend,High,Henry,On Hold,19,2,2026-02-18,2026-03-06
TASK_02334,Create REST API,Documentation,Low,Alice,In Progress,15,12,2026-07-26,2026-08-06
TASK_02335,Implement chatbot,Testing,High,Charlie,Pending,17,12,2026-07-24,2026-07-30
TASK_02336,Add search functionality,Frontend,Medium,Charlie,In Progress,11,9,2026-04-10,2026-04-28
TASK_02337,Write unit tests,Security,Medium,Charlie,On Hold,19,6,2026-07-09,2026-07-15
TASK_02338,Optimize SQL queries,Bug,Medium,David,In Progress,19,1,2026-07-18,2026-08-16
TASK_02339,Create reports module,Documentation,Critical,Alice,On Hold,7,2,2026-03-10,2026-03-30
TASK_02340,Build admin panel,Documentation,High,Alice,On Hold,18,17,2026-02-07,2026-02-19
TASK_02341,Develop user profile page,Database,Critical,David,On Hold,15,11,2026-05-14,2026-06-04
TASK_02342,Implement chatbot,Frontend,Medium,Emma,In Progress,14,11,2026-05-11,2026-06-02
TASK_02343,Deploy application,Database,Medium,Emma,Pending,19,18,2026-03-26,2026-04-13
TASK_02344,Improve application performance,Testing,High,Bob,On Hold,4,4,2026-07-26,2026-08-23
TASK_02345,Create REST API,Bug,Critical,Alice,Pending,1,0,2026-06-10,2026-06-27
TASK_02346,Deploy application,UI/UX,Critical,Charlie,In Progress,14,6,2026-04-10,2026-05-07
TASK_02347,Build admin panel,Frontend,Critical,Bob,Pending,8,0,2026-03-03,2026-03-20
TASK_02348,Develop user profile page,DevOps,Critical,David,Pending,7,5,2026-04-28,2026-05-18
TASK_02349,Update project documentation,Documentation,Low,Charlie,On Hold,16,4,2026-07-05,2026-07-20
TASK_02350,Improve application performance,Backend,Medium,Frank,In Progress,5,0,2026-04-21,2026-05-06
TASK_02351,Create REST API,Database,Medium,David,Pending,20,14,2026-04-02,2026-04-23
TASK_02352,Integrate email notifications,Bug,Medium,Henry,Completed,19,7,2026-04-23,2026-05-17
TASK_02353,Deploy application,DevOps,Medium,Frank,On Hold,6,5,2026-06-09,2026-07-07
TASK_02354,Configure CI/CD pipeline,Testing,Critical,Emma,On Hold,17,4,2026-06-17,2026-07-07
TASK_02355,Create REST API,UI/UX,Medium,Grace,Pending,5,0,2026-04-02,2026-04-18
TASK_02356,Deploy application,Backend,High,Bob,In Progress,5,1,2026-06-25,2026-07-12
TASK_02357,Configure CI/CD pipeline,Documentation,Low,Charlie,On Hold,14,7,2026-02-05,2026-02-09
TASK_02358,Create REST API,Frontend,High,Charlie,Completed,5,0,2026-04-29,2026-05-20
TASK_02359,Develop user profile page,Feature,Low,David,In Progress,13,12,2026-03-17,2026-03-19
TASK_02360,Add search functionality,Documentation,High,Frank,In Progress,3,1,2026-05-02,2026-05-26
TASK_02361,Write unit tests,Database,Medium,Bob,Pending,10,0,2026-02-12,2026-02-20
TASK_02362,Implement chatbot,UI/UX,Low,Grace,On Hold,9,8,2026-07-22,2026-08-21
TASK_02363,Add search functionality,Security,Low,David,On Hold,2,0,2026-07-26,2026-08-18
TASK_02364,Create reports module,Frontend,Low,Grace,Completed,11,10,2026-05-26,2026-06-22
TASK_02365,Develop user profile page,Database,High,David,In Progress,12,2,2026-04-07,2026-04-15
TASK_02366,Implement dark mode,Testing,Critical,David,Completed,9,3,2026-02-19,2026-02-24
TASK_02367,Fix login authentication bug,Documentation,Low,Grace,On Hold,15,5,2026-04-20,2026-04-26
TASK_02368,Implement dark mode,Bug,Low,David,Completed,1,0,2026-03-05,2026-03-23
TASK_02369,Configure CI/CD pipeline,DevOps,Critical,Grace,Completed,14,5,2026-06-20,2026-06-26
TASK_02370,Improve application performance,Feature,Critical,David,On Hold,19,16,2026-05-01,2026-05-09
TASK_02371,Add search functionality,Backend,Low,Henry,Completed,1,1,2026-02-11,2026-03-04
TASK_02372,Implement chatbot,DevOps,Medium,Bob,On Hold,13,10,2026-04-21,2026-05-15
TASK_02373,Create REST API,Testing,High,Henry,In Progress,5,2,2026-03-22,2026-04-20
TASK_02374,Optimize SQL queries,Documentation,Medium,Alice,Completed,6,4,2026-04-25,2026-04-29
TASK_02375,Write unit tests,Security,Medium,Emma,Pending,8,7,2026-02-26,2026-03-02
TASK_02376,Build admin panel,UI/UX,High,David,On Hold,20,7,2026-05-20,2026-06-11
TASK_02377,Improve application performance,Database,High,Frank,Completed,12,3,2026-07-07,2026-07-27
TASK_02378,Develop analytics dashboard,Documentation,Medium,Grace,Pending,7,3,2026-07-13,2026-07-23
TASK_02379,Implement payment gateway,Backend,Medium,Henry,Completed,5,5,2026-02-21,2026-03-01
TASK_02380,Improve application performance,Bug,Medium,Frank,Pending,16,16,2026-03-18,2026-04-09
TASK_02381,Develop user profile page,Feature,Low,Charlie,Pending,8,0,2026-02-14,2026-03-03
TASK_02382,Fix responsive layout,Database,Low,Bob,Completed,13,13,2026-05-21,2026-06-16
TASK_02383,Fix login authentication bug,Database,Critical,Emma,In Progress,1,1,2026-04-17,2026-04-19
TASK_02384,Optimize SQL queries,Database,Medium,Alice,In Progress,14,6,2026-05-15,2026-06-13
TASK_02385,Create reports module,Testing,Medium,Frank,On Hold,11,9,2026-05-11,2026-05-17
TASK_02386,Implement dark mode,Feature,Medium,Grace,Pending,1,1,2026-02-26,2026-03-20
TASK_02387,Implement payment gateway,Feature,Critical,Frank,Pending,20,17,2026-04-14,2026-04-24
TASK_02388,Fix login authentication bug,Documentation,High,Charlie,Pending,13,0,2026-07-16,2026-07-22
TASK_02389,Build admin panel,Documentation,High,Alice,Pending,14,7,2026-07-18,2026-07-20
TASK_02390,Deploy application,Frontend,Low,David,Completed,16,14,2026-03-13,2026-04-09
TASK_02391,Fix responsive layout,Frontend,High,Charlie,On Hold,9,4,2026-07-05,2026-08-02
TASK_02392,Deploy application,Security,High,David,Pending,18,11,2026-04-01,2026-05-01
TASK_02393,Develop user profile page,Security,Critical,Henry,Completed,10,8,2026-04-13,2026-05-07
TASK_02394,Implement chatbot,Database,High,Frank,Completed,16,2,2026-05-05,2026-05-30
TASK_02395,Design dashboard UI,Feature,Critical,Charlie,On Hold,16,15,2026-07-06,2026-08-03
TASK_02396,Create REST API,Documentation,Low,David,On Hold,8,0,2026-06-28,2026-07-26
TASK_02397,Create REST API,Backend,Critical,Charlie,Completed,1,1,2026-04-07,2026-04-27
TASK_02398,Design dashboard UI,Database,Critical,Grace,On Hold,6,3,2026-03-25,2026-04-03
TASK_02399,Configure CI/CD pipeline,UI/UX,Medium,Alice,On Hold,1,0,2026-03-25,2026-04-05
TASK_02400,Configure CI/CD pipeline,Testing,Critical,David,Completed,12,1,2026-02-04,2026-02-11
TASK_02401,Create reports module,Backend,Medium,David,In Progress,12,2,2026-05-19,2026-05-25
TASK_02402,Implement dark mode,Backend,High,Frank,On Hold,1,0,2026-06-16,2026-06-27
TASK_02403,Fix responsive layout,UI/UX,Critical,Bob,In Progress,9,4,2026-04-15,2026-05-12
TASK_02404,Fix login authentication bug,Frontend,Low,Charlie,In Progress,11,0,2026-06-13,2026-06-25
TASK_02405,Add search functionality,Security,Low,Bob,In Progress,12,3,2026-02-01,2026-02-23
TASK_02406,Add search functionality,Testing,Low,Bob,In Progress,9,6,2026-06-23,2026-07-13
TASK_02407,Implement payment gateway,DevOps,Low,Emma,Completed,11,11,2026-02-06,2026-02-20
TASK_02408,Improve application performance,Feature,Low,Frank,Pending,19,13,2026-02-11,2026-02-21
TASK_02409,Configure CI/CD pipeline,Testing,Critical,Bob,In Progress,1,0,2026-02-21,2026-03-07
TASK_02410,Configure CI/CD pipeline,Testing,Medium,David,In Progress,17,5,2026-06-18,2026-06-20
TASK_02411,Design dashboard UI,Frontend,High,Henry,On Hold,15,14,2026-06-14,2026-07-11
TASK_02412,Improve application performance,DevOps,Critical,David,In Progress,2,1,2026-06-21,2026-07-20
TASK_02413,Write unit tests,Bug,High,Emma,On Hold,12,8,2026-06-04,2026-06-25
TASK_02414,Refactor backend code,Documentation,High,Frank,Pending,1,0,2026-03-21,2026-03-30
TASK_02415,Configure CI/CD pipeline,Security,Critical,Alice,Pending,3,0,2026-07-01,2026-07-09
TASK_02416,Add search functionality,Documentation,High,Emma,In Progress,16,9,2026-04-17,2026-04-27
TASK_02417,Integrate email notifications,Backend,High,Henry,In Progress,1,0,2026-05-20,2026-05-26
TASK_02418,Implement dark mode,DevOps,Critical,David,On Hold,15,6,2026-03-10,2026-03-27
TASK_02419,Write unit tests,Database,Medium,Charlie,In Progress,17,13,2026-03-06,2026-03-24
TASK_02420,Develop user profile page,Database,Medium,Alice,On Hold,13,3,2026-02-25,2026-03-06
TASK_02421,Create reports module,Backend,Critical,Henry,Pending,16,6,2026-05-31,2026-06-23
TASK_02422,Add search functionality,UI/UX,High,Grace,In Progress,8,3,2026-02-14,2026-03-04
TASK_02423,Fix login authentication bug,Database,Low,Henry,Completed,16,8,2026-03-21,2026-04-14
TASK_02424,Add search functionality,DevOps,High,David,Completed,20,11,2026-03-13,2026-04-03
TASK_02425,Develop analytics dashboard,Documentation,High,Henry,Pending,19,8,2026-03-30,2026-04-21
TASK_02426,Integrate email notifications,Feature,Low,Charlie,In Progress,7,5,2026-06-01,2026-06-04
TASK_02427,Design dashboard UI,Security,Critical,Bob,On Hold,1,0,2026-02-07,2026-02-25
TASK_02428,Implement dark mode,UI/UX,High,Emma,Pending,1,0,2026-02-18,2026-02-23
TASK_02429,Fix responsive layout,Documentation,Medium,David,Completed,12,11,2026-01-29,2026-02-13
TASK_02430,Add search functionality,DevOps,Medium,Bob,On Hold,9,3,2026-04-25,2026-05-19
TASK_02431,Refactor backend code,UI/UX,High,Bob,In Progress,4,3,2026-05-27,2026-06-06
TASK_02432,Create reports module,Backend,Critical,Frank,In Progress,18,8,2026-07-18,2026-07-29
TASK_02433,Configure CI/CD pipeline,Testing,Medium,David,Completed,7,2,2026-04-17,2026-05-16
TASK_02434,Implement dark mode,UI/UX,Medium,Emma,On Hold,15,10,2026-02-10,2026-02-19
TASK_02435,Refactor backend code,Feature,Critical,Bob,In Progress,10,3,2026-06-05,2026-06-20
TASK_02436,Refactor backend code,Frontend,High,David,Completed,10,0,2026-06-08,2026-06-19
TASK_02437,Create reports module,Testing,Medium,Henry,In Progress,10,10,2026-05-18,2026-06-07
TASK_02438,Write unit tests,UI/UX,High,Henry,On Hold,14,7,2026-05-06,2026-05-12
TASK_02439,Create REST API,Testing,High,Emma,Completed,13,7,2026-04-30,2026-05-13
TASK_02440,Develop analytics dashboard,Security,High,Frank,Completed,3,2,2026-02-16,2026-02-23
TASK_02441,Implement payment gateway,Backend,Critical,Grace,In Progress,19,13,2026-04-28,2026-05-12
TASK_02442,Deploy application,Bug,High,Alice,In Progress,10,1,2026-06-05,2026-06-07
TASK_02443,Implement payment gateway,Backend,Medium,Charlie,Pending,20,1,2026-03-29,2026-04-17
TASK_02444,Fix login authentication bug,DevOps,Medium,Alice,In Progress,11,2,2026-04-19,2026-04-30
TASK_02445,Update project documentation,Database,High,Grace,Pending,20,18,2026-03-09,2026-03-17
TASK_02446,Fix login authentication bug,Backend,Medium,Charlie,In Progress,16,8,2026-06-16,2026-07-08
TASK_02447,Improve application performance,Testing,Critical,Charlie,On Hold,20,13,2026-04-28,2026-05-23
TASK_02448,Design dashboard UI,Testing,Medium,Henry,Completed,9,1,2026-07-12,2026-08-05
TASK_02449,Write unit tests,UI/UX,Medium,Alice,On Hold,9,8,2026-03-21,2026-04-02
TASK_02450,Create REST API,Frontend,High,Alice,In Progress,14,0,2026-03-28,2026-04-18
TASK_02451,Add search functionality,Testing,High,Bob,In Progress,13,12,2026-03-10,2026-03-18
TASK_02452,Create REST API,Security,High,Bob,On Hold,8,8,2026-04-30,2026-05-05
TASK_02453,Fix login authentication bug,Database,Medium,David,In Progress,18,5,2026-07-18,2026-08-07
TASK_02454,Refactor backend code,Database,Medium,Charlie,In Progress,7,2,2026-04-15,2026-04-30
TASK_02455,Develop analytics dashboard,Security,Critical,Grace,Completed,4,3,2026-07-21,2026-07-28
TASK_02456,Add search functionality,Testing,High,Henry,Pending,16,13,2026-03-25,2026-04-16
TASK_02457,Create REST API,Backend,Low,Emma,Completed,12,5,2026-04-25,2026-05-06
TASK_02458,Develop user profile page,Security,Critical,Grace,On Hold,18,5,2026-02-04,2026-02-24
TASK_02459,Fix login authentication bug,Frontend,Critical,Charlie,On Hold,2,1,2026-07-05,2026-07-07
TASK_02460,Fix login authentication bug,Security,Critical,David,Pending,8,0,2026-01-29,2026-02-16
TASK_02461,Add search functionality,Testing,Critical,Bob,Completed,10,4,2026-02-15,2026-03-03
TASK_02462,Implement dark mode,Documentation,Medium,Bob,Pending,7,4,2026-05-06,2026-05-23
TASK_02463,Design dashboard UI,Feature,Critical,Alice,On Hold,12,7,2026-04-18,2026-05-03
TASK_02464,Fix responsive layout,Testing,Low,Alice,On Hold,20,19,2026-04-20,2026-05-04
TASK_02465,Implement dark mode,UI/UX,Critical,Frank,Pending,14,5,2026-03-03,2026-03-21
TASK_02466,Implement payment gateway,Bug,Low,Emma,Pending,4,0,2026-04-14,2026-04-26
TASK_02467,Design dashboard UI,Frontend,Medium,David,On Hold,5,1,2026-03-27,2026-03-31
TASK_02468,Update project documentation,Security,High,David,Completed,7,2,2026-06-01,2026-06-06
TASK_02469,Optimize SQL queries,Backend,Medium,Bob,In Progress,10,9,2026-02-18,2026-03-10
TASK_02470,Fix login authentication bug,Backend,Low,David,On Hold,7,4,2026-06-12,2026-07-10
TASK_02471,Implement dark mode,Frontend,High,Emma,Pending,15,5,2026-01-30,2026-02-04
TASK_02472,Create REST API,Bug,Medium,David,Completed,9,3,2026-06-29,2026-07-05
TASK_02473,Implement dark mode,UI/UX,Medium,Emma,Completed,4,3,2026-04-10,2026-04-27
TASK_02474,Develop analytics dashboard,Frontend,Medium,Bob,Completed,13,7,2026-07-04,2026-07-24
TASK_02475,Improve application performance,DevOps,High,Emma,Completed,2,1,2026-07-03,2026-07-11
TASK_02476,Fix responsive layout,Feature,Low,Charlie,On Hold,7,1,2026-05-23,2026-06-22
TASK_02477,Fix responsive layout,Feature,High,David,In Progress,12,4,2026-03-08,2026-03-20
TASK_02478,Write unit tests,DevOps,Critical,David,On Hold,9,6,2026-02-20,2026-02-22
TASK_02479,Implement chatbot,Documentation,Low,Emma,On Hold,5,4,2026-05-10,2026-05-21
TASK_02480,Implement dark mode,Feature,Low,Grace,On Hold,7,6,2026-02-09,2026-02-20
TASK_02481,Implement chatbot,Bug,Critical,Alice,On Hold,19,8,2026-06-05,2026-07-05
TASK_02482,Update project documentation,Bug,High,Charlie,In Progress,13,10,2026-02-06,2026-02-28
TASK_02483,Develop user profile page,UI/UX,High,Charlie,On Hold,17,6,2026-05-04,2026-05-06
TASK_02484,Update project documentation,Feature,Low,Grace,Pending,16,16,2026-05-26,2026-06-01
TASK_02485,Develop user profile page,Backend,Medium,Grace,Completed,15,6,2026-05-11,2026-05-24
TASK_02486,Implement payment gateway,DevOps,Medium,Alice,In Progress,17,2,2026-06-14,2026-07-09
TASK_02487,Implement dark mode,Documentation,Low,Bob,Completed,18,13,2026-03-04,2026-04-02
TASK_02488,Improve application performance,Feature,High,Charlie,In Progress,2,0,2026-07-19,2026-07-26
TASK_02489,Design dashboard UI,Bug,High,Charlie,Completed,2,1,2026-07-14,2026-07-31
TASK_02490,Update project documentation,Database,Low,Emma,Completed,9,8,2026-07-16,2026-08-02
TASK_02491,Fix login authentication bug,UI/UX,Medium,Bob,Pending,20,18,2026-05-11,2026-06-08
TASK_02492,Design dashboard UI,UI/UX,High,Grace,Pending,13,8,2026-05-17,2026-05-28
TASK_02493,Implement dark mode,Documentation,Medium,Bob,In Progress,19,1,2026-04-23,2026-05-06
TASK_02494,Optimize SQL queries,Bug,Low,David,Completed,10,8,2026-07-20,2026-07-27
TASK_02495,Fix login authentication bug,Security,Low,Emma,Pending,19,17,2026-03-19,2026-04-07
TASK_02496,Implement dark mode,Frontend,Medium,Grace,In Progress,3,0,2026-04-04,2026-04-06
TASK_02497,Implement dark mode,UI/UX,Medium,Charlie,Pending,20,4,2026-01-28,2026-02-12
TASK_02498,Improve application performance,Feature,Medium,Henry,On Hold,17,6,2026-03-23,2026-04-02
TASK_02499,Fix login authentication bug,Database,High,Grace,Pending,11,9,2026-05-19,2026-06-15
TASK_02500,Write unit tests,UI/UX,Low,Henry,Pending,7,5,2026-05-26,2026-06-11
TASK_02501,Configure CI/CD pipeline,Backend,High,Charlie,In Progress,2,1,2026-02-09,2026-03-10
TASK_02502,Deploy application,Testing,High,Henry,Completed,20,8,2026-04-08,2026-04-24
TASK_02503,Deploy application,Backend,Critical,Frank,In Progress,14,11,2026-02-19,2026-03-09
TASK_02504,Create reports module,DevOps,High,David,Pending,12,0,2026-04-23,2026-05-05
TASK_02505,Develop user profile page,Frontend,High,David,Pending,13,6,2026-03-21,2026-04-17
TASK_02506,Write unit tests,Backend,Critical,Frank,In Progress,9,3,2026-05-26,2026-06-10
TASK_02507,Create REST API,Documentation,Low,David,Completed,17,8,2026-07-22,2026-08-04
TASK_02508,Refactor backend code,UI/UX,Medium,Frank,On Hold,11,10,2026-03-19,2026-03-31
TASK_02509,Implement dark mode,Frontend,Low,Henry,On Hold,1,1,2026-05-11,2026-05-13
TASK_02510,Implement dark mode,Frontend,Critical,Emma,Completed,18,2,2026-06-11,2026-06-22
TASK_02511,Implement dark mode,Documentation,High,Grace,In Progress,16,13,2026-02-12,2026-03-14
TASK_02512,Fix responsive layout,DevOps,Medium,Henry,Pending,2,0,2026-02-25,2026-03-19
TASK_02513,Deploy application,UI/UX,Medium,Grace,On Hold,11,11,2026-04-20,2026-05-06
TASK_02514,Optimize SQL queries,Security,Low,Bob,Completed,8,8,2026-06-02,2026-06-14
TASK_02515,Improve application performance,Frontend,Low,Emma,In Progress,11,3,2026-04-12,2026-04-27
TASK_02516,Refactor backend code,Frontend,Critical,Bob,On Hold,9,9,2026-03-05,2026-04-03
TASK_02517,Improve application performance,UI/UX,Medium,Grace,Pending,19,5,2026-07-25,2026-08-07
TASK_02518,Design dashboard UI,Backend,High,Frank,On Hold,16,0,2026-04-23,2026-05-03
TASK_02519,Create reports module,Bug,High,Emma,On Hold,13,9,2026-04-17,2026-05-17
TASK_02520,Improve application performance,Documentation,Critical,Emma,In Progress,9,5,2026-05-30,2026-06-02
TASK_02521,Implement payment gateway,DevOps,Low,Alice,On Hold,10,1,2026-02-07,2026-02-09
TASK_02522,Develop user profile page,UI/UX,Low,Henry,Pending,11,2,2026-06-10,2026-06-19
TASK_02523,Design dashboard UI,Frontend,Low,Emma,On Hold,17,15,2026-03-01,2026-03-16
TASK_02524,Design dashboard UI,Backend,High,Emma,In Progress,5,0,2026-05-15,2026-05-22
TASK_02525,Design dashboard UI,Documentation,Medium,David,On Hold,1,0,2026-06-14,2026-06-29
TASK_02526,Add search functionality,Database,High,Bob,Completed,15,8,2026-04-11,2026-04-30
TASK_02527,Optimize SQL queries,Documentation,High,Frank,Pending,16,14,2026-03-20,2026-03-23
TASK_02528,Create reports module,Documentation,Low,Frank,Pending,9,6,2026-06-16,2026-06-22
TASK_02529,Fix login authentication bug,UI/UX,High,Grace,Pending,18,2,2026-06-11,2026-07-11
TASK_02530,Write unit tests,Bug,Low,Emma,Pending,18,11,2026-04-12,2026-05-05
TASK_02531,Optimize SQL queries,Frontend,Medium,Henry,Completed,3,0,2026-05-12,2026-06-07
TASK_02532,Create reports module,Documentation,High,Alice,On Hold,2,1,2026-02-01,2026-02-27
TASK_02533,Develop analytics dashboard,Bug,Critical,Emma,In Progress,17,16,2026-02-16,2026-03-09
TASK_02534,Write unit tests,Bug,Medium,David,In Progress,18,9,2026-02-03,2026-02-12
TASK_02535,Create REST API,DevOps,Medium,Charlie,In Progress,15,4,2026-07-04,2026-07-27
TASK_02536,Add search functionality,Bug,Critical,Bob,Completed,12,0,2026-03-14,2026-03-25
TASK_02537,Implement payment gateway,Frontend,Critical,Grace,Completed,8,0,2026-05-03,2026-05-13
TASK_02538,Improve application performance,UI/UX,Low,Bob,Pending,5,3,2026-06-26,2026-07-25
TASK_02539,Develop user profile page,Frontend,Critical,Charlie,On Hold,4,4,2026-06-30,2026-07-21
TASK_02540,Add search functionality,Bug,Critical,Alice,On Hold,10,7,2026-05-17,2026-06-13
TASK_02541,Design dashboard UI,Testing,Medium,Emma,On Hold,5,1,2026-07-11,2026-08-05
TASK_02542,Build admin panel,Backend,High,Emma,Pending,6,6,2026-05-15,2026-06-09
TASK_02543,Deploy application,UI/UX,Medium,David,In Progress,4,1,2026-07-13,2026-08-11
TASK_02544,Integrate email notifications,UI/UX,Critical,Charlie,On Hold,16,9,2026-02-16,2026-02-20
TASK_02545,Fix login authentication bug,DevOps,Medium,Bob,Completed,11,8,2026-07-05,2026-07-31
TASK_02546,Design dashboard UI,Feature,High,Alice,In Progress,3,0,2026-04-19,2026-05-02
TASK_02547,Refactor backend code,Database,Low,David,Completed,18,15,2026-03-12,2026-03-30
TASK_02548,Update project documentation,Testing,Medium,David,Completed,11,4,2026-02-23,2026-03-25
TASK_02549,Implement payment gateway,Documentation,Medium,Alice,Pending,20,6,2026-04-12,2026-05-04
TASK_02550,Build admin panel,Security,Critical,Henry,Pending,15,14,2026-04-16,2026-04-20
TASK_02551,Integrate email notifications,UI/UX,Medium,Bob,On Hold,12,10,2026-05-06,2026-06-03
TASK_02552,Update project documentation,Feature,Low,David,Completed,1,0,2026-06-30,2026-07-16
TASK_02553,Integrate email notifications,Bug,Critical,David,In Progress,11,0,2026-06-19,2026-07-01
TASK_02554,Develop analytics dashboard,Testing,High,Grace,Pending,12,9,2026-06-10,2026-06-29
TASK_02555,Integrate email notifications,Bug,High,Emma,On Hold,1,0,2026-07-06,2026-08-03
TASK_02556,Fix login authentication bug,Database,Critical,Bob,On Hold,17,15,2026-04-15,2026-04-17
TASK_02557,Design dashboard UI,Backend,Critical,Frank,On Hold,19,17,2026-05-09,2026-05-14
TASK_02558,Improve application performance,Frontend,Critical,Frank,On Hold,7,2,2026-03-18,2026-04-09
TASK_02559,Create REST API,Database,Medium,Alice,Completed,15,15,2026-02-17,2026-03-08
TASK_02560,Optimize SQL queries,UI/UX,Low,Charlie,On Hold,19,1,2026-06-14,2026-07-07
TASK_02561,Create reports module,Security,Medium,Emma,In Progress,2,2,2026-02-23,2026-02-26
TASK_02562,Design dashboard UI,Security,Critical,Emma,Completed,13,4,2026-04-20,2026-05-05
TASK_02563,Develop analytics dashboard,Documentation,Critical,Henry,On Hold,1,0,2026-07-08,2026-07-18
TASK_02564,Fix login authentication bug,Security,Medium,Bob,Pending,9,2,2026-05-17,2026-05-20
TASK_02565,Refactor backend code,Testing,Medium,Emma,Completed,3,1,2026-06-03,2026-06-12
TASK_02566,Develop analytics dashboard,Feature,Medium,Grace,On Hold,14,7,2026-03-10,2026-03-29
TASK_02567,Write unit tests,Security,Medium,Charlie,In Progress,11,2,2026-02-01,2026-02-26
TASK_02568,Fix responsive layout,Feature,High,Grace,Completed,17,17,2026-06-06,2026-06-21
TASK_02569,Develop analytics dashboard,Frontend,Critical,Bob,On Hold,13,1,2026-07-15,2026-08-03
TASK_02570,Implement dark mode,Feature,Medium,Bob,Completed,6,6,2026-07-10,2026-07-16
TASK_02571,Optimize SQL queries,Feature,Medium,Frank,Pending,6,0,2026-07-10,2026-08-09
TASK_02572,Optimize SQL queries,Testing,High,Grace,On Hold,17,5,2026-04-05,2026-04-20
TASK_02573,Build admin panel,Testing,Medium,Grace,Pending,12,11,2026-05-19,2026-05-21
TASK_02574,Implement dark mode,UI/UX,Low,Henry,Completed,9,9,2026-02-15,2026-03-08
TASK_02575,Develop user profile page,UI/UX,Critical,Frank,Pending,3,2,2026-05-11,2026-05-23
TASK_02576,Develop user profile page,Security,High,David,Completed,17,5,2026-02-19,2026-03-12
TASK_02577,Design dashboard UI,Testing,Medium,Bob,Pending,12,6,2026-03-13,2026-04-10
TASK_02578,Fix responsive layout,Security,High,Henry,Completed,18,17,2026-05-21,2026-05-25
TASK_02579,Create REST API,Testing,Critical,David,Pending,16,15,2026-03-26,2026-04-20
TASK_02580,Develop user profile page,Feature,Low,Bob,On Hold,10,10,2026-04-15,2026-04-30
TASK_02581,Implement payment gateway,Documentation,Medium,Emma,Pending,18,13,2026-06-16,2026-07-16
TASK_02582,Build admin panel,Bug,High,Frank,In Progress,9,0,2026-04-24,2026-05-13
TASK_02583,Develop user profile page,Backend,Low,Emma,Completed,20,16,2026-05-31,2026-06-30
TASK_02584,Implement chatbot,UI/UX,Low,Emma,Pending,16,6,2026-02-13,2026-03-14
TASK_02585,Add search functionality,Security,Medium,Frank,Pending,18,5,2026-06-20,2026-07-11
TASK_02586,Create reports module,Frontend,High,Frank,In Progress,18,15,2026-04-12,2026-04-18
TASK_02587,Add search functionality,Testing,Medium,Frank,In Progress,6,3,2026-04-06,2026-04-10
TASK_02588,Fix responsive layout,Security,High,Bob,In Progress,14,13,2026-03-13,2026-04-11
TASK_02589,Optimize SQL queries,Security,Medium,Alice,In Progress,13,12,2026-04-04,2026-04-24
TASK_02590,Create REST API,UI/UX,Low,David,Pending,1,0,2026-05-03,2026-05-30
TASK_02591,Develop user profile page,Feature,Low,David,Pending,4,3,2026-03-16,2026-03-28
TASK_02592,Add search functionality,Backend,High,Alice,In Progress,13,11,2026-02-23,2026-03-06
TASK_02593,Optimize SQL queries,Security,Critical,Henry,Completed,11,5,2026-06-02,2026-07-02
TASK_02594,Create reports module,Backend,Low,Grace,In Progress,6,3,2026-03-12,2026-03-19
TASK_02595,Update project documentation,Security,High,Henry,On Hold,12,3,2026-03-01,2026-03-18
TASK_02596,Write unit tests,Security,Low,Frank,Completed,9,2,2026-02-18,2026-03-15
TASK_02597,Configure CI/CD pipeline,Bug,Medium,Charlie,In Progress,20,0,2026-05-21,2026-06-20
TASK_02598,Fix login authentication bug,Frontend,Critical,Bob,Completed,7,7,2026-02-04,2026-02-13
TASK_02599,Add search functionality,DevOps,Critical,Emma,Pending,13,10,2026-05-25,2026-06-04
TASK_02600,Improve application performance,Documentation,Low,Alice,Pending,4,0,2026-07-24,2026-08-11
TASK_02601,Implement dark mode,Feature,Medium,Henry,In Progress,6,2,2026-06-24,2026-07-09
TASK_02602,Deploy application,Feature,Critical,Charlie,On Hold,15,4,2026-05-12,2026-06-03
TASK_02603,Write unit tests,Testing,High,Frank,On Hold,20,10,2026-03-30,2026-04-05
TASK_02604,Fix responsive layout,Feature,Medium,Henry,Completed,14,8,2026-05-04,2026-05-20
TASK_02605,Fix responsive layout,DevOps,Low,Grace,Completed,9,5,2026-03-28,2026-04-18
TASK_02606,Design dashboard UI,Feature,Medium,Frank,Pending,1,0,2026-02-24,2026-03-21
TASK_02607,Develop user profile page,Database,Low,David,In Progress,18,18,2026-06-11,2026-07-07
TASK_02608,Deploy application,Documentation,Critical,Frank,Pending,5,2,2026-02-09,2026-03-05
TASK_02609,Implement payment gateway,UI/UX,Critical,Alice,Completed,12,8,2026-05-15,2026-06-03
TASK_02610,Configure CI/CD pipeline,Backend,Medium,David,In Progress,5,5,2026-04-14,2026-04-19
TASK_02611,Refactor backend code,DevOps,Medium,Henry,Pending,11,4,2026-02-02,2026-02-16
TASK_02612,Implement dark mode,UI/UX,Critical,Charlie,In Progress,8,1,2026-06-28,2026-07-07
TASK_02613,Develop analytics dashboard,Frontend,Critical,Emma,On Hold,12,1,2026-07-23,2026-08-09
TASK_02614,Optimize SQL queries,UI/UX,High,David,On Hold,1,1,2026-01-28,2026-02-25
TASK_02615,Update project documentation,Frontend,Medium,Grace,Pending,20,3,2026-06-06,2026-06-25
TASK_02616,Build admin panel,DevOps,Critical,Bob,In Progress,19,1,2026-05-27,2026-06-26
TASK_02617,Implement payment gateway,Documentation,Critical,Emma,Completed,13,13,2026-02-14,2026-02-23
TASK_02618,Create reports module,Security,High,Grace,Pending,7,3,2026-05-20,2026-05-23
TASK_02619,Configure CI/CD pipeline,DevOps,High,Charlie,Pending,18,17,2026-05-14,2026-05-23
TASK_02620,Develop user profile page,Documentation,High,Frank,On Hold,1,0,2026-07-19,2026-07-22
TASK_02621,Write unit tests,Frontend,Critical,Henry,Pending,17,6,2026-05-03,2026-05-07
TASK_02622,Implement payment gateway,Bug,Medium,Frank,Pending,3,0,2026-05-09,2026-05-17
TASK_02623,Implement dark mode,Documentation,Medium,Grace,In Progress,17,11,2026-01-31,2026-02-07
TASK_02624,Write unit tests,Frontend,High,Emma,In Progress,18,2,2026-05-15,2026-05-18
TASK_02625,Build admin panel,Backend,Low,Alice,Pending,3,0,2026-04-04,2026-05-02
TASK_02626,Create REST API,Backend,Critical,Emma,In Progress,14,4,2026-07-12,2026-07-14
TASK_02627,Refactor backend code,Bug,Low,David,Completed,7,0,2026-06-15,2026-07-05
TASK_02628,Integrate email notifications,Documentation,High,Frank,In Progress,12,9,2026-02-03,2026-02-05
TASK_02629,Design dashboard UI,Feature,Low,Bob,Pending,10,9,2026-04-17,2026-04-21
TASK_02630,Fix responsive layout,UI/UX,High,Henry,On Hold,14,11,2026-06-27,2026-07-12
TASK_02631,Write unit tests,Database,High,Bob,In Progress,19,14,2026-05-07,2026-06-05
TASK_02632,Refactor backend code,Database,Critical,Charlie,In Progress,2,1,2026-03-09,2026-04-04
TASK_02633,Create REST API,Backend,Critical,Charlie,Completed,19,18,2026-07-07,2026-07-28
TASK_02634,Implement chatbot,DevOps,Medium,Alice,Pending,17,0,2026-02-05,2026-03-07
TASK_02635,Design dashboard UI,Security,Low,Henry,On Hold,15,4,2026-03-04,2026-03-28
TASK_02636,Optimize SQL queries,Bug,Critical,Grace,Completed,8,1,2026-04-22,2026-05-20
TASK_02637,Configure CI/CD pipeline,UI/UX,Low,Grace,In Progress,1,1,2026-06-11,2026-06-27
TASK_02638,Refactor backend code,Documentation,Critical,David,In Progress,13,2,2026-05-06,2026-05-28
TASK_02639,Fix responsive layout,Documentation,Low,Alice,Completed,19,3,2026-07-20,2026-07-30
TASK_02640,Implement payment gateway,Bug,Low,Alice,Completed,13,13,2026-06-25,2026-07-15
TASK_02641,Integrate email notifications,Frontend,Low,Henry,On Hold,10,9,2026-07-06,2026-07-23
TASK_02642,Create REST API,Backend,High,David,On Hold,15,9,2026-04-08,2026-04-27
TASK_02643,Implement payment gateway,Testing,Critical,Frank,On Hold,18,11,2026-03-23,2026-04-05
TASK_02644,Develop user profile page,Feature,Medium,Frank,Pending,16,7,2026-07-10,2026-07-20
TASK_02645,Create reports module,Feature,Critical,Bob,Completed,8,8,2026-02-03,2026-02-06
TASK_02646,Write unit tests,UI/UX,Critical,Alice,Completed,15,15,2026-04-20,2026-05-02
TASK_02647,Refactor backend code,UI/UX,Low,Bob,Completed,1,1,2026-01-29,2026-02-11
TASK_02648,Create REST API,DevOps,Low,Charlie,On Hold,6,2,2026-03-10,2026-03-16
TASK_02649,Develop user profile page,UI/UX,Critical,Alice,Completed,1,0,2026-06-12,2026-06-29
TASK_02650,Add search functionality,Database,Critical,Alice,Completed,10,2,2026-02-13,2026-03-13
TASK_02651,Deploy application,Bug,High,Bob,On Hold,16,1,2026-05-09,2026-05-15
TASK_02652,Configure CI/CD pipeline,Frontend,Low,Grace,Completed,10,1,2026-06-22,2026-07-22
TASK_02653,Improve application performance,UI/UX,High,Emma,In Progress,17,3,2026-06-07,2026-06-15
TASK_02654,Configure CI/CD pipeline,Backend,Low,David,In Progress,3,2,2026-05-19,2026-06-13
TASK_02655,Write unit tests,Documentation,Low,Bob,Completed,4,3,2026-02-14,2026-03-12
TASK_02656,Build admin panel,DevOps,Critical,Alice,Pending,15,2,2026-04-08,2026-04-13
TASK_02657,Create REST API,Database,Critical,Alice,Completed,15,8,2026-04-17,2026-05-05
TASK_02658,Write unit tests,Frontend,High,Bob,On Hold,9,4,2026-03-25,2026-04-19
TASK_02659,Fix login authentication bug,Database,Low,Bob,Pending,17,4,2026-04-30,2026-05-27
TASK_02660,Develop user profile page,Database,Low,Emma,On Hold,14,8,2026-02-27,2026-03-09
TASK_02661,Integrate email notifications,Security,High,Bob,On Hold,11,5,2026-07-21,2026-08-06
TASK_02662,Design dashboard UI,Bug,High,David,In Progress,17,5,2026-02-11,2026-03-13
TASK_02663,Develop analytics dashboard,Testing,Critical,Charlie,In Progress,17,7,2026-02-12,2026-03-03
TASK_02664,Integrate email notifications,UI/UX,Critical,Alice,Pending,18,4,2026-02-01,2026-02-16
TASK_02665,Configure CI/CD pipeline,Database,High,Bob,Completed,1,0,2026-04-27,2026-05-08
TASK_02666,Fix responsive layout,UI/UX,High,Grace,On Hold,7,1,2026-05-24,2026-06-17
TASK_02667,Configure CI/CD pipeline,Bug,Medium,Bob,In Progress,5,2,2026-05-05,2026-05-27
TASK_02668,Improve application performance,Database,High,Charlie,Completed,10,9,2026-03-08,2026-03-10
TASK_02669,Implement dark mode,Documentation,High,Bob,On Hold,5,3,2026-07-09,2026-07-22
TASK_02670,Create reports module,UI/UX,High,Frank,Pending,10,2,2026-07-18,2026-08-08
TASK_02671,Develop user profile page,UI/UX,Low,Emma,On Hold,12,6,2026-03-27,2026-04-16
TASK_02672,Implement payment gateway,Backend,Critical,Alice,On Hold,1,0,2026-02-19,2026-03-13
TASK_02673,Create reports module,Frontend,Low,Charlie,On Hold,8,0,2026-02-09,2026-03-04
TASK_02674,Deploy application,Testing,Medium,Frank,Pending,11,0,2026-06-04,2026-06-12
TASK_02675,Develop user profile page,Feature,Low,Bob,In Progress,17,1,2026-03-11,2026-04-04
TASK_02676,Deploy application,Database,Medium,Alice,Completed,7,7,2026-02-18,2026-02-24
TASK_02677,Deploy application,Backend,High,Charlie,Pending,1,0,2026-06-01,2026-06-18
TASK_02678,Optimize SQL queries,Database,Critical,Grace,Completed,4,2,2026-03-20,2026-04-15
TASK_02679,Design dashboard UI,Backend,High,Emma,Completed,12,1,2026-03-12,2026-03-21
TASK_02680,Improve application performance,DevOps,High,Henry,On Hold,7,0,2026-03-08,2026-04-02
TASK_02681,Implement dark mode,Security,Low,Frank,On Hold,9,3,2026-06-20,2026-06-30
TASK_02682,Develop analytics dashboard,Feature,Critical,David,On Hold,18,3,2026-04-15,2026-05-03
TASK_02683,Design dashboard UI,DevOps,High,Henry,In Progress,16,7,2026-02-26,2026-03-01
TASK_02684,Create REST API,Testing,High,Charlie,Pending,9,5,2026-03-30,2026-04-23
TASK_02685,Design dashboard UI,Testing,Critical,Charlie,Completed,1,0,2026-03-18,2026-03-24
TASK_02686,Refactor backend code,Security,Critical,Henry,Pending,10,3,2026-02-07,2026-02-24
TASK_02687,Build admin panel,Documentation,Critical,Charlie,Completed,6,0,2026-04-04,2026-04-29
TASK_02688,Deploy application,Backend,Medium,Alice,On Hold,1,1,2026-07-21,2026-08-10
TASK_02689,Refactor backend code,Frontend,High,Charlie,Pending,18,2,2026-05-24,2026-06-16
TASK_02690,Improve application performance,Testing,High,Henry,Pending,10,8,2026-06-06,2026-06-22
TASK_02691,Update project documentation,Backend,High,Bob,On Hold,4,1,2026-02-11,2026-02-16
TASK_02692,Fix login authentication bug,Database,High,Frank,Pending,5,3,2026-02-17,2026-03-17
TASK_02693,Create REST API,Backend,Low,Alice,On Hold,19,12,2026-05-26,2026-06-09
TASK_02694,Implement chatbot,Testing,Low,Henry,Completed,18,2,2026-02-01,2026-02-26
TASK_02695,Update project documentation,Bug,Medium,Charlie,Pending,14,8,2026-05-01,2026-05-31
TASK_02696,Add search functionality,UI/UX,High,Charlie,In Progress,15,5,2026-06-19,2026-07-12
TASK_02697,Refactor backend code,Documentation,Low,David,On Hold,17,13,2026-07-10,2026-08-06
TASK_02698,Build admin panel,Frontend,High,David,On Hold,16,1,2026-03-20,2026-04-03
TASK_02699,Create reports module,Security,Low,Bob,In Progress,8,3,2026-03-10,2026-04-02
TASK_02700,Design dashboard UI,DevOps,Medium,Grace,On Hold,4,4,2026-05-09,2026-05-26
TASK_02701,Develop analytics dashboard,Documentation,Critical,David,In Progress,18,1,2026-06-17,2026-06-24
TASK_02702,Implement chatbot,Bug,Medium,Henry,In Progress,4,2,2026-02-12,2026-03-02
TASK_02703,Deploy application,Testing,Critical,Frank,In Progress,2,1,2026-03-20,2026-03-29
TASK_02704,Fix responsive layout,Database,High,David,Pending,10,7,2026-06-02,2026-06-14
TASK_02705,Write unit tests,Bug,High,Grace,In Progress,2,2,2026-06-18,2026-07-12
TASK_02706,Create REST API,Database,Critical,Grace,On Hold,17,13,2026-04-28,2026-05-18
TASK_02707,Configure CI/CD pipeline,Security,Critical,Frank,Completed,1,0,2026-07-26,2026-08-05
TASK_02708,Implement dark mode,Testing,Low,Charlie,In Progress,20,20,2026-06-05,2026-06-15
TASK_02709,Fix login authentication bug,Database,Low,Henry,Pending,17,14,2026-07-19,2026-07-22
TASK_02710,Create REST API,UI/UX,Medium,Frank,Pending,19,7,2026-03-07,2026-03-18
TASK_02711,Create reports module,Documentation,High,Charlie,Completed,8,8,2026-06-04,2026-06-09
TASK_02712,Update project documentation,DevOps,High,Henry,Completed,10,6,2026-02-13,2026-02-20
TASK_02713,Fix login authentication bug,DevOps,Medium,Henry,In Progress,7,7,2026-01-31,2026-02-18
TASK_02714,Write unit tests,UI/UX,Critical,Grace,In Progress,6,4,2026-02-05,2026-02-27
TASK_02715,Develop user profile page,UI/UX,Critical,Henry,On Hold,6,3,2026-07-16,2026-08-03
TASK_02716,Design dashboard UI,Security,Low,Henry,Pending,8,8,2026-07-11,2026-07-14
TASK_02717,Implement chatbot,Database,Medium,Alice,Pending,2,0,2026-02-07,2026-02-16
TASK_02718,Fix responsive layout,Testing,High,Charlie,Completed,6,1,2026-02-01,2026-03-03
TASK_02719,Implement chatbot,Feature,High,Emma,Completed,1,0,2026-04-06,2026-04-15
TASK_02720,Design dashboard UI,UI/UX,High,Grace,On Hold,12,12,2026-07-04,2026-07-29
TASK_02721,Build admin panel,DevOps,Medium,David,Completed,9,0,2026-05-23,2026-06-20
TASK_02722,Write unit tests,Backend,Medium,David,Pending,9,2,2026-06-24,2026-07-07
TASK_02723,Integrate email notifications,DevOps,Medium,David,On Hold,3,2,2026-05-06,2026-05-13
TASK_02724,Improve application performance,Bug,Medium,Frank,Completed,18,13,2026-04-03,2026-04-14
TASK_02725,Develop analytics dashboard,Testing,Medium,Charlie,Completed,2,2,2026-06-10,2026-07-01
TASK_02726,Design dashboard UI,Testing,Critical,Frank,Completed,9,6,2026-04-14,2026-04-16
TASK_02727,Build admin panel,Testing,Low,David,On Hold,8,6,2026-05-12,2026-06-05
TASK_02728,Integrate email notifications,Security,Critical,Charlie,In Progress,14,14,2026-05-27,2026-06-24
TASK_02729,Configure CI/CD pipeline,Feature,High,Frank,On Hold,8,4,2026-04-02,2026-04-05
TASK_02730,Implement dark mode,Backend,Critical,Grace,In Progress,7,7,2026-03-03,2026-03-05
TASK_02731,Implement chatbot,Feature,Medium,Bob,Pending,19,7,2026-06-08,2026-06-18
TASK_02732,Refactor backend code,DevOps,Medium,Emma,In Progress,4,0,2026-05-10,2026-05-19
TASK_02733,Implement dark mode,Documentation,Medium,Henry,In Progress,8,5,2026-05-13,2026-05-25
TASK_02734,Design dashboard UI,Backend,Critical,Bob,In Progress,13,1,2026-02-16,2026-03-09
TASK_02735,Configure CI/CD pipeline,Frontend,Low,Emma,In Progress,15,15,2026-07-04,2026-07-30
TASK_02736,Integrate email notifications,Security,Medium,Grace,On Hold,14,5,2026-03-23,2026-04-18
TASK_02737,Design dashboard UI,Bug,Critical,Grace,On Hold,18,14,2026-03-12,2026-03-27
TASK_02738,Develop analytics dashboard,Frontend,Low,Bob,In Progress,2,1,2026-04-10,2026-05-09
TASK_02739,Update project documentation,DevOps,Medium,Grace,In Progress,18,9,2026-05-14,2026-05-29
TASK_02740,Configure CI/CD pipeline,UI/UX,Medium,Alice,On Hold,14,3,2026-03-14,2026-04-03
TASK_02741,Integrate email notifications,UI/UX,Medium,David,Completed,16,10,2026-02-21,2026-02-27
TASK_02742,Implement dark mode,Feature,Medium,David,On Hold,18,7,2026-05-10,2026-05-24
TASK_02743,Optimize SQL queries,Security,Critical,Grace,Pending,1,1,2026-06-05,2026-06-26
TASK_02744,Integrate email notifications,Backend,Critical,Grace,Completed,18,1,2026-02-08,2026-03-05
TASK_02745,Create REST API,Database,Low,Henry,Pending,6,2,2026-02-05,2026-02-18
TASK_02746,Improve application performance,Backend,Critical,Emma,In Progress,4,1,2026-06-30,2026-07-07
TASK_02747,Fix responsive layout,UI/UX,Low,Alice,In Progress,7,2,2026-02-11,2026-02-25
TASK_02748,Write unit tests,UI/UX,High,Alice,Completed,10,2,2026-05-20,2026-06-02
TASK_02749,Develop user profile page,Documentation,High,Henry,Completed,8,2,2026-05-08,2026-05-23
TASK_02750,Refactor backend code,Security,High,Frank,Completed,11,8,2026-05-14,2026-05-24
TASK_02751,Write unit tests,Database,Critical,Frank,On Hold,10,9,2026-07-07,2026-07-28
TASK_02752,Develop user profile page,Database,Critical,David,In Progress,8,0,2026-05-13,2026-05-26
TASK_02753,Fix responsive layout,Frontend,Medium,Charlie,On Hold,7,6,2026-06-17,2026-06-27
TASK_02754,Optimize SQL queries,Testing,High,Alice,Completed,2,2,2026-06-15,2026-07-06
TASK_02755,Implement dark mode,Bug,Medium,Charlie,In Progress,15,8,2026-02-17,2026-02-23
TASK_02756,Implement payment gateway,Bug,Low,Frank,Completed,7,0,2026-07-04,2026-07-17
TASK_02757,Implement chatbot,Bug,High,Grace,On Hold,17,17,2026-05-17,2026-06-10
TASK_02758,Implement chatbot,UI/UX,Low,Alice,Completed,4,2,2026-05-07,2026-06-01
TASK_02759,Refactor backend code,Database,Critical,Emma,Pending,8,0,2026-02-02,2026-02-05
TASK_02760,Build admin panel,Security,High,Frank,In Progress,2,1,2026-06-06,2026-06-09
TASK_02761,Write unit tests,Testing,Critical,Grace,Pending,9,4,2026-04-28,2026-05-16
TASK_02762,Deploy application,Security,Low,Bob,In Progress,12,7,2026-02-18,2026-02-22
TASK_02763,Design dashboard UI,Frontend,Medium,Henry,In Progress,20,17,2026-07-26,2026-08-02
TASK_02764,Fix login authentication bug,Feature,High,Frank,Pending,3,1,2026-07-23,2026-08-07
TASK_02765,Build admin panel,Testing,Medium,Grace,On Hold,20,9,2026-06-11,2026-06-25
TASK_02766,Write unit tests,Bug,Critical,Alice,Pending,9,3,2026-05-10,2026-06-07
TASK_02767,Update project documentation,DevOps,Critical,David,On Hold,18,9,2026-05-23,2026-05-25
TASK_02768,Add search functionality,Documentation,Critical,Alice,Pending,10,4,2026-02-10,2026-03-01
TASK_02769,Implement payment gateway,Frontend,High,David,Pending,12,8,2026-03-28,2026-04-05
TASK_02770,Implement payment gateway,Backend,Critical,Henry,In Progress,15,7,2026-07-03,2026-07-23
TASK_02771,Design dashboard UI,Testing,Critical,Henry,Completed,5,1,2026-04-21,2026-04-30
TASK_02772,Develop user profile page,Backend,Low,Charlie,Completed,2,1,2026-02-21,2026-02-27
TASK_02773,Improve application performance,DevOps,Critical,Grace,In Progress,4,2,2026-07-04,2026-07-12
TASK_02774,Configure CI/CD pipeline,Documentation,Low,Henry,Completed,6,3,2026-07-01,2026-07-26
TASK_02775,Refactor backend code,Frontend,High,Emma,On Hold,16,0,2026-03-06,2026-03-08
TASK_02776,Create REST API,Backend,High,Henry,On Hold,19,14,2026-02-24,2026-03-03
TASK_02777,Implement dark mode,Backend,Low,Henry,Completed,18,4,2026-06-08,2026-06-21
TASK_02778,Deploy application,DevOps,High,Henry,Pending,14,14,2026-05-20,2026-05-23
TASK_02779,Design dashboard UI,Feature,High,Charlie,On Hold,17,17,2026-05-23,2026-06-11
TASK_02780,Add search functionality,Bug,Medium,Bob,Completed,12,0,2026-05-05,2026-05-28
TASK_02781,Update project documentation,Feature,Critical,Emma,In Progress,17,5,2026-05-08,2026-06-04
TASK_02782,Implement dark mode,DevOps,Low,David,Completed,17,10,2026-04-17,2026-05-17
TASK_02783,Develop user profile page,DevOps,Low,Charlie,On Hold,14,0,2026-06-05,2026-07-03
TASK_02784,Implement dark mode,Database,Low,Frank,In Progress,2,0,2026-04-13,2026-04-25
TASK_02785,Write unit tests,UI/UX,Medium,Alice,Pending,5,3,2026-03-09,2026-03-29
TASK_02786,Design dashboard UI,UI/UX,Critical,Alice,On Hold,10,0,2026-05-26,2026-06-08
TASK_02787,Create REST API,Bug,Medium,Emma,On Hold,8,6,2026-01-28,2026-02-13
TASK_02788,Build admin panel,DevOps,Medium,David,In Progress,4,3,2026-07-06,2026-07-20
TASK_02789,Optimize SQL queries,Testing,Low,Emma,In Progress,17,11,2026-01-29,2026-02-27
TASK_02790,Improve application performance,Security,Medium,Alice,Pending,8,1,2026-06-24,2026-07-21
TASK_02791,Update project documentation,Testing,Medium,David,Completed,17,10,2026-03-18,2026-04-05
TASK_02792,Create reports module,Security,Medium,Charlie,Pending,20,18,2026-05-24,2026-06-02
TASK_02793,Refactor backend code,Feature,Critical,Henry,Pending,3,3,2026-02-22,2026-03-14
TASK_02794,Build admin panel,Feature,High,Bob,In Progress,1,0,2026-03-24,2026-04-15
TASK_02795,Create REST API,UI/UX,Critical,Charlie,Pending,5,1,2026-02-15,2026-02-27
TASK_02796,Create reports module,UI/UX,Medium,Frank,Completed,17,3,2026-06-04,2026-06-11
TASK_02797,Integrate email notifications,DevOps,High,Bob,In Progress,6,2,2026-03-26,2026-03-31
TASK_02798,Create REST API,Backend,Low,Alice,Completed,3,1,2026-07-13,2026-08-02
TASK_02799,Design dashboard UI,DevOps,Critical,Emma,Pending,3,1,2026-03-23,2026-04-03
TASK_02800,Design dashboard UI,DevOps,Medium,Charlie,On Hold,9,2,2026-05-22,2026-06-16
TASK_02801,Build admin panel,Documentation,Low,Alice,On Hold,18,17,2026-03-17,2026-04-13
TASK_02802,Integrate email notifications,DevOps,Medium,David,Pending,1,0,2026-07-14,2026-08-01
TASK_02803,Implement chatbot,DevOps,High,Grace,In Progress,4,0,2026-07-05,2026-07-30
TASK_02804,Implement payment gateway,Backend,Critical,David,On Hold,7,0,2026-04-15,2026-05-14
TASK_02805,Update project documentation,Documentation,Low,Henry,In Progress,15,14,2026-07-21,2026-08-05
TASK_02806,Implement payment gateway,Feature,Medium,David,Completed,14,5,2026-05-31,2026-06-15
TASK_02807,Add search functionality,Bug,Low,Alice,Completed,8,0,2026-02-28,2026-03-03
TASK_02808,Design dashboard UI,Testing,Low,Alice,On Hold,4,2,2026-01-28,2026-02-19
TASK_02809,Implement chatbot,Database,Low,Emma,Pending,8,7,2026-04-17,2026-04-29
TASK_02810,Create reports module,Feature,High,Emma,In Progress,13,13,2026-05-22,2026-06-10
TASK_02811,Implement chatbot,UI/UX,Low,Henry,On Hold,2,1,2026-02-23,2026-03-02
TASK_02812,Refactor backend code,Security,Low,Frank,In Progress,18,12,2026-04-01,2026-04-20
TASK_02813,Build admin panel,Documentation,Medium,Grace,In Progress,3,0,2026-04-26,2026-05-15
TASK_02814,Create REST API,Security,High,David,Pending,2,2,2026-05-11,2026-05-31
TASK_02815,Integrate email notifications,UI/UX,Medium,David,Pending,5,0,2026-04-14,2026-05-10
TASK_02816,Integrate email notifications,DevOps,High,Henry,In Progress,11,9,2026-05-08,2026-05-15
TASK_02817,Create reports module,Database,High,Emma,Completed,5,2,2026-02-02,2026-02-08
TASK_02818,Integrate email notifications,Security,High,Bob,Pending,18,9,2026-04-20,2026-05-03
TASK_02819,Build admin panel,Backend,Medium,David,On Hold,9,3,2026-01-31,2026-02-02
TASK_02820,Integrate email notifications,Testing,High,Alice,On Hold,4,1,2026-05-28,2026-06-25
TASK_02821,Build admin panel,Testing,Critical,David,Completed,14,5,2026-04-14,2026-05-03
TASK_02822,Create REST API,UI/UX,Critical,David,Completed,12,10,2026-03-14,2026-04-13
TASK_02823,Implement chatbot,UI/UX,Critical,Emma,Pending,1,1,2026-05-28,2026-06-21
TASK_02824,Improve application performance,Security,Medium,Charlie,Pending,11,1,2026-05-09,2026-05-26
TASK_02825,Integrate email notifications,Backend,Medium,Frank,In Progress,16,0,2026-06-28,2026-07-11
TASK_02826,Implement payment gateway,DevOps,Low,Grace,In Progress,5,5,2026-03-27,2026-04-20
TASK_02827,Develop analytics dashboard,Database,Medium,David,In Progress,13,0,2026-03-02,2026-03-06
TASK_02828,Configure CI/CD pipeline,Feature,High,Emma,Completed,13,11,2026-03-08,2026-04-06
TASK_02829,Update project documentation,UI/UX,High,David,On Hold,2,2,2026-02-02,2026-02-05
TASK_02830,Deploy application,Frontend,Critical,Grace,Pending,7,6,2026-05-07,2026-05-24
TASK_02831,Implement dark mode,DevOps,Medium,Grace,In Progress,20,3,2026-05-23,2026-06-09
TASK_02832,Configure CI/CD pipeline,Testing,Low,Grace,Pending,2,2,2026-05-15,2026-06-01
TASK_02833,Update project documentation,DevOps,Medium,Henry,Pending,7,0,2026-03-10,2026-04-09
TASK_02834,Create reports module,UI/UX,High,Emma,Completed,3,0,2026-02-01,2026-02-09
TASK_02835,Create REST API,Documentation,Critical,Grace,On Hold,1,1,2026-03-31,2026-04-09
TASK_02836,Create reports module,Frontend,Medium,Henry,On Hold,15,0,2026-03-15,2026-03-28
TASK_02837,Implement payment gateway,Backend,High,Alice,Pending,19,1,2026-06-25,2026-07-24
TASK_02838,Create REST API,Security,Medium,Emma,Completed,8,3,2026-05-28,2026-06-02
TASK_02839,Implement payment gateway,Feature,Critical,Frank,In Progress,4,2,2026-06-29,2026-07-01
TASK_02840,Implement dark mode,Security,Medium,Alice,In Progress,20,17,2026-03-04,2026-03-30
TASK_02841,Write unit tests,Testing,Low,Alice,On Hold,17,1,2026-03-23,2026-04-21
TASK_02842,Add search functionality,DevOps,Critical,Alice,On Hold,4,2,2026-03-02,2026-03-12
TASK_02843,Develop user profile page,Testing,Low,Bob,Completed,9,1,2026-02-27,2026-03-12
TASK_02844,Write unit tests,Backend,Critical,Frank,Pending,5,5,2026-07-14,2026-08-08
TASK_02845,Fix login authentication bug,Security,Medium,Emma,On Hold,10,2,2026-05-13,2026-05-26
TASK_02846,Implement payment gateway,Security,Critical,Henry,On Hold,8,7,2026-05-31,2026-06-15
TASK_02847,Write unit tests,Feature,Medium,Grace,Pending,11,3,2026-02-24,2026-03-18
TASK_02848,Add search functionality,Database,Critical,Alice,In Progress,11,0,2026-06-29,2026-07-24
TASK_02849,Refactor backend code,Feature,Low,Frank,Completed,14,8,2026-05-28,2026-06-06
TASK_02850,Fix login authentication bug,Testing,Critical,Grace,Completed,8,2,2026-05-17,2026-06-11
TASK_02851,Deploy application,Security,Low,Emma,Completed,16,10,2026-03-31,2026-04-04
TASK_02852,Create reports module,Bug,Medium,Charlie,Pending,1,0,2026-06-03,2026-06-20
TASK_02853,Implement chatbot,Testing,Critical,Grace,On Hold,10,9,2026-02-26,2026-03-28
TASK_02854,Develop user profile page,Bug,High,Emma,On Hold,20,10,2026-06-09,2026-06-22
TASK_02855,Add search functionality,Documentation,Low,Alice,On Hold,9,3,2026-03-29,2026-04-15
TASK_02856,Implement chatbot,DevOps,Critical,Grace,Pending,15,7,2026-05-03,2026-05-26
TASK_02857,Implement dark mode,Feature,Low,Emma,Pending,12,12,2026-04-12,2026-05-10
TASK_02858,Create REST API,Documentation,Low,Henry,Completed,4,3,2026-04-29,2026-05-26
TASK_02859,Develop analytics dashboard,Backend,Medium,Alice,Completed,7,4,2026-07-21,2026-08-15
TASK_02860,Fix responsive layout,Testing,Medium,Frank,In Progress,12,9,2026-06-11,2026-06-29
TASK_02861,Deploy application,Backend,Low,Grace,Completed,14,10,2026-03-02,2026-03-14
TASK_02862,Build admin panel,Bug,Low,Alice,On Hold,5,5,2026-02-25,2026-03-22
TASK_02863,Build admin panel,UI/UX,Medium,David,On Hold,15,10,2026-05-07,2026-05-24
TASK_02864,Fix responsive layout,UI/UX,Critical,Emma,Completed,20,15,2026-04-28,2026-05-07
TASK_02865,Implement payment gateway,Backend,Critical,Grace,Completed,18,2,2026-06-09,2026-06-13
TASK_02866,Implement chatbot,Database,Low,Bob,In Progress,4,0,2026-06-07,2026-06-23
TASK_02867,Create REST API,Testing,Medium,David,Completed,14,3,2026-03-03,2026-03-26
TASK_02868,Optimize SQL queries,Security,Low,Charlie,On Hold,13,2,2026-06-03,2026-06-16
TASK_02869,Write unit tests,DevOps,Low,Bob,On Hold,8,8,2026-07-18,2026-08-01
TASK_02870,Develop analytics dashboard,Testing,Low,Henry,In Progress,6,2,2026-03-15,2026-04-05
TASK_02871,Develop analytics dashboard,Documentation,High,Alice,Pending,9,8,2026-04-13,2026-05-01
TASK_02872,Integrate email notifications,Frontend,Medium,Bob,Pending,20,1,2026-04-10,2026-04-20
TASK_02873,Build admin panel,UI/UX,Critical,Charlie,Completed,6,2,2026-07-09,2026-08-06
TASK_02874,Deploy application,Testing,High,David,In Progress,12,1,2026-01-30,2026-02-17
TASK_02875,Configure CI/CD pipeline,Database,Low,David,Completed,6,2,2026-03-21,2026-04-03
TASK_02876,Implement payment gateway,Database,Medium,Charlie,On Hold,17,2,2026-07-09,2026-07-31
TASK_02877,Fix login authentication bug,Feature,High,Emma,Pending,3,3,2026-05-28,2026-06-08
TASK_02878,Create REST API,Database,Medium,David,In Progress,9,7,2026-03-02,2026-03-28
TASK_02879,Fix login authentication bug,Database,Critical,Frank,In Progress,16,0,2026-07-18,2026-08-05
TASK_02880,Update project documentation,Database,Low,Bob,Pending,7,6,2026-05-26,2026-05-30
TASK_02881,Implement payment gateway,UI/UX,Low,Alice,In Progress,5,3,2026-06-13,2026-07-05
TASK_02882,Build admin panel,Feature,High,Bob,On Hold,11,2,2026-06-04,2026-07-01
TASK_02883,Deploy application,Testing,Medium,David,On Hold,12,11,2026-04-24,2026-04-28
TASK_02884,Implement payment gateway,Database,Medium,Henry,In Progress,10,4,2026-03-17,2026-04-15
TASK_02885,Integrate email notifications,Backend,High,Emma,On Hold,18,5,2026-03-28,2026-04-11
TASK_02886,Develop analytics dashboard,Database,High,Henry,Pending,1,1,2026-04-11,2026-04-14
TASK_02887,Optimize SQL queries,Bug,Low,Alice,On Hold,15,1,2026-07-20,2026-08-02
TASK_02888,Design dashboard UI,Bug,Critical,Emma,In Progress,1,0,2026-05-13,2026-05-18
TASK_02889,Create reports module,Security,Medium,Alice,On Hold,3,0,2026-04-17,2026-05-16
TASK_02890,Develop analytics dashboard,Frontend,Low,David,In Progress,19,17,2026-04-01,2026-04-30
TASK_02891,Improve application performance,Security,Medium,Charlie,Completed,14,11,2026-02-06,2026-02-21
TASK_02892,Add search functionality,UI/UX,High,Alice,In Progress,20,12,2026-03-03,2026-04-02
TASK_02893,Implement dark mode,Database,High,Grace,Completed,2,1,2026-07-15,2026-07-30
TASK_02894,Improve application performance,DevOps,Critical,Emma,On Hold,7,0,2026-06-23,2026-07-07
TASK_02895,Create REST API,Testing,Medium,Frank,Pending,15,5,2026-02-28,2026-03-12
TASK_02896,Fix responsive layout,Security,High,Frank,On Hold,19,16,2026-05-04,2026-05-13
TASK_02897,Update project documentation,Documentation,Low,Alice,Completed,18,14,2026-07-04,2026-07-28
TASK_02898,Create reports module,Bug,Critical,Charlie,In Progress,14,2,2026-04-10,2026-04-17
TASK_02899,Configure CI/CD pipeline,Frontend,Critical,David,In Progress,17,11,2026-05-02,2026-05-13
TASK_02900,Create reports module,Backend,Critical,Charlie,On Hold,10,2,2026-06-27,2026-07-19
TASK_02901,Implement chatbot,Bug,High,Frank,In Progress,1,0,2026-05-04,2026-05-22
TASK_02902,Write unit tests,UI/UX,High,Bob,Pending,2,1,2026-05-12,2026-05-20
TASK_02903,Update project documentation,DevOps,Medium,Henry,Completed,11,5,2026-01-29,2026-01-31
TASK_02904,Write unit tests,Bug,Low,David,On Hold,3,1,2026-01-29,2026-02-22
TASK_02905,Implement dark mode,UI/UX,Medium,Charlie,Pending,15,9,2026-05-06,2026-05-30
TASK_02906,Implement dark mode,DevOps,Low,Henry,Pending,19,15,2026-02-06,2026-02-15
TASK_02907,Create reports module,Documentation,Medium,David,On Hold,18,10,2026-03-26,2026-04-02
TASK_02908,Design dashboard UI,UI/UX,High,Bob,On Hold,18,11,2026-07-02,2026-07-06
TASK_02909,Implement dark mode,Testing,Low,Alice,Pending,4,1,2026-07-21,2026-08-02
TASK_02910,Configure CI/CD pipeline,Database,Low,Henry,On Hold,13,8,2026-03-13,2026-03-16
TASK_02911,Implement chatbot,Testing,High,Frank,Pending,17,12,2026-03-09,2026-04-07
TASK_02912,Improve application performance,Security,Low,Grace,Completed,5,4,2026-03-06,2026-04-03
TASK_02913,Fix responsive layout,Database,High,Bob,Pending,14,8,2026-07-05,2026-07-22
TASK_02914,Implement dark mode,Documentation,Low,Bob,On Hold,12,10,2026-06-12,2026-06-26
TASK_02915,Build admin panel,Bug,High,Bob,In Progress,6,1,2026-03-28,2026-04-12
TASK_02916,Update project documentation,DevOps,Critical,David,Pending,10,5,2026-02-22,2026-03-05
TASK_02917,Improve application performance,Testing,Medium,Henry,Pending,2,0,2026-06-06,2026-06-10
TASK_02918,Improve application performance,DevOps,Critical,Charlie,In Progress,12,8,2026-03-22,2026-04-07
TASK_02919,Configure CI/CD pipeline,Backend,Low,Charlie,Pending,12,5,2026-04-21,2026-05-02
TASK_02920,Develop analytics dashboard,Testing,Critical,Frank,Completed,14,11,2026-06-24,2026-07-03
TASK_02921,Create reports module,Database,Low,Charlie,Completed,19,8,2026-06-08,2026-06-19
TASK_02922,Design dashboard UI,Bug,Low,David,In Progress,1,0,2026-03-30,2026-04-01
TASK_02923,Refactor backend code,DevOps,Critical,Emma,In Progress,14,10,2026-06-28,2026-07-14
TASK_02924,Optimize SQL queries,DevOps,Critical,Alice,In Progress,18,4,2026-05-18,2026-06-11
TASK_02925,Deploy application,Frontend,Critical,Bob,On Hold,5,4,2026-04-21,2026-05-21
TASK_02926,Design dashboard UI,Frontend,Medium,Henry,In Progress,8,1,2026-05-11,2026-05-14
TASK_02927,Create reports module,DevOps,High,Grace,Pending,18,9,2026-06-23,2026-07-11
TASK_02928,Design dashboard UI,Feature,Critical,David,On Hold,13,1,2026-02-26,2026-03-02
TASK_02929,Implement dark mode,Bug,High,Henry,Completed,20,18,2026-04-22,2026-05-20
TASK_02930,Integrate email notifications,Feature,Low,David,Completed,15,4,2026-03-29,2026-04-13
TASK_02931,Design dashboard UI,Feature,High,David,On Hold,9,7,2026-06-01,2026-06-09
TASK_02932,Develop analytics dashboard,Security,Medium,Charlie,Completed,4,1,2026-02-23,2026-03-18
TASK_02933,Improve application performance,Frontend,Low,Emma,On Hold,18,10,2026-03-30,2026-04-06
TASK_02934,Develop analytics dashboard,Backend,High,David,Completed,17,6,2026-06-14,2026-06-26
TASK_02935,Configure CI/CD pipeline,Backend,Critical,Frank,On Hold,8,7,2026-05-11,2026-05-25
TASK_02936,Fix login authentication bug,Bug,Critical,David,Pending,11,4,2026-03-09,2026-03-24
TASK_02937,Fix responsive layout,Security,High,David,On Hold,20,9,2026-03-06,2026-04-05
TASK_02938,Optimize SQL queries,Security,Low,David,In Progress,19,7,2026-02-08,2026-03-01
TASK_02939,Build admin panel,Testing,Medium,Henry,Pending,9,4,2026-07-21,2026-07-24
TASK_02940,Deploy application,Testing,Medium,Emma,In Progress,9,2,2026-02-19,2026-03-21
TASK_02941,Create REST API,Testing,High,Henry,Pending,13,5,2026-06-11,2026-07-07
TASK_02942,Design dashboard UI,Frontend,High,Frank,On Hold,3,0,2026-07-14,2026-07-25
TASK_02943,Integrate email notifications,Backend,High,Alice,On Hold,19,6,2026-05-03,2026-05-12
TASK_02944,Create REST API,Security,Low,Henry,Pending,20,13,2026-06-07,2026-06-26
TASK_02945,Configure CI/CD pipeline,Testing,Critical,Emma,On Hold,20,17,2026-02-20,2026-03-09
TASK_02946,Create reports module,Backend,Low,Bob,Pending,2,0,2026-07-08,2026-07-14
TASK_02947,Create REST API,Backend,High,Grace,Completed,2,2,2026-06-21,2026-07-03
TASK_02948,Update project documentation,Backend,Medium,David,On Hold,20,6,2026-06-14,2026-06-18
TASK_02949,Integrate email notifications,Security,Low,Charlie,In Progress,8,3,2026-07-03,2026-07-06
TASK_02950,Optimize SQL queries,Security,High,David,Pending,17,2,2026-03-23,2026-04-13
TASK_02951,Add search functionality,Bug,High,Alice,Pending,8,6,2026-07-22,2026-08-15
TASK_02952,Add search functionality,Documentation,Medium,David,On Hold,14,4,2026-05-15,2026-05-21
TASK_02953,Develop user profile page,Frontend,High,Alice,Completed,18,13,2026-03-01,2026-03-03
TASK_02954,Write unit tests,DevOps,Critical,Alice,Completed,14,8,2026-04-29,2026-05-08
TASK_02955,Create reports module,Documentation,Low,Bob,Completed,8,3,2026-04-16,2026-05-07
TASK_02956,Build admin panel,Frontend,Low,Henry,On Hold,12,8,2026-05-11,2026-06-07
TASK_02957,Build admin panel,Documentation,Medium,Alice,Pending,2,2,2026-07-11,2026-08-09
TASK_02958,Design dashboard UI,Feature,Low,David,On Hold,2,0,2026-06-03,2026-07-03
TASK_02959,Implement chatbot,Testing,Medium,Henry,Pending,9,5,2026-05-16,2026-05-22
TASK_02960,Improve application performance,Feature,Critical,Henry,Pending,19,9,2026-01-30,2026-02-18
TASK_02961,Fix login authentication bug,Frontend,Low,Frank,Completed,8,0,2026-02-21,2026-03-17
TASK_02962,Implement dark mode,Bug,Low,Bob,On Hold,5,5,2026-03-22,2026-03-27
TASK_02963,Implement payment gateway,DevOps,Critical,Frank,In Progress,4,2,2026-03-05,2026-03-26
TASK_02964,Create REST API,Backend,Critical,Bob,Completed,13,6,2026-05-13,2026-05-21
TASK_02965,Develop user profile page,Documentation,Medium,Charlie,Pending,3,1,2026-05-04,2026-06-01
TASK_02966,Integrate email notifications,Documentation,Critical,Charlie,Completed,7,4,2026-02-07,2026-02-21
TASK_02967,Configure CI/CD pipeline,Database,Critical,Alice,On Hold,2,2,2026-02-14,2026-03-09
TASK_02968,Implement chatbot,DevOps,Low,Grace,In Progress,3,0,2026-04-27,2026-05-20
TASK_02969,Create REST API,Feature,Medium,Grace,On Hold,11,4,2026-03-20,2026-03-29
TASK_02970,Fix responsive layout,Documentation,Low,Grace,In Progress,18,12,2026-07-12,2026-08-08
TASK_02971,Develop user profile page,UI/UX,High,Alice,Completed,13,13,2026-04-27,2026-05-11
TASK_02972,Develop user profile page,UI/UX,Medium,Charlie,On Hold,17,2,2026-06-13,2026-07-12
TASK_02973,Design dashboard UI,Feature,Low,Emma,In Progress,17,15,2026-04-08,2026-05-02
TASK_02974,Write unit tests,Database,High,Frank,In Progress,7,5,2026-03-04,2026-03-10
TASK_02975,Optimize SQL queries,Database,High,Bob,In Progress,7,6,2026-04-08,2026-04-20
TASK_02976,Build admin panel,Documentation,Critical,Charlie,On Hold,1,0,2026-02-21,2026-02-23
TASK_02977,Deploy application,DevOps,Medium,Frank,Pending,7,3,2026-02-17,2026-03-13
TASK_02978,Improve application performance,Feature,Low,Frank,Completed,18,13,2026-06-25,2026-07-12
TASK_02979,Add search functionality,Frontend,Critical,Frank,In Progress,12,3,2026-02-20,2026-03-11
TASK_02980,Add search functionality,Feature,Medium,Alice,In Progress,5,1,2026-04-04,2026-05-03
TASK_02981,Implement payment gateway,DevOps,High,David,Pending,14,0,2026-07-10,2026-07-16
TASK_02982,Update project documentation,DevOps,Critical,Emma,In Progress,10,6,2026-03-11,2026-03-18
TASK_02983,Develop user profile page,Database,High,Emma,In Progress,1,0,2026-05-18,2026-06-17
TASK_02984,Optimize SQL queries,Backend,Low,Alice,Pending,7,3,2026-03-08,2026-03-12
TASK_02985,Improve application performance,DevOps,Low,Henry,On Hold,19,1,2026-03-16,2026-03-21
TASK_02986,Refactor backend code,Bug,Medium,Alice,Completed,15,5,2026-06-16,2026-06-18
TASK_02987,Improve application performance,Database,Medium,David,In Progress,7,2,2026-03-11,2026-04-01
TASK_02988,Refactor backend code,Security,Low,Bob,Completed,3,0,2026-04-04,2026-04-19
TASK_02989,Implement payment gateway,Bug,Medium,Grace,Completed,11,0,2026-04-21,2026-05-01
TASK_02990,Add search functionality,Backend,Low,David,On Hold,12,12,2026-05-26,2026-06-16
TASK_02991,Write unit tests,DevOps,Low,Emma,In Progress,17,11,2026-07-10,2026-08-01
TASK_02992,Build admin panel,DevOps,Low,Henry,On Hold,3,3,2026-07-15,2026-07-18
TASK_02993,Improve application performance,UI/UX,Critical,Frank,Pending,10,7,2026-06-17,2026-07-03
TASK_02994,Configure CI/CD pipeline,Feature,High,Charlie,In Progress,6,2,2026-06-10,2026-07-07
TASK_02995,Design dashboard UI,Testing,High,Henry,In Progress,11,4,2026-05-09,2026-05-20
TASK_02996,Optimize SQL queries,Database,Critical,David,Completed,15,11,2026-04-30,2026-05-16
TASK_02997,Integrate email notifications,Database,High,Alice,On Hold,14,9,2026-02-20,2026-03-17
TASK_02998,Design dashboard UI,Feature,Critical,David,In Progress,16,8,2026-04-11,2026-04-21
TASK_02999,Fix login authentication bug,Bug,Low,Emma,On Hold,9,8,2026-04-08,2026-05-05
TASK_03000,Create reports module,Security,Medium,Alice,Completed,17,7,2026-05-01,2026-05-04
TASK_03001,Design dashboard UI,Bug,Low,Emma,Pending,8,6,2026-06-27,2026-07-24
TASK_03002,Write unit tests,Security,Medium,Charlie,In Progress,13,6,2026-06-28,2026-07-19
TASK_03003,Write unit tests,Feature,Low,Alice,Pending,19,8,2026-06-05,2026-06-28
TASK_03004,Implement chatbot,DevOps,Critical,Emma,On Hold,8,5,2026-02-13,2026-02-22
TASK_03005,Develop analytics dashboard,Database,Critical,Bob,Completed,10,4,2026-07-21,2026-08-14
TASK_03006,Implement chatbot,Backend,Critical,Bob,Pending,11,7,2026-03-06,2026-03-20
TASK_03007,Write unit tests,Testing,High,Bob,In Progress,2,2,2026-04-03,2026-04-09
TASK_03008,Develop analytics dashboard,Security,Critical,Charlie,In Progress,2,2,2026-04-01,2026-04-11
TASK_03009,Deploy application,UI/UX,Medium,Bob,Completed,14,13,2026-06-20,2026-07-06
TASK_03010,Improve application performance,Database,Medium,Emma,Pending,5,4,2026-04-06,2026-04-24
TASK_03011,Configure CI/CD pipeline,Testing,Medium,Henry,On Hold,14,12,2026-05-18,2026-06-05
TASK_03012,Improve application performance,Security,High,Charlie,On Hold,15,13,2026-07-16,2026-07-29
TASK_03013,Create reports module,Frontend,High,David,Pending,15,3,2026-01-29,2026-02-10
TASK_03014,Create reports module,Backend,Medium,Grace,In Progress,2,1,2026-05-19,2026-05-22
TASK_03015,Design dashboard UI,Database,High,Charlie,Pending,12,8,2026-02-27,2026-03-07
TASK_03016,Fix responsive layout,Documentation,Medium,David,Pending,6,6,2026-05-07,2026-05-30
TASK_03017,Develop user profile page,Documentation,Critical,Grace,Completed,3,3,2026-02-05,2026-02-08
TASK_03018,Update project documentation,UI/UX,Critical,Bob,Pending,12,10,2026-06-13,2026-06-15
TASK_03019,Create REST API,DevOps,Low,David,In Progress,2,0,2026-07-05,2026-07-08
TASK_03020,Develop analytics dashboard,Backend,Low,Bob,Completed,10,5,2026-06-24,2026-07-05
TASK_03021,Integrate email notifications,Security,Medium,Frank,Pending,14,8,2026-06-02,2026-06-29
TASK_03022,Write unit tests,Database,Low,Charlie,In Progress,12,4,2026-07-24,2026-08-22
TASK_03023,Fix login authentication bug,Testing,Low,Charlie,In Progress,16,14,2026-03-06,2026-04-04
TASK_03024,Integrate email notifications,Database,Critical,Frank,Completed,3,0,2026-06-26,2026-07-22
TASK_03025,Develop user profile page,Documentation,Medium,Bob,Pending,10,0,2026-06-28,2026-07-05
TASK_03026,Fix responsive layout,Security,Medium,Alice,In Progress,3,3,2026-03-19,2026-04-12
TASK_03027,Deploy application,Database,High,Frank,In Progress,1,1,2026-07-09,2026-08-01
TASK_03028,Develop user profile page,Bug,Medium,Emma,In Progress,19,5,2026-06-19,2026-06-28
TASK_03029,Implement dark mode,Bug,Low,Bob,Pending,11,6,2026-02-09,2026-03-05
TASK_03030,Add search functionality,UI/UX,Critical,Henry,In Progress,11,3,2026-07-25,2026-08-11
TASK_03031,Fix responsive layout,UI/UX,Low,Alice,On Hold,20,7,2026-02-24,2026-03-07
TASK_03032,Build admin panel,Frontend,Low,Alice,On Hold,18,2,2026-06-27,2026-07-04
TASK_03033,Configure CI/CD pipeline,Feature,High,Grace,Pending,6,6,2026-07-24,2026-08-19
TASK_03034,Add search functionality,Backend,Critical,Bob,In Progress,14,3,2026-02-18,2026-02-23
TASK_03035,Fix responsive layout,UI/UX,Critical,Emma,On Hold,2,1,2026-06-08,2026-06-21
TASK_03036,Add search functionality,Frontend,Low,Charlie,Pending,20,17,2026-06-10,2026-07-05
TASK_03037,Build admin panel,Bug,Critical,Grace,Completed,20,4,2026-06-19,2026-07-12
TASK_03038,Develop analytics dashboard,Testing,Low,David,On Hold,6,1,2026-01-28,2026-02-19
TASK_03039,Configure CI/CD pipeline,Feature,Critical,Emma,Completed,16,8,2026-03-02,2026-03-11
TASK_03040,Configure CI/CD pipeline,Security,Critical,Henry,Pending,16,3,2026-06-05,2026-06-17
TASK_03041,Implement chatbot,DevOps,High,Bob,Pending,16,10,2026-07-17,2026-08-02
TASK_03042,Build admin panel,DevOps,Critical,Frank,On Hold,13,7,2026-03-05,2026-03-31
TASK_03043,Create REST API,DevOps,High,Charlie,In Progress,16,13,2026-03-24,2026-03-31
TASK_03044,Fix responsive layout,UI/UX,Critical,Alice,On Hold,20,2,2026-02-20,2026-03-03
TASK_03045,Configure CI/CD pipeline,Feature,High,Emma,In Progress,7,5,2026-02-24,2026-03-19
TASK_03046,Build admin panel,Database,Medium,Bob,On Hold,15,12,2026-02-27,2026-03-16
TASK_03047,Update project documentation,Feature,High,David,Pending,9,3,2026-04-18,2026-05-02
TASK_03048,Refactor backend code,Testing,Critical,Charlie,On Hold,17,1,2026-07-26,2026-08-25
TASK_03049,Deploy application,UI/UX,Low,David,On Hold,11,0,2026-07-17,2026-08-09
TASK_03050,Deploy application,Feature,High,Grace,Completed,7,1,2026-03-19,2026-03-21
TASK_03051,Fix login authentication bug,Feature,Medium,Emma,Pending,16,11,2026-04-09,2026-04-28
TASK_03052,Fix responsive layout,Bug,Critical,Alice,On Hold,3,0,2026-07-23,2026-08-03
TASK_03053,Deploy application,UI/UX,Critical,Emma,Pending,16,10,2026-06-18,2026-07-14
TASK_03054,Create REST API,UI/UX,Critical,Emma,Pending,19,16,2026-06-02,2026-06-06
TASK_03055,Write unit tests,UI/UX,Critical,Bob,Pending,6,3,2026-05-23,2026-05-27
TASK_03056,Develop user profile page,Security,Medium,Frank,In Progress,11,1,2026-02-21,2026-03-10
TASK_03057,Refactor backend code,Bug,Critical,Bob,Completed,6,3,2026-03-15,2026-04-07
TASK_03058,Create reports module,Frontend,Critical,Grace,In Progress,1,1,2026-06-23,2026-07-06
TASK_03059,Optimize SQL queries,Testing,High,Henry,On Hold,10,3,2026-04-05,2026-04-17
TASK_03060,Write unit tests,Database,High,Charlie,On Hold,13,2,2026-04-24,2026-05-15
TASK_03061,Refactor backend code,Security,High,Grace,Completed,19,13,2026-02-22,2026-02-27
TASK_03062,Develop user profile page,Security,High,Bob,On Hold,17,16,2026-02-03,2026-02-05
TASK_03063,Fix login authentication bug,Backend,Critical,Henry,In Progress,15,5,2026-03-11,2026-03-23
TASK_03064,Integrate email notifications,Frontend,Critical,Emma,In Progress,2,1,2026-02-10,2026-02-14
TASK_03065,Update project documentation,Security,High,Henry,Completed,11,11,2026-06-06,2026-07-04
TASK_03066,Implement dark mode,Testing,High,Henry,In Progress,15,2,2026-06-18,2026-07-02
TASK_03067,Add search functionality,Frontend,Medium,Bob,Pending,11,11,2026-07-21,2026-07-26
TASK_03068,Improve application performance,Testing,Critical,Emma,Completed,2,2,2026-07-11,2026-08-09
TASK_03069,Create reports module,Documentation,High,David,In Progress,14,12,2026-07-18,2026-08-11
TASK_03070,Fix responsive layout,DevOps,Medium,Frank,Completed,14,8,2026-02-23,2026-03-12
TASK_03071,Fix responsive layout,Documentation,Low,Frank,Pending,12,7,2026-04-26,2026-05-19
TASK_03072,Deploy application,Documentation,Medium,Henry,Pending,8,1,2026-02-14,2026-03-13
TASK_03073,Develop analytics dashboard,Backend,Critical,Charlie,In Progress,11,1,2026-02-13,2026-03-13
TASK_03074,Fix responsive layout,Bug,High,Bob,In Progress,19,1,2026-04-16,2026-04-23
TASK_03075,Update project documentation,DevOps,Medium,Henry,In Progress,4,2,2026-05-25,2026-06-18
TASK_03076,Implement chatbot,Backend,Low,Charlie,On Hold,16,10,2026-05-11,2026-05-25
TASK_03077,Implement payment gateway,Backend,High,Frank,In Progress,6,5,2026-05-10,2026-05-25
TASK_03078,Develop user profile page,UI/UX,Critical,David,On Hold,19,1,2026-04-13,2026-05-10
TASK_03079,Update project documentation,Security,Low,Alice,Pending,9,9,2026-04-28,2026-05-10
TASK_03080,Implement payment gateway,Feature,Critical,Grace,Pending,6,0,2026-05-11,2026-05-18
TASK_03081,Fix responsive layout,Database,Medium,David,Completed,12,7,2026-03-23,2026-04-21
TASK_03082,Fix login authentication bug,UI/UX,Critical,Grace,Completed,2,0,2026-05-11,2026-06-08
TASK_03083,Integrate email notifications,Security,Low,Emma,On Hold,2,0,2026-02-24,2026-03-01
TASK_03084,Create reports module,Frontend,Medium,Grace,In Progress,10,1,2026-07-23,2026-08-04
TASK_03085,Build admin panel,Bug,Critical,Frank,In Progress,12,2,2026-07-07,2026-07-27
TASK_03086,Develop analytics dashboard,UI/UX,Medium,Bob,On Hold,12,9,2026-07-08,2026-08-03
TASK_03087,Fix responsive layout,Feature,Medium,Henry,Completed,5,2,2026-05-17,2026-05-27
TASK_03088,Integrate email notifications,Documentation,Medium,Emma,Pending,5,2,2026-06-04,2026-06-06
TASK_03089,Update project documentation,Documentation,Medium,Alice,Completed,11,1,2026-06-28,2026-07-14
TASK_03090,Design dashboard UI,UI/UX,Low,Alice,Pending,3,3,2026-02-06,2026-02-26
TASK_03091,Configure CI/CD pipeline,Backend,Medium,Henry,Completed,19,16,2026-06-11,2026-06-27
TASK_03092,Configure CI/CD pipeline,Security,Critical,David,On Hold,15,10,2026-03-04,2026-03-18
TASK_03093,Fix responsive layout,Backend,Low,Alice,In Progress,4,4,2026-06-11,2026-06-13
TASK_03094,Refactor backend code,DevOps,Low,Henry,On Hold,7,4,2026-03-31,2026-04-20
TASK_03095,Improve application performance,Backend,High,David,Completed,5,3,2026-04-18,2026-04-22
TASK_03096,Fix responsive layout,Database,Critical,Frank,Pending,6,0,2026-06-16,2026-06-24
TASK_03097,Implement payment gateway,Bug,High,Frank,On Hold,13,2,2026-05-31,2026-06-02
TASK_03098,Write unit tests,Bug,High,Alice,Completed,7,3,2026-04-01,2026-04-27
TASK_03099,Implement chatbot,Documentation,Medium,Charlie,Pending,8,3,2026-03-04,2026-03-16
TASK_03100,Write unit tests,Backend,High,Henry,Completed,9,3,2026-05-03,2026-05-17
TASK_03101,Build admin panel,DevOps,Critical,Henry,Pending,15,6,2026-02-16,2026-03-01
TASK_03102,Create REST API,Database,High,Grace,On Hold,8,0,2026-02-25,2026-03-18
TASK_03103,Update project documentation,Documentation,Medium,David,On Hold,12,6,2026-04-23,2026-04-30
TASK_03104,Fix responsive layout,Backend,High,Henry,On Hold,1,0,2026-02-15,2026-02-20
TASK_03105,Write unit tests,Backend,Medium,David,On Hold,17,5,2026-06-27,2026-07-14
TASK_03106,Fix responsive layout,DevOps,Critical,Bob,Pending,5,2,2026-07-11,2026-08-06
TASK_03107,Fix responsive layout,Feature,Medium,David,On Hold,15,13,2026-04-10,2026-04-20
TASK_03108,Create REST API,Testing,Critical,Henry,Completed,1,1,2026-06-16,2026-07-10
TASK_03109,Write unit tests,Database,Low,Charlie,Pending,14,12,2026-03-01,2026-03-11
TASK_03110,Implement dark mode,DevOps,Medium,Henry,In Progress,10,9,2026-05-06,2026-05-22
TASK_03111,Implement chatbot,DevOps,High,Grace,Pending,7,2,2026-06-13,2026-06-15
TASK_03112,Fix responsive layout,DevOps,Medium,Alice,On Hold,11,3,2026-06-06,2026-06-10
TASK_03113,Build admin panel,Frontend,Low,Frank,In Progress,1,1,2026-06-03,2026-06-28
TASK_03114,Fix responsive layout,Bug,Medium,Grace,Completed,4,1,2026-04-27,2026-05-07
TASK_03115,Update project documentation,Frontend,Medium,David,Completed,6,5,2026-05-19,2026-06-09
TASK_03116,Develop analytics dashboard,Testing,Medium,Emma,Completed,9,3,2026-07-20,2026-07-22
TASK_03117,Develop analytics dashboard,Documentation,High,Charlie,On Hold,10,3,2026-06-25,2026-07-15
TASK_03118,Write unit tests,Frontend,Low,Alice,Pending,16,16,2026-06-05,2026-06-15
TASK_03119,Optimize SQL queries,Backend,High,Emma,Completed,14,3,2026-03-26,2026-04-05
TASK_03120,Deploy application,UI/UX,Critical,Grace,Completed,2,1,2026-06-29,2026-07-17
TASK_03121,Improve application performance,Feature,Critical,Henry,Completed,14,6,2026-02-05,2026-03-04
TASK_03122,Implement dark mode,Frontend,Low,Alice,In Progress,13,0,2026-04-20,2026-04-25
TASK_03123,Implement dark mode,Database,Medium,Bob,Pending,10,0,2026-06-04,2026-06-10
TASK_03124,Create reports module,Bug,Medium,Bob,On Hold,6,2,2026-05-16,2026-06-06
TASK_03125,Build admin panel,Feature,High,Frank,On Hold,12,9,2026-05-22,2026-06-20
TASK_03126,Deploy application,Documentation,Medium,Grace,Pending,13,7,2026-07-14,2026-07-21
TASK_03127,Implement payment gateway,Database,Critical,Frank,Completed,18,4,2026-02-07,2026-03-07
TASK_03128,Write unit tests,Security,Critical,Grace,In Progress,19,5,2026-05-15,2026-06-02
TASK_03129,Build admin panel,Bug,Medium,Emma,On Hold,19,6,2026-02-07,2026-03-05
TASK_03130,Develop user profile page,Bug,Medium,Alice,Completed,7,5,2026-03-07,2026-03-19
TASK_03131,Build admin panel,DevOps,High,Alice,Completed,13,7,2026-02-26,2026-03-22
TASK_03132,Deploy application,Testing,Critical,Grace,On Hold,6,1,2026-07-26,2026-08-03
TASK_03133,Build admin panel,Feature,Low,Henry,Pending,7,2,2026-02-24,2026-03-19
TASK_03134,Implement chatbot,Feature,Low,Alice,On Hold,20,3,2026-03-08,2026-04-01
TASK_03135,Configure CI/CD pipeline,Security,Critical,Alice,On Hold,3,0,2026-04-25,2026-05-18
TASK_03136,Fix login authentication bug,Testing,Critical,David,In Progress,6,5,2026-05-25,2026-05-28
TASK_03137,Create REST API,Feature,Critical,Charlie,Completed,1,1,2026-03-22,2026-04-14
TASK_03138,Build admin panel,Testing,Medium,Alice,On Hold,11,4,2026-03-06,2026-03-16
TASK_03139,Design dashboard UI,Bug,Low,Henry,Completed,14,9,2026-02-16,2026-03-13
TASK_03140,Write unit tests,Frontend,Low,Charlie,Pending,20,14,2026-03-31,2026-04-20
TASK_03141,Develop user profile page,DevOps,Critical,Henry,Pending,2,0,2026-04-26,2026-04-29
TASK_03142,Update project documentation,Testing,Medium,Grace,On Hold,5,3,2026-06-05,2026-06-19
TASK_03143,Implement chatbot,Bug,Critical,Emma,Completed,14,12,2026-06-04,2026-06-29
TASK_03144,Develop analytics dashboard,UI/UX,Low,Henry,On Hold,16,14,2026-05-16,2026-05-20
TASK_03145,Implement chatbot,Frontend,Medium,Alice,In Progress,19,10,2026-06-23,2026-07-16
TASK_03146,Update project documentation,Feature,Critical,David,Completed,6,3,2026-07-23,2026-08-01
TASK_03147,Design dashboard UI,DevOps,High,Frank,Completed,16,11,2026-03-23,2026-04-21
TASK_03148,Fix login authentication bug,UI/UX,High,Charlie,Pending,20,5,2026-04-12,2026-04-17
TASK_03149,Develop analytics dashboard,Backend,Critical,Henry,On Hold,6,0,2026-03-21,2026-04-04
TASK_03150,Implement chatbot,Bug,Critical,Charlie,On Hold,19,9,2026-03-09,2026-04-06
TASK_03151,Create REST API,Database,High,Emma,In Progress,2,1,2026-05-20,2026-06-03
TASK_03152,Develop user profile page,Backend,High,Grace,In Progress,13,9,2026-03-03,2026-03-29
TASK_03153,Design dashboard UI,Bug,High,Henry,On Hold,5,4,2026-06-09,2026-07-06
TASK_03154,Optimize SQL queries,Documentation,Medium,Alice,In Progress,13,11,2026-05-04,2026-05-18
TASK_03155,Create REST API,Security,Critical,Grace,In Progress,2,0,2026-06-04,2026-07-01
TASK_03156,Write unit tests,Security,Critical,Charlie,On Hold,12,2,2026-04-03,2026-04-09
TASK_03157,Optimize SQL queries,DevOps,High,Charlie,On Hold,19,10,2026-07-08,2026-08-06
TASK_03158,Implement payment gateway,Frontend,Medium,Grace,Pending,11,8,2026-02-21,2026-03-08
TASK_03159,Update project documentation,UI/UX,Critical,Frank,Completed,18,14,2026-02-02,2026-02-28
TASK_03160,Configure CI/CD pipeline,DevOps,High,Frank,In Progress,19,6,2026-02-26,2026-03-11
TASK_03161,Develop analytics dashboard,Bug,Critical,Henry,Completed,13,12,2026-07-10,2026-07-14
TASK_03162,Create REST API,Security,Medium,David,Completed,14,13,2026-05-14,2026-05-26
TASK_03163,Implement payment gateway,Security,Medium,David,In Progress,9,5,2026-07-12,2026-08-03
TASK_03164,Develop analytics dashboard,Security,Medium,David,Pending,1,0,2026-07-06,2026-07-26
TASK_03165,Develop analytics dashboard,Security,Critical,Henry,In Progress,19,2,2026-06-01,2026-06-15
TASK_03166,Implement dark mode,Bug,Critical,Emma,In Progress,1,1,2026-05-16,2026-05-29
TASK_03167,Integrate email notifications,Bug,Low,David,On Hold,1,1,2026-07-26,2026-08-14
TASK_03168,Create REST API,UI/UX,High,Frank,Pending,7,0,2026-02-01,2026-02-07
TASK_03169,Refactor backend code,Frontend,Critical,Alice,Pending,17,6,2026-06-18,2026-07-10
TASK_03170,Design dashboard UI,Backend,Medium,Alice,Pending,6,4,2026-06-06,2026-06-18
TASK_03171,Fix login authentication bug,Database,Low,David,In Progress,20,10,2026-05-09,2026-05-26
TASK_03172,Design dashboard UI,Bug,Medium,Alice,In Progress,8,4,2026-05-24,2026-06-16
TASK_03173,Develop user profile page,UI/UX,Low,Bob,In Progress,19,17,2026-04-06,2026-04-15
TASK_03174,Refactor backend code,DevOps,Critical,Frank,On Hold,19,18,2026-07-26,2026-08-08
TASK_03175,Improve application performance,Security,Critical,David,Pending,14,7,2026-04-27,2026-05-03
TASK_03176,Configure CI/CD pipeline,Backend,Low,Frank,On Hold,1,1,2026-03-01,2026-03-26
TASK_03177,Deploy application,UI/UX,High,David,Pending,16,3,2026-05-02,2026-05-05
TASK_03178,Deploy application,Testing,Low,Alice,In Progress,2,1,2026-02-19,2026-03-05
TASK_03179,Develop user profile page,Feature,Medium,David,Pending,11,1,2026-04-26,2026-05-26
TASK_03180,Create REST API,Security,High,Alice,In Progress,15,1,2026-06-26,2026-07-02
TASK_03181,Optimize SQL queries,Testing,High,Bob,In Progress,19,1,2026-04-23,2026-05-18
TASK_03182,Design dashboard UI,Frontend,Medium,Charlie,In Progress,14,10,2026-07-04,2026-07-20
TASK_03183,Refactor backend code,Feature,Critical,Frank,In Progress,12,4,2026-05-01,2026-05-16
TASK_03184,Implement payment gateway,Testing,High,Charlie,Pending,4,0,2026-06-15,2026-06-28
TASK_03185,Create REST API,DevOps,Critical,Emma,Completed,16,16,2026-04-14,2026-05-02
TASK_03186,Update project documentation,Database,High,Emma,Pending,9,0,2026-06-28,2026-07-10
TASK_03187,Improve application performance,Database,Medium,Grace,In Progress,14,12,2026-07-12,2026-07-19
TASK_03188,Develop user profile page,Security,High,Grace,Completed,8,5,2026-01-30,2026-02-09
TASK_03189,Implement dark mode,Testing,Medium,Charlie,In Progress,17,6,2026-04-30,2026-05-04
TASK_03190,Implement chatbot,Feature,Medium,Charlie,Completed,13,0,2026-05-18,2026-05-23
TASK_03191,Design dashboard UI,Bug,Low,Alice,Completed,8,7,2026-06-13,2026-06-20
TASK_03192,Add search functionality,Security,High,Charlie,In Progress,16,0,2026-03-23,2026-04-02
TASK_03193,Integrate email notifications,Testing,Low,Bob,On Hold,18,15,2026-02-12,2026-02-19
TASK_03194,Optimize SQL queries,Backend,High,Bob,On Hold,11,8,2026-05-11,2026-05-26
TASK_03195,Develop user profile page,Testing,Critical,Alice,In Progress,5,5,2026-06-21,2026-07-20
TASK_03196,Develop analytics dashboard,Database,Medium,Emma,Pending,12,0,2026-07-13,2026-08-10
TASK_03197,Implement payment gateway,Testing,Critical,Charlie,Pending,6,5,2026-06-05,2026-06-21
TASK_03198,Develop analytics dashboard,Frontend,Medium,Charlie,Completed,9,7,2026-07-22,2026-08-20
TASK_03199,Build admin panel,UI/UX,Critical,Bob,On Hold,10,8,2026-06-20,2026-07-01
TASK_03200,Optimize SQL queries,UI/UX,High,David,On Hold,1,0,2026-04-24,2026-05-14
TASK_03201,Create REST API,Bug,High,Frank,Pending,7,5,2026-03-30,2026-04-05
TASK_03202,Fix responsive layout,Feature,Medium,Emma,In Progress,15,10,2026-04-01,2026-04-20
TASK_03203,Write unit tests,Database,Critical,Henry,Pending,12,5,2026-07-18,2026-08-11
TASK_03204,Design dashboard UI,Bug,Critical,Alice,Pending,18,10,2026-02-05,2026-02-20
TASK_03205,Implement dark mode,Testing,Low,Alice,Completed,10,4,2026-07-04,2026-07-13
TASK_03206,Implement payment gateway,Backend,Low,Emma,Completed,1,1,2026-04-22,2026-04-29
TASK_03207,Add search functionality,DevOps,Medium,Bob,Completed,10,3,2026-04-01,2026-04-06
TASK_03208,Implement chatbot,Feature,High,David,Pending,5,1,2026-07-26,2026-08-13
TASK_03209,Integrate email notifications,DevOps,High,Frank,Completed,7,2,2026-03-07,2026-03-13
TASK_03210,Design dashboard UI,Backend,High,Grace,Completed,17,3,2026-07-15,2026-08-12
TASK_03211,Add search functionality,Backend,Critical,Frank,Pending,13,11,2026-04-20,2026-04-22
TASK_03212,Create REST API,DevOps,High,Grace,Completed,12,12,2026-03-30,2026-04-21
TASK_03213,Configure CI/CD pipeline,Documentation,Critical,Henry,Completed,7,5,2026-04-05,2026-04-28
TASK_03214,Write unit tests,Security,High,Charlie,Pending,13,3,2026-05-25,2026-06-14
TASK_03215,Add search functionality,Feature,Low,Bob,On Hold,16,0,2026-02-15,2026-03-04
TASK_03216,Build admin panel,DevOps,Medium,Alice,In Progress,6,6,2026-05-04,2026-05-21
TASK_03217,Write unit tests,Testing,Critical,Charlie,Completed,15,13,2026-02-22,2026-02-25
TASK_03218,Fix responsive layout,DevOps,Low,Henry,Completed,2,0,2026-02-18,2026-03-05
TASK_03219,Write unit tests,Bug,Critical,Grace,In Progress,14,12,2026-06-25,2026-07-10
TASK_03220,Build admin panel,Frontend,Low,Bob,Pending,13,7,2026-07-13,2026-07-31
TASK_03221,Create REST API,Database,High,Charlie,Completed,9,2,2026-04-11,2026-04-22
TASK_03222,Implement dark mode,Database,Critical,Grace,On Hold,4,3,2026-03-26,2026-04-11
TASK_03223,Implement payment gateway,Testing,Critical,Charlie,In Progress,16,6,2026-05-27,2026-05-30
TASK_03224,Create reports module,Bug,Low,Frank,Completed,3,2,2026-03-07,2026-03-12
TASK_03225,Integrate email notifications,Database,Medium,Grace,Completed,19,11,2026-06-07,2026-06-28
TASK_03226,Deploy application,DevOps,Low,Alice,Pending,13,12,2026-05-07,2026-05-31
TASK_03227,Implement chatbot,Backend,Low,Emma,In Progress,8,8,2026-06-29,2026-07-03
TASK_03228,Fix login authentication bug,DevOps,High,Frank,On Hold,10,10,2026-01-30,2026-02-25
TASK_03229,Create REST API,Bug,Critical,Frank,In Progress,13,7,2026-05-02,2026-05-05
TASK_03230,Build admin panel,DevOps,Critical,Bob,On Hold,12,6,2026-02-04,2026-02-24
TASK_03231,Update project documentation,Bug,Critical,Henry,On Hold,4,0,2026-06-25,2026-07-20
TASK_03232,Design dashboard UI,Security,Low,Emma,On Hold,17,17,2026-06-05,2026-06-11
TASK_03233,Optimize SQL queries,Frontend,Critical,Alice,In Progress,7,6,2026-02-19,2026-03-21
TASK_03234,Add search functionality,Frontend,Low,Emma,Pending,4,1,2026-06-25,2026-07-24
TASK_03235,Implement dark mode,Database,Critical,Alice,In Progress,13,6,2026-05-22,2026-06-13
TASK_03236,Fix login authentication bug,Backend,Critical,Alice,Pending,15,2,2026-07-24,2026-07-31
TASK_03237,Develop user profile page,Bug,Critical,Alice,In Progress,15,7,2026-02-08,2026-03-06
TASK_03238,Fix responsive layout,UI/UX,Medium,Bob,In Progress,11,2,2026-07-02,2026-07-14
TASK_03239,Add search functionality,Documentation,Critical,Emma,Pending,15,6,2026-05-29,2026-06-04
TASK_03240,Build admin panel,DevOps,Medium,Charlie,In Progress,7,0,2026-06-15,2026-07-09
TASK_03241,Create reports module,Documentation,Medium,Henry,In Progress,16,1,2026-04-27,2026-05-03
TASK_03242,Develop analytics dashboard,Bug,Low,Bob,On Hold,6,6,2026-03-07,2026-03-28
TASK_03243,Design dashboard UI,Database,Medium,Henry,In Progress,11,10,2026-07-14,2026-07-25
TASK_03244,Develop analytics dashboard,Bug,Critical,David,Completed,15,7,2026-07-16,2026-08-06
TASK_03245,Implement payment gateway,Bug,Low,Emma,On Hold,13,2,2026-05-27,2026-06-04
TASK_03246,Add search functionality,Documentation,Critical,David,Completed,4,4,2026-06-27,2026-07-18
TASK_03247,Design dashboard UI,Feature,Medium,Charlie,On Hold,18,18,2026-07-10,2026-08-04
TASK_03248,Write unit tests,DevOps,Low,Alice,On Hold,16,14,2026-04-27,2026-05-22
TASK_03249,Implement payment gateway,Documentation,Low,Henry,Pending,11,5,2026-04-28,2026-05-22
TASK_03250,Build admin panel,Database,Low,David,Completed,14,9,2026-01-28,2026-02-08
TASK_03251,Configure CI/CD pipeline,DevOps,Low,Henry,Completed,14,1,2026-06-23,2026-06-27
TASK_03252,Update project documentation,UI/UX,Critical,Charlie,On Hold,8,5,2026-05-29,2026-06-15
TASK_03253,Develop analytics dashboard,Security,Low,David,On Hold,3,2,2026-05-01,2026-05-27
TASK_03254,Design dashboard UI,Security,Medium,Grace,Completed,18,14,2026-07-04,2026-07-06
TASK_03255,Optimize SQL queries,DevOps,Medium,Frank,Completed,19,1,2026-01-29,2026-02-09
TASK_03256,Fix login authentication bug,DevOps,Medium,Emma,Pending,4,0,2026-06-29,2026-07-02
TASK_03257,Configure CI/CD pipeline,Documentation,Critical,David,Pending,20,4,2026-04-21,2026-05-10
TASK_03258,Design dashboard UI,Security,Critical,Charlie,On Hold,13,11,2026-05-04,2026-05-19
TASK_03259,Optimize SQL queries,Bug,Low,David,In Progress,4,4,2026-07-12,2026-08-03
TASK_03260,Optimize SQL queries,Backend,Low,David,In Progress,12,10,2026-06-19,2026-06-30
TASK_03261,Implement chatbot,Documentation,High,Alice,Completed,7,5,2026-04-16,2026-05-09
TASK_03262,Create REST API,Documentation,Medium,David,Pending,14,0,2026-03-03,2026-03-15
TASK_03263,Improve application performance,Security,Critical,Frank,In Progress,14,14,2026-03-06,2026-03-13
TASK_03264,Implement dark mode,UI/UX,High,Bob,Completed,15,9,2026-06-16,2026-07-09
TASK_03265,Update project documentation,Database,Critical,Charlie,On Hold,4,4,2026-07-16,2026-07-28
TASK_03266,Design dashboard UI,Backend,Low,Alice,Completed,17,14,2026-07-04,2026-07-17
TASK_03267,Develop analytics dashboard,DevOps,Low,Grace,Completed,14,11,2026-07-17,2026-08-16
TASK_03268,Fix responsive layout,Documentation,Medium,David,Pending,6,0,2026-03-26,2026-04-23
TASK_03269,Fix responsive layout,Feature,Medium,Alice,On Hold,4,2,2026-05-27,2026-06-05
TASK_03270,Develop user profile page,Documentation,Critical,Frank,On Hold,14,2,2026-03-04,2026-03-13
TASK_03271,Optimize SQL queries,UI/UX,Critical,David,Pending,7,1,2026-05-27,2026-06-05
TASK_03272,Implement dark mode,DevOps,Critical,Charlie,In Progress,8,8,2026-03-17,2026-03-26
TASK_03273,Fix login authentication bug,Feature,High,David,On Hold,8,8,2026-02-20,2026-03-05
TASK_03274,Deploy application,Feature,Medium,David,Pending,4,1,2026-06-15,2026-06-26
TASK_03275,Optimize SQL queries,Security,High,Henry,Pending,6,1,2026-04-16,2026-04-26
TASK_03276,Build admin panel,Testing,Critical,Emma,Completed,14,2,2026-07-23,2026-08-08
TASK_03277,Create reports module,Backend,High,Henry,In Progress,20,9,2026-07-19,2026-08-18
TASK_03278,Create REST API,DevOps,Low,Emma,On Hold,7,0,2026-02-06,2026-02-25
TASK_03279,Design dashboard UI,Bug,High,Charlie,In Progress,4,2,2026-03-23,2026-04-06
TASK_03280,Refactor backend code,Testing,Critical,Charlie,On Hold,1,1,2026-02-14,2026-02-27
TASK_03281,Refactor backend code,Database,High,Grace,On Hold,20,8,2026-07-25,2026-08-02
TASK_03282,Create REST API,Security,Medium,Henry,On Hold,14,4,2026-07-24,2026-07-30
TASK_03283,Fix responsive layout,Testing,Low,Frank,Pending,3,3,2026-03-18,2026-04-17
TASK_03284,Implement payment gateway,Frontend,Low,Alice,Pending,8,8,2026-04-25,2026-05-03
TASK_03285,Improve application performance,UI/UX,High,Grace,Pending,14,0,2026-04-09,2026-04-28
TASK_03286,Configure CI/CD pipeline,Bug,Low,Alice,On Hold,11,3,2026-07-07,2026-07-27
TASK_03287,Implement payment gateway,UI/UX,Critical,Bob,In Progress,8,0,2026-07-19,2026-08-10
TASK_03288,Build admin panel,Feature,Low,Henry,Pending,1,0,2026-01-29,2026-02-25
TASK_03289,Write unit tests,Feature,Low,Alice,Completed,4,1,2026-05-17,2026-05-21
TASK_03290,Write unit tests,Documentation,Medium,Henry,Pending,10,10,2026-05-18,2026-06-02
TASK_03291,Implement payment gateway,Security,High,David,Pending,20,20,2026-06-29,2026-07-26
TASK_03292,Implement dark mode,UI/UX,High,Charlie,Completed,11,10,2026-07-22,2026-08-13
TASK_03293,Configure CI/CD pipeline,UI/UX,Medium,Bob,Pending,8,6,2026-02-25,2026-03-27
TASK_03294,Fix responsive layout,Testing,Medium,Alice,In Progress,1,1,2026-02-14,2026-02-24
TASK_03295,Implement dark mode,Bug,Low,Frank,Pending,3,0,2026-02-19,2026-03-18
TASK_03296,Develop analytics dashboard,UI/UX,Medium,Alice,On Hold,4,1,2026-04-23,2026-05-12
TASK_03297,Develop analytics dashboard,Bug,Low,Grace,Completed,1,0,2026-07-26,2026-08-04
TASK_03298,Deploy application,Documentation,Low,Charlie,On Hold,15,0,2026-02-23,2026-03-20
TASK_03299,Configure CI/CD pipeline,Testing,Medium,Grace,Completed,7,2,2026-04-12,2026-04-15
TASK_03300,Create reports module,Testing,Critical,Charlie,In Progress,17,10,2026-05-24,2026-06-07
TASK_03301,Fix responsive layout,UI/UX,Medium,Grace,Completed,5,1,2026-05-29,2026-06-23
TASK_03302,Integrate email notifications,Documentation,Critical,Frank,On Hold,8,3,2026-03-19,2026-04-03
TASK_03303,Develop analytics dashboard,Security,High,Alice,In Progress,2,0,2026-04-16,2026-04-18
TASK_03304,Implement payment gateway,Bug,Low,David,On Hold,14,14,2026-05-15,2026-06-14
TASK_03305,Refactor backend code,Bug,High,David,Pending,3,2,2026-04-14,2026-05-06
TASK_03306,Create reports module,UI/UX,High,Charlie,Pending,7,5,2026-02-25,2026-03-01
TASK_03307,Refactor backend code,Bug,Critical,David,Pending,18,0,2026-07-24,2026-08-16
TASK_03308,Develop analytics dashboard,Backend,High,Grace,In Progress,2,2,2026-04-04,2026-04-28
TASK_03309,Improve application performance,Security,Critical,Emma,In Progress,11,4,2026-02-22,2026-03-21
TASK_03310,Write unit tests,Backend,Critical,Grace,Completed,5,3,2026-07-12,2026-07-30
TASK_03311,Deploy application,Documentation,Medium,Frank,In Progress,4,2,2026-06-15,2026-06-27
TASK_03312,Design dashboard UI,Frontend,Medium,David,In Progress,4,1,2026-02-17,2026-02-20
TASK_03313,Add search functionality,Documentation,Medium,Henry,In Progress,7,3,2026-02-11,2026-02-27
TASK_03314,Develop analytics dashboard,Frontend,Medium,Charlie,In Progress,7,0,2026-03-10,2026-03-14
TASK_03315,Develop analytics dashboard,Security,Critical,Bob,On Hold,5,1,2026-04-14,2026-05-08
TASK_03316,Improve application performance,Feature,High,Alice,On Hold,17,14,2026-02-07,2026-02-17
TASK_03317,Create REST API,Security,Low,Charlie,In Progress,15,12,2026-05-22,2026-06-02
TASK_03318,Fix responsive layout,Feature,High,Grace,Completed,1,1,2026-04-30,2026-05-25
TASK_03319,Fix responsive layout,Backend,High,Henry,In Progress,5,0,2026-04-30,2026-05-23
TASK_03320,Integrate email notifications,Backend,Critical,Emma,On Hold,17,9,2026-04-24,2026-04-27
TASK_03321,Create REST API,Frontend,Low,Alice,Completed,8,1,2026-07-11,2026-07-27
TASK_03322,Configure CI/CD pipeline,Frontend,Low,Emma,Pending,10,10,2026-01-31,2026-02-11
TASK_03323,Develop analytics dashboard,DevOps,Critical,Frank,Pending,12,3,2026-02-03,2026-02-23
TASK_03324,Implement chatbot,Frontend,Critical,Charlie,Completed,12,6,2026-02-28,2026-03-22
TASK_03325,Create REST API,Testing,Critical,Henry,Pending,12,11,2026-06-15,2026-06-29
TASK_03326,Deploy application,Testing,Medium,Charlie,In Progress,2,1,2026-07-03,2026-07-05
TASK_03327,Deploy application,Bug,Critical,David,Completed,4,3,2026-05-09,2026-05-13
TASK_03328,Fix responsive layout,Database,Medium,Charlie,In Progress,14,0,2026-03-02,2026-03-06
TASK_03329,Develop analytics dashboard,Feature,Critical,Charlie,In Progress,1,1,2026-05-22,2026-06-15
TASK_03330,Configure CI/CD pipeline,Backend,Critical,Henry,Pending,19,4,2026-05-04,2026-05-17
TASK_03331,Develop analytics dashboard,Database,High,David,Pending,4,4,2026-01-28,2026-02-02
TASK_03332,Improve application performance,Security,Medium,Henry,Pending,18,8,2026-05-10,2026-05-14
TASK_03333,Design dashboard UI,Frontend,High,Emma,Completed,18,4,2026-06-24,2026-07-11
TASK_03334,Implement payment gateway,DevOps,Medium,Bob,Completed,1,1,2026-02-04,2026-02-10
TASK_03335,Design dashboard UI,DevOps,Medium,Bob,Completed,16,5,2026-03-27,2026-04-17
TASK_03336,Build admin panel,Frontend,Low,Bob,Completed,19,13,2026-02-17,2026-03-03
TASK_03337,Create REST API,Database,Critical,David,On Hold,1,0,2026-03-10,2026-03-31
TASK_03338,Develop user profile page,Database,Critical,Henry,In Progress,1,1,2026-05-02,2026-05-10
TASK_03339,Implement dark mode,Frontend,High,Grace,In Progress,13,0,2026-04-17,2026-05-03
TASK_03340,Deploy application,Frontend,High,David,Pending,9,2,2026-02-23,2026-03-24
TASK_03341,Design dashboard UI,Feature,Medium,David,Pending,10,10,2026-02-04,2026-02-16
TASK_03342,Design dashboard UI,Security,High,David,On Hold,7,6,2026-06-06,2026-07-05
TASK_03343,Integrate email notifications,UI/UX,High,David,On Hold,8,0,2026-03-28,2026-04-15
TASK_03344,Write unit tests,Feature,Medium,Bob,On Hold,4,2,2026-03-15,2026-03-22
TASK_03345,Optimize SQL queries,UI/UX,Low,Bob,On Hold,3,0,2026-07-01,2026-07-06
TASK_03346,Create reports module,Bug,Medium,David,In Progress,15,0,2026-04-14,2026-05-11
TASK_03347,Write unit tests,Backend,Low,Emma,On Hold,2,1,2026-06-17,2026-06-27
TASK_03348,Create REST API,Database,Critical,David,On Hold,8,0,2026-06-18,2026-07-13
TASK_03349,Deploy application,Backend,Critical,Bob,Pending,18,13,2026-06-02,2026-06-07
TASK_03350,Develop analytics dashboard,Security,Low,Emma,Pending,9,8,2026-03-08,2026-03-31
TASK_03351,Develop user profile page,DevOps,Low,Bob,Completed,4,1,2026-06-27,2026-06-29
TASK_03352,Optimize SQL queries,Database,Low,Grace,In Progress,10,1,2026-05-21,2026-05-27
TASK_03353,Implement dark mode,UI/UX,High,Henry,In Progress,9,2,2026-04-15,2026-05-14
TASK_03354,Develop analytics dashboard,Database,Medium,Bob,Pending,19,10,2026-05-19,2026-05-31
TASK_03355,Fix responsive layout,DevOps,High,Alice,In Progress,4,3,2026-03-29,2026-04-10
TASK_03356,Update project documentation,DevOps,Critical,Charlie,Pending,8,2,2026-05-27,2026-06-14
TASK_03357,Create REST API,Bug,Low,Bob,In Progress,5,5,2026-03-13,2026-03-23
TASK_03358,Improve application performance,Bug,Critical,Frank,On Hold,16,14,2026-07-17,2026-07-25
TASK_03359,Update project documentation,DevOps,Critical,Emma,On Hold,9,0,2026-04-22,2026-04-25
TASK_03360,Develop user profile page,Security,Low,David,In Progress,10,0,2026-03-19,2026-04-17
TASK_03361,Update project documentation,DevOps,Critical,Grace,Pending,11,1,2026-06-24,2026-07-16
TASK_03362,Optimize SQL queries,Database,Critical,Charlie,On Hold,13,3,2026-06-10,2026-07-09
TASK_03363,Optimize SQL queries,Database,Critical,Grace,In Progress,9,3,2026-05-06,2026-05-24
TASK_03364,Fix login authentication bug,Database,Low,Grace,Pending,6,6,2026-07-15,2026-07-18
TASK_03365,Create reports module,DevOps,Medium,Henry,Completed,9,6,2026-04-19,2026-05-19
TASK_03366,Implement payment gateway,Security,Medium,Frank,On Hold,19,12,2026-04-07,2026-05-07
TASK_03367,Build admin panel,Documentation,Medium,Alice,On Hold,6,0,2026-05-31,2026-06-11
TASK_03368,Integrate email notifications,Documentation,High,Bob,Completed,6,0,2026-05-10,2026-05-24
TASK_03369,Configure CI/CD pipeline,DevOps,Critical,Charlie,In Progress,18,8,2026-06-07,2026-07-04
TASK_03370,Create reports module,UI/UX,Medium,Bob,On Hold,18,3,2026-05-12,2026-06-06
TASK_03371,Update project documentation,DevOps,High,Alice,Completed,8,2,2026-05-16,2026-06-09
TASK_03372,Fix login authentication bug,Frontend,Critical,Charlie,On Hold,3,0,2026-07-18,2026-07-24
TASK_03373,Create reports module,Frontend,Low,Charlie,In Progress,7,1,2026-06-08,2026-06-10
TASK_03374,Design dashboard UI,UI/UX,Critical,Charlie,In Progress,20,3,2026-06-24,2026-07-11
TASK_03375,Refactor backend code,UI/UX,Low,Grace,In Progress,20,12,2026-06-17,2026-07-08
TASK_03376,Refactor backend code,DevOps,Medium,David,Pending,3,3,2026-07-24,2026-07-27
TASK_03377,Develop user profile page,Testing,High,Charlie,Pending,3,1,2026-06-24,2026-07-20
TASK_03378,Integrate email notifications,Feature,High,Charlie,Pending,4,2,2026-07-06,2026-07-17
TASK_03379,Build admin panel,Backend,Low,Henry,On Hold,14,5,2026-02-21,2026-02-24
TASK_03380,Optimize SQL queries,Database,Medium,Alice,Pending,1,1,2026-02-16,2026-03-03
TASK_03381,Develop analytics dashboard,UI/UX,High,David,Completed,6,4,2026-05-19,2026-06-05
TASK_03382,Fix responsive layout,Security,Medium,Emma,On Hold,14,0,2026-03-30,2026-04-13
TASK_03383,Implement dark mode,Feature,Low,Emma,Pending,11,11,2026-04-04,2026-04-14
TASK_03384,Develop analytics dashboard,Bug,Medium,Henry,Completed,12,9,2026-07-09,2026-07-27
TASK_03385,Improve application performance,Database,High,Grace,On Hold,2,2,2026-04-06,2026-04-23
TASK_03386,Develop user profile page,DevOps,Low,Charlie,On Hold,19,0,2026-03-14,2026-03-19
TASK_03387,Create REST API,Bug,Critical,Bob,Pending,7,0,2026-06-04,2026-06-21
TASK_03388,Develop analytics dashboard,Security,Low,Bob,Completed,18,11,2026-03-22,2026-04-10
TASK_03389,Create REST API,DevOps,High,Henry,On Hold,17,2,2026-04-13,2026-04-23
TASK_03390,Implement chatbot,Testing,Low,Henry,Completed,12,0,2026-04-17,2026-05-12
TASK_03391,Update project documentation,Security,Critical,Henry,On Hold,12,1,2026-06-28,2026-07-13
TASK_03392,Develop analytics dashboard,Testing,High,Henry,Pending,1,1,2026-05-31,2026-06-09
TASK_03393,Integrate email notifications,Testing,Low,Bob,On Hold,18,16,2026-03-22,2026-04-05
TASK_03394,Develop analytics dashboard,Feature,Medium,Frank,In Progress,2,2,2026-04-26,2026-05-22
TASK_03395,Implement dark mode,Bug,Low,Henry,Completed,19,17,2026-02-14,2026-03-08
TASK_03396,Deploy application,Documentation,Low,Charlie,On Hold,16,11,2026-05-11,2026-05-20
TASK_03397,Create reports module,DevOps,High,Frank,On Hold,16,4,2026-03-10,2026-03-21
TASK_03398,Implement dark mode,Security,High,Bob,Completed,8,8,2026-06-12,2026-06-24
TASK_03399,Fix login authentication bug,Documentation,Low,Emma,Pending,17,10,2026-04-29,2026-05-09
TASK_03400,Deploy application,Database,High,Bob,On Hold,19,9,2026-03-29,2026-04-27
TASK_03401,Refactor backend code,Database,High,Henry,Completed,10,1,2026-06-01,2026-06-20
TASK_03402,Configure CI/CD pipeline,Frontend,Critical,Alice,In Progress,6,0,2026-07-15,2026-08-04
TASK_03403,Develop analytics dashboard,Security,Critical,Grace,Pending,20,6,2026-07-02,2026-07-15
TASK_03404,Build admin panel,Backend,High,Grace,In Progress,15,1,2026-04-11,2026-05-09
TASK_03405,Refactor backend code,Feature,Critical,David,On Hold,16,13,2026-02-23,2026-03-19
TASK_03406,Create reports module,Backend,Low,Charlie,Completed,12,7,2026-07-04,2026-07-13
TASK_03407,Build admin panel,Bug,High,Charlie,On Hold,14,9,2026-07-10,2026-07-13
TASK_03408,Implement payment gateway,DevOps,Medium,Frank,In Progress,8,3,2026-05-19,2026-06-11
TASK_03409,Fix responsive layout,Bug,Low,Emma,Pending,10,9,2026-02-25,2026-03-07
TASK_03410,Fix responsive layout,Testing,High,David,Pending,4,3,2026-01-31,2026-02-21
TASK_03411,Deploy application,Database,Medium,Bob,On Hold,8,3,2026-06-01,2026-06-19
TASK_03412,Create REST API,Frontend,Medium,David,Completed,18,6,2026-03-02,2026-03-29
TASK_03413,Deploy application,DevOps,Medium,Emma,Completed,3,1,2026-07-12,2026-07-18
TASK_03414,Add search functionality,Bug,Low,Henry,On Hold,7,2,2026-04-13,2026-04-19
TASK_03415,Configure CI/CD pipeline,Feature,Medium,Henry,In Progress,3,3,2026-06-22,2026-06-30
TASK_03416,Develop analytics dashboard,Feature,Medium,Frank,Completed,5,4,2026-03-24,2026-04-12
TASK_03417,Refactor backend code,Security,Low,Bob,On Hold,2,1,2026-06-27,2026-07-08
TASK_03418,Build admin panel,Documentation,Medium,David,Pending,16,2,2026-05-26,2026-06-15
TASK_03419,Improve application performance,Frontend,Low,Charlie,On Hold,9,9,2026-07-22,2026-08-21
TASK_03420,Design dashboard UI,Database,High,Alice,In Progress,11,5,2026-07-24,2026-08-06
TASK_03421,Fix responsive layout,Bug,Critical,David,Pending,7,3,2026-04-18,2026-04-29
TASK_03422,Implement dark mode,Feature,Critical,Frank,Pending,4,1,2026-06-11,2026-07-04
TASK_03423,Create REST API,Backend,Low,Henry,Pending,3,2,2026-05-15,2026-06-10
TASK_03424,Write unit tests,UI/UX,Critical,David,On Hold,9,3,2026-02-27,2026-03-24
TASK_03425,Add search functionality,DevOps,Critical,Alice,Pending,11,0,2026-06-05,2026-06-26
TASK_03426,Improve application performance,Security,Medium,Frank,On Hold,18,0,2026-05-20,2026-06-02
TASK_03427,Build admin panel,Database,Low,Charlie,Completed,9,7,2026-04-08,2026-04-15
TASK_03428,Develop user profile page,Bug,Low,Bob,Completed,13,9,2026-06-18,2026-07-08
TASK_03429,Deploy application,Bug,Critical,Emma,Pending,16,0,2026-04-26,2026-05-24
TASK_03430,Implement chatbot,Bug,Medium,Alice,Pending,13,13,2026-04-16,2026-04-28
TASK_03431,Implement chatbot,Bug,Low,David,Completed,13,8,2026-02-02,2026-02-07
TASK_03432,Optimize SQL queries,Bug,Medium,Charlie,In Progress,9,6,2026-06-10,2026-06-18
TASK_03433,Design dashboard UI,Backend,Medium,David,Completed,9,5,2026-02-28,2026-03-23
TASK_03434,Develop analytics dashboard,Testing,Critical,Henry,In Progress,14,3,2026-02-15,2026-03-14
TASK_03435,Improve application performance,Feature,High,Bob,In Progress,7,4,2026-05-16,2026-06-03
TASK_03436,Integrate email notifications,Bug,Medium,Alice,In Progress,8,8,2026-05-02,2026-05-05
TASK_03437,Fix login authentication bug,Testing,High,Alice,Completed,4,3,2026-07-05,2026-07-30
TASK_03438,Configure CI/CD pipeline,UI/UX,Low,Emma,On Hold,8,6,2026-03-08,2026-03-17
TASK_03439,Update project documentation,Documentation,Critical,Bob,In Progress,12,1,2026-05-05,2026-05-13
TASK_03440,Implement chatbot,Backend,Critical,David,On Hold,17,9,2026-07-17,2026-08-16
TASK_03441,Implement chatbot,UI/UX,Low,Grace,On Hold,9,3,2026-07-11,2026-07-24
TASK_03442,Develop user profile page,Database,Critical,Bob,On Hold,5,0,2026-03-08,2026-04-01
TASK_03443,Create REST API,DevOps,High,Grace,Completed,11,10,2026-02-10,2026-02-23
TASK_03444,Create REST API,Security,Medium,Frank,Completed,20,15,2026-03-21,2026-04-09
TASK_03445,Refactor backend code,Backend,Medium,Emma,In Progress,20,15,2026-04-12,2026-05-09
TASK_03446,Develop analytics dashboard,Security,Critical,Grace,Completed,9,1,2026-01-31,2026-03-01
TASK_03447,Implement chatbot,Testing,High,Frank,Completed,10,2,2026-07-09,2026-07-20
TASK_03448,Implement chatbot,Testing,Low,Alice,In Progress,12,12,2026-07-11,2026-07-26
TASK_03449,Develop analytics dashboard,Frontend,Medium,Grace,In Progress,16,14,2026-06-08,2026-07-03
TASK_03450,Develop analytics dashboard,UI/UX,Medium,Bob,Completed,13,7,2026-04-12,2026-05-02
TASK_03451,Fix responsive layout,DevOps,Medium,Charlie,Completed,16,11,2026-06-06,2026-06-21
TASK_03452,Fix responsive layout,Bug,Medium,Grace,Pending,8,5,2026-07-07,2026-08-01
TASK_03453,Develop user profile page,Testing,Critical,Bob,Completed,19,8,2026-05-16,2026-06-11
TASK_03454,Create REST API,UI/UX,High,Henry,Pending,9,9,2026-07-16,2026-08-13
TASK_03455,Implement payment gateway,Feature,Critical,Bob,Pending,17,2,2026-06-25,2026-07-06
TASK_03456,Refactor backend code,Feature,Low,Grace,Pending,9,0,2026-03-24,2026-04-12
TASK_03457,Implement payment gateway,UI/UX,High,Grace,Pending,13,10,2026-02-07,2026-02-12
TASK_03458,Optimize SQL queries,Frontend,High,Bob,In Progress,18,4,2026-06-07,2026-07-02
TASK_03459,Write unit tests,Database,High,Emma,Pending,20,9,2026-03-16,2026-03-22
TASK_03460,Design dashboard UI,Frontend,High,Grace,In Progress,15,11,2026-03-27,2026-04-05
TASK_03461,Deploy application,Database,Critical,Frank,Pending,17,2,2026-04-23,2026-05-03
TASK_03462,Create reports module,Testing,High,Henry,Pending,12,0,2026-07-21,2026-08-17
TASK_03463,Create REST API,Feature,High,Charlie,Pending,1,1,2026-05-09,2026-05-17
TASK_03464,Create reports module,Database,Medium,Alice,Pending,13,11,2026-03-18,2026-03-25
TASK_03465,Fix responsive layout,Backend,Medium,Henry,Completed,16,14,2026-04-05,2026-04-18
TASK_03466,Fix responsive layout,DevOps,Critical,Emma,In Progress,15,3,2026-07-10,2026-07-16
TASK_03467,Implement chatbot,Database,Medium,Henry,Completed,18,12,2026-05-11,2026-05-30
TASK_03468,Refactor backend code,Frontend,High,Alice,Completed,13,7,2026-03-16,2026-03-24
TASK_03469,Improve application performance,Documentation,Critical,Charlie,In Progress,20,5,2026-02-09,2026-03-10
TASK_03470,Refactor backend code,Frontend,Medium,Emma,On Hold,6,5,2026-02-22,2026-03-08
TASK_03471,Update project documentation,Bug,High,Emma,Completed,14,5,2026-02-11,2026-02-22
TASK_03472,Implement chatbot,Database,Medium,Grace,Pending,2,1,2026-04-05,2026-05-03
TASK_03473,Create reports module,Security,Medium,Emma,In Progress,1,1,2026-04-03,2026-04-12
TASK_03474,Add search functionality,Testing,Low,Frank,Completed,6,6,2026-05-27,2026-06-21
TASK_03475,Develop analytics dashboard,UI/UX,Medium,David,Completed,19,9,2026-07-15,2026-08-01
TASK_03476,Add search functionality,Feature,Medium,Grace,In Progress,18,5,2026-03-20,2026-03-31
TASK_03477,Implement payment gateway,DevOps,High,Henry,On Hold,8,4,2026-05-07,2026-05-18
TASK_03478,Create REST API,UI/UX,Low,Charlie,Pending,19,15,2026-03-14,2026-03-29
TASK_03479,Develop analytics dashboard,Documentation,Low,Bob,Completed,14,2,2026-05-28,2026-06-08
TASK_03480,Write unit tests,Bug,Low,Henry,On Hold,18,5,2026-04-05,2026-04-20
TASK_03481,Add search functionality,Database,High,Grace,On Hold,13,10,2026-02-20,2026-03-07
TASK_03482,Fix login authentication bug,Backend,High,Henry,Pending,17,4,2026-02-10,2026-03-07
TASK_03483,Develop analytics dashboard,Frontend,Medium,David,On Hold,18,5,2026-07-21,2026-07-24
TASK_03484,Write unit tests,Feature,Medium,Alice,Pending,19,6,2026-05-24,2026-05-28
TASK_03485,Improve application performance,Testing,Critical,Bob,In Progress,7,0,2026-02-27,2026-03-15
TASK_03486,Fix login authentication bug,Frontend,Critical,Bob,Pending,12,0,2026-02-15,2026-03-17
TASK_03487,Design dashboard UI,UI/UX,Low,Bob,In Progress,8,8,2026-04-05,2026-04-28
TASK_03488,Implement chatbot,UI/UX,Medium,Henry,In Progress,7,5,2026-06-17,2026-07-06
TASK_03489,Deploy application,Frontend,Critical,Charlie,Pending,17,3,2026-01-28,2026-02-09
TASK_03490,Refactor backend code,UI/UX,Medium,Bob,In Progress,16,15,2026-05-18,2026-05-23
TASK_03491,Create reports module,Security,Low,Charlie,Completed,9,6,2026-03-24,2026-04-04
TASK_03492,Design dashboard UI,Feature,Medium,Charlie,In Progress,3,0,2026-06-15,2026-07-12
TASK_03493,Implement payment gateway,DevOps,Medium,Bob,Completed,9,1,2026-05-08,2026-05-18
TASK_03494,Implement payment gateway,Frontend,Critical,David,On Hold,6,1,2026-02-10,2026-03-11
TASK_03495,Create REST API,UI/UX,High,Emma,On Hold,7,0,2026-05-31,2026-06-23
TASK_03496,Add search functionality,Database,High,David,Completed,12,4,2026-07-10,2026-07-22
TASK_03497,Design dashboard UI,DevOps,Low,Bob,Completed,11,3,2026-04-20,2026-05-16
TASK_03498,Fix login authentication bug,Database,High,Frank,Pending,6,1,2026-02-14,2026-02-28
TASK_03499,Optimize SQL queries,Documentation,Medium,Frank,On Hold,9,8,2026-03-20,2026-03-22
TASK_03500,Optimize SQL queries,DevOps,Critical,David,Pending,5,1,2026-06-10,2026-06-18
TASK_03501,Fix responsive layout,Backend,Critical,David,Pending,9,0,2026-01-29,2026-02-16
TASK_03502,Integrate email notifications,Testing,Critical,Frank,On Hold,10,5,2026-05-17,2026-06-01
TASK_03503,Deploy application,Bug,Low,Bob,Pending,18,12,2026-03-07,2026-03-31
TASK_03504,Integrate email notifications,Documentation,Critical,David,Completed,8,2,2026-04-15,2026-05-13
TASK_03505,Improve application performance,Bug,Medium,Henry,Pending,10,10,2026-02-01,2026-03-03
TASK_03506,Optimize SQL queries,Security,Medium,Henry,On Hold,4,4,2026-03-18,2026-04-12
TASK_03507,Optimize SQL queries,Bug,Critical,Emma,Pending,1,0,2026-02-03,2026-03-05
TASK_03508,Implement chatbot,Database,High,Grace,Completed,7,0,2026-05-27,2026-06-13
TASK_03509,Implement dark mode,Bug,Low,Frank,On Hold,3,1,2026-06-23,2026-06-29
TASK_03510,Develop analytics dashboard,Bug,Medium,Emma,In Progress,1,1,2026-06-22,2026-07-21
TASK_03511,Develop analytics dashboard,Documentation,High,Frank,Pending,1,1,2026-07-23,2026-08-08
TASK_03512,Improve application performance,Feature,Medium,Frank,Completed,16,15,2026-07-18,2026-07-28
TASK_03513,Fix login authentication bug,UI/UX,High,Alice,Completed,19,12,2026-03-19,2026-04-08
TASK_03514,Integrate email notifications,Security,Critical,Emma,On Hold,7,4,2026-04-13,2026-04-17
TASK_03515,Improve application performance,UI/UX,Medium,Emma,On Hold,13,0,2026-03-03,2026-03-09
TASK_03516,Improve application performance,UI/UX,Medium,Emma,In Progress,12,1,2026-02-03,2026-02-05
TASK_03517,Write unit tests,Feature,Critical,Emma,Completed,14,4,2026-06-28,2026-06-30
TASK_03518,Fix responsive layout,Security,Low,Henry,Pending,8,1,2026-02-13,2026-02-28
TASK_03519,Fix responsive layout,Testing,Low,Bob,Completed,11,0,2026-07-03,2026-07-22
TASK_03520,Update project documentation,Security,Critical,Bob,Pending,16,12,2026-07-23,2026-08-10
TASK_03521,Optimize SQL queries,Feature,Critical,Frank,Pending,6,6,2026-07-21,2026-08-11
TASK_03522,Integrate email notifications,UI/UX,High,Grace,Pending,15,9,2026-06-08,2026-06-14
TASK_03523,Build admin panel,Feature,Low,Emma,In Progress,20,14,2026-04-16,2026-05-13
TASK_03524,Fix login authentication bug,DevOps,High,Charlie,Pending,19,6,2026-06-27,2026-07-22
TASK_03525,Create REST API,Testing,Medium,David,Pending,10,9,2026-03-05,2026-03-28
TASK_03526,Refactor backend code,Frontend,Medium,Henry,On Hold,13,7,2026-06-15,2026-06-22
TASK_03527,Add search functionality,DevOps,Critical,Frank,In Progress,4,2,2026-06-11,2026-07-10
TASK_03528,Create reports module,UI/UX,Medium,Bob,In Progress,5,2,2026-03-05,2026-03-26
TASK_03529,Fix login authentication bug,Backend,Low,Frank,In Progress,1,1,2026-01-28,2026-02-03
TASK_03530,Fix login authentication bug,Database,High,Grace,Completed,12,9,2026-05-31,2026-06-11
TASK_03531,Build admin panel,DevOps,High,Bob,Pending,8,4,2026-06-10,2026-07-04
TASK_03532,Create REST API,Documentation,High,Emma,Pending,3,3,2026-06-02,2026-06-27
TASK_03533,Fix login authentication bug,Feature,Medium,Alice,In Progress,11,2,2026-05-19,2026-05-31
TASK_03534,Update project documentation,Backend,Critical,Charlie,On Hold,2,1,2026-05-02,2026-05-05
TASK_03535,Configure CI/CD pipeline,Frontend,High,Bob,In Progress,5,4,2026-04-29,2026-05-06
TASK_03536,Refactor backend code,Backend,High,Grace,In Progress,13,10,2026-02-18,2026-03-08
TASK_03537,Deploy application,UI/UX,Critical,Charlie,Completed,10,4,2026-04-23,2026-05-01
TASK_03538,Create reports module,Feature,High,Frank,On Hold,9,4,2026-05-26,2026-06-03
TASK_03539,Fix responsive layout,Feature,High,David,Pending,19,11,2026-07-02,2026-07-21
TASK_03540,Deploy application,Frontend,Critical,Alice,In Progress,1,1,2026-06-28,2026-07-26
TASK_03541,Improve application performance,Security,Low,Frank,In Progress,14,5,2026-04-07,2026-04-29
TASK_03542,Write unit tests,UI/UX,High,Charlie,On Hold,10,10,2026-06-18,2026-07-13
TASK_03543,Implement chatbot,Testing,Critical,Alice,On Hold,12,1,2026-06-16,2026-06-21
TASK_03544,Implement dark mode,Documentation,Medium,Bob,Completed,13,9,2026-05-21,2026-06-12
TASK_03545,Configure CI/CD pipeline,Bug,Low,Emma,Pending,8,8,2026-02-17,2026-02-25
TASK_03546,Integrate email notifications,UI/UX,High,Frank,On Hold,9,7,2026-03-02,2026-03-05
TASK_03547,Implement dark mode,Documentation,Critical,Bob,In Progress,19,5,2026-03-09,2026-03-11
TASK_03548,Implement chatbot,Security,High,Emma,Pending,6,6,2026-04-17,2026-04-20
TASK_03549,Implement payment gateway,Database,Critical,Alice,Pending,5,5,2026-03-27,2026-04-17
TASK_03550,Implement chatbot,Frontend,High,Grace,Completed,13,5,2026-02-26,2026-03-28
TASK_03551,Improve application performance,DevOps,Low,David,On Hold,11,4,2026-03-24,2026-04-12
TASK_03552,Optimize SQL queries,UI/UX,Critical,Henry,On Hold,1,1,2026-07-16,2026-07-20
TASK_03553,Design dashboard UI,Feature,High,David,Pending,12,2,2026-06-24,2026-06-27
TASK_03554,Write unit tests,Testing,Critical,Bob,In Progress,2,0,2026-07-04,2026-07-23
TASK_03555,Optimize SQL queries,Backend,Critical,Emma,Pending,19,3,2026-06-24,2026-06-30
TASK_03556,Add search functionality,UI/UX,Low,Emma,On Hold,16,15,2026-05-28,2026-06-19
TASK_03557,Configure CI/CD pipeline,Feature,High,Henry,Pending,12,6,2026-04-29,2026-05-03
TASK_03558,Optimize SQL queries,Bug,High,Alice,On Hold,1,0,2026-03-15,2026-03-31
TASK_03559,Optimize SQL queries,Backend,High,Frank,Completed,1,1,2026-07-24,2026-08-20
TASK_03560,Develop analytics dashboard,Documentation,Critical,David,On Hold,16,11,2026-02-21,2026-02-28
TASK_03561,Implement payment gateway,DevOps,Low,David,Completed,19,7,2026-04-21,2026-05-03
TASK_03562,Design dashboard UI,Testing,Critical,Grace,On Hold,12,9,2026-03-30,2026-04-07
TASK_03563,Configure CI/CD pipeline,Bug,High,Alice,Completed,12,10,2026-04-26,2026-05-03
TASK_03564,Build admin panel,DevOps,Low,Charlie,In Progress,11,3,2026-07-09,2026-07-14
TASK_03565,Design dashboard UI,DevOps,Medium,Alice,Pending,19,16,2026-06-06,2026-07-06
TASK_03566,Integrate email notifications,Documentation,Low,Grace,Pending,15,10,2026-07-05,2026-08-04
TASK_03567,Develop user profile page,Database,High,Bob,On Hold,17,5,2026-07-02,2026-07-05
TASK_03568,Implement dark mode,Testing,Low,Alice,Pending,8,7,2026-04-08,2026-05-05
TASK_03569,Fix responsive layout,Backend,Critical,Emma,In Progress,6,3,2026-06-19,2026-07-17
TASK_03570,Add search functionality,Security,Low,Bob,On Hold,11,9,2026-02-18,2026-03-15
TASK_03571,Create reports module,DevOps,Low,Henry,In Progress,3,2,2026-02-09,2026-03-01
TASK_03572,Design dashboard UI,Database,Critical,Charlie,In Progress,6,2,2026-03-16,2026-04-12
TASK_03573,Refactor backend code,DevOps,Critical,Emma,In Progress,7,4,2026-06-11,2026-06-20
TASK_03574,Fix login authentication bug,Backend,High,Frank,Completed,8,7,2026-06-03,2026-06-24
TASK_03575,Configure CI/CD pipeline,UI/UX,Low,Emma,In Progress,13,5,2026-02-04,2026-02-18
TASK_03576,Add search functionality,Backend,Critical,Henry,Completed,5,0,2026-03-24,2026-04-14
TASK_03577,Update project documentation,Feature,Critical,Bob,In Progress,5,5,2026-07-14,2026-08-11
TASK_03578,Implement payment gateway,Testing,Critical,Emma,Pending,12,8,2026-07-12,2026-08-07
TASK_03579,Fix login authentication bug,Bug,Low,Charlie,On Hold,19,2,2026-02-10,2026-02-24
TASK_03580,Implement dark mode,Testing,Critical,Grace,Completed,18,5,2026-04-25,2026-05-19
TASK_03581,Deploy application,Bug,High,Grace,Pending,14,12,2026-04-17,2026-05-11
TASK_03582,Configure CI/CD pipeline,Security,High,Emma,Pending,17,11,2026-06-11,2026-07-01
TASK_03583,Implement chatbot,Frontend,Medium,David,In Progress,3,0,2026-04-26,2026-05-20
TASK_03584,Create reports module,Database,Medium,David,Completed,11,2,2026-04-18,2026-04-25
TASK_03585,Implement chatbot,Testing,Low,Grace,Pending,1,1,2026-04-28,2026-05-13
TASK_03586,Refactor backend code,Documentation,Low,Frank,On Hold,3,2,2026-07-18,2026-07-28
TASK_03587,Create REST API,DevOps,Critical,David,Completed,6,4,2026-04-29,2026-05-12
TASK_03588,Deploy application,Frontend,Low,Henry,On Hold,14,9,2026-06-15,2026-07-10
TASK_03589,Create reports module,Documentation,Medium,Henry,On Hold,17,4,2026-07-18,2026-08-05
TASK_03590,Fix responsive layout,DevOps,Critical,Grace,Completed,10,6,2026-04-01,2026-04-08
TASK_03591,Build admin panel,Documentation,Medium,Henry,In Progress,9,9,2026-03-08,2026-04-06
TASK_03592,Deploy application,Documentation,Critical,Emma,In Progress,12,11,2026-05-09,2026-05-17
TASK_03593,Refactor backend code,Bug,High,Bob,In Progress,9,1,2026-04-10,2026-04-14
TASK_03594,Improve application performance,Feature,Medium,Charlie,On Hold,7,1,2026-06-13,2026-06-30
TASK_03595,Create reports module,Bug,High,Charlie,Completed,20,8,2026-03-13,2026-03-25
TASK_03596,Implement payment gateway,DevOps,Medium,Grace,Completed,11,9,2026-06-13,2026-06-29
TASK_03597,Deploy application,Frontend,Medium,Grace,Pending,14,5,2026-07-19,2026-08-03
TASK_03598,Create REST API,Documentation,High,Henry,On Hold,14,3,2026-02-04,2026-02-28
TASK_03599,Improve application performance,Database,Low,Alice,Pending,8,6,2026-02-23,2026-03-16
TASK_03600,Fix login authentication bug,DevOps,High,Henry,In Progress,11,8,2026-07-15,2026-08-07
TASK_03601,Integrate email notifications,Bug,High,Frank,In Progress,13,7,2026-03-16,2026-03-27
TASK_03602,Update project documentation,Frontend,Critical,David,In Progress,7,3,2026-02-18,2026-03-06
TASK_03603,Develop analytics dashboard,Documentation,Critical,Emma,Pending,19,2,2026-06-04,2026-07-04
TASK_03604,Deploy application,Documentation,Medium,Alice,Completed,9,3,2026-06-21,2026-07-17
TASK_03605,Optimize SQL queries,Feature,High,Charlie,Pending,18,4,2026-06-10,2026-06-26
TASK_03606,Develop user profile page,Documentation,Critical,Emma,On Hold,18,2,2026-06-30,2026-07-24
TASK_03607,Create REST API,DevOps,Low,Emma,On Hold,18,12,2026-01-28,2026-01-30
TASK_03608,Optimize SQL queries,Feature,High,Grace,Completed,5,5,2026-07-18,2026-07-22
TASK_03609,Create REST API,Bug,Critical,Grace,Pending,18,10,2026-04-02,2026-04-07
TASK_03610,Write unit tests,Database,Medium,Grace,Pending,13,7,2026-05-16,2026-05-28
TASK_03611,Add search functionality,Security,Low,Alice,Pending,7,3,2026-03-08,2026-03-29
TASK_03612,Fix responsive layout,Feature,Medium,Frank,On Hold,10,9,2026-03-20,2026-04-02
TASK_03613,Integrate email notifications,Security,Low,Bob,Completed,10,1,2026-02-12,2026-03-05
TASK_03614,Integrate email notifications,Frontend,Low,Charlie,In Progress,20,10,2026-06-26,2026-07-13
TASK_03615,Refactor backend code,UI/UX,Medium,Frank,On Hold,13,8,2026-05-06,2026-05-15
TASK_03616,Fix login authentication bug,Feature,Medium,Frank,In Progress,9,6,2026-03-15,2026-04-06
TASK_03617,Fix login authentication bug,Security,Medium,Henry,Completed,15,4,2026-04-03,2026-04-05
TASK_03618,Fix login authentication bug,Database,Medium,Frank,On Hold,11,1,2026-02-01,2026-02-17
TASK_03619,Design dashboard UI,Testing,Low,Bob,Completed,12,3,2026-07-20,2026-07-26
TASK_03620,Improve application performance,Documentation,Medium,Henry,In Progress,16,3,2026-03-15,2026-03-23
TASK_03621,Optimize SQL queries,Frontend,Medium,Alice,Completed,13,0,2026-02-04,2026-02-13
TASK_03622,Create reports module,Security,Low,Henry,Completed,17,9,2026-06-28,2026-07-28
TASK_03623,Develop user profile page,Feature,Low,Charlie,Pending,20,9,2026-05-16,2026-06-03
TASK_03624,Refactor backend code,Security,Low,Grace,Completed,19,5,2026-02-06,2026-02-21
TASK_03625,Update project documentation,Backend,Critical,Emma,In Progress,6,4,2026-05-05,2026-06-01
TASK_03626,Deploy application,Database,Critical,Grace,In Progress,12,6,2026-05-27,2026-06-05
TASK_03627,Implement chatbot,Testing,Medium,Emma,On Hold,14,13,2026-03-30,2026-04-17
TASK_03628,Build admin panel,Feature,High,Frank,On Hold,13,1,2026-03-30,2026-04-20
TASK_03629,Update project documentation,UI/UX,Medium,Alice,Completed,6,3,2026-06-23,2026-06-30
TASK_03630,Design dashboard UI,Frontend,Medium,Frank,Pending,11,11,2026-02-15,2026-02-28
TASK_03631,Improve application performance,DevOps,Low,Alice,In Progress,17,6,2026-05-08,2026-06-04
TASK_03632,Develop analytics dashboard,Feature,Medium,Emma,On Hold,20,2,2026-05-13,2026-05-20
TASK_03633,Optimize SQL queries,Database,High,Emma,In Progress,18,10,2026-05-06,2026-05-08
TASK_03634,Deploy application,Security,Low,David,In Progress,17,11,2026-02-23,2026-03-20
TASK_03635,Improve application performance,Feature,Low,Bob,Pending,11,10,2026-01-31,2026-02-23
TASK_03636,Optimize SQL queries,Feature,Medium,Frank,Completed,20,3,2026-06-08,2026-06-29
TASK_03637,Develop user profile page,Documentation,Medium,Frank,Completed,12,12,2026-07-16,2026-07-29
TASK_03638,Implement chatbot,Bug,Medium,Grace,On Hold,17,11,2026-05-01,2026-05-03
TASK_03639,Add search functionality,DevOps,High,Alice,In Progress,12,7,2026-07-14,2026-08-10
TASK_03640,Refactor backend code,Security,Medium,Henry,Pending,1,0,2026-03-17,2026-04-13
TASK_03641,Implement payment gateway,Frontend,Medium,Alice,In Progress,6,3,2026-05-24,2026-06-06
TASK_03642,Develop user profile page,UI/UX,Critical,Alice,In Progress,15,0,2026-02-27,2026-03-13
TASK_03643,Update project documentation,UI/UX,Low,Grace,In Progress,11,5,2026-04-04,2026-04-07
TASK_03644,Implement chatbot,Documentation,Medium,Emma,In Progress,10,5,2026-03-15,2026-03-23
TASK_03645,Optimize SQL queries,Security,Low,Alice,In Progress,2,1,2026-06-28,2026-07-06
TASK_03646,Design dashboard UI,Security,Medium,Charlie,In Progress,4,1,2026-07-18,2026-08-07
TASK_03647,Improve application performance,Bug,High,Henry,In Progress,3,2,2026-03-31,2026-04-27
TASK_03648,Update project documentation,Bug,Critical,Henry,Completed,14,11,2026-04-19,2026-05-07
TASK_03649,Fix responsive layout,UI/UX,Medium,Alice,Pending,9,6,2026-02-12,2026-03-06
TASK_03650,Integrate email notifications,Frontend,Low,Charlie,On Hold,1,0,2026-05-07,2026-05-22
TASK_03651,Add search functionality,Feature,Medium,Charlie,Completed,12,8,2026-02-04,2026-02-11
TASK_03652,Develop analytics dashboard,Bug,Critical,Alice,Pending,6,1,2026-05-29,2026-06-18
TASK_03653,Improve application performance,Testing,Critical,Emma,Pending,17,2,2026-04-10,2026-04-17
TASK_03654,Configure CI/CD pipeline,Security,High,Alice,Pending,20,13,2026-02-05,2026-02-23
TASK_03655,Deploy application,Security,Medium,Grace,Pending,20,17,2026-02-15,2026-02-18
TASK_03656,Add search functionality,DevOps,High,Henry,Completed,5,4,2026-04-26,2026-04-30
TASK_03657,Update project documentation,Documentation,Critical,Alice,Completed,19,7,2026-05-10,2026-06-03
TASK_03658,Improve application performance,DevOps,Critical,Frank,Completed,17,9,2026-05-03,2026-05-06
TASK_03659,Fix responsive layout,Bug,Critical,David,In Progress,20,12,2026-04-20,2026-05-06
TASK_03660,Update project documentation,UI/UX,Critical,Charlie,On Hold,18,14,2026-06-14,2026-07-06
TASK_03661,Implement dark mode,Bug,Low,Grace,Pending,9,6,2026-06-29,2026-07-16
TASK_03662,Write unit tests,Security,High,Alice,Pending,16,5,2026-07-14,2026-07-28
TASK_03663,Implement chatbot,Frontend,Critical,Bob,In Progress,20,16,2026-02-18,2026-03-04
TASK_03664,Update project documentation,DevOps,Low,Grace,Pending,17,8,2026-03-25,2026-04-23
TASK_03665,Improve application performance,Testing,Medium,Frank,Pending,6,4,2026-05-05,2026-05-21
TASK_03666,Configure CI/CD pipeline,Backend,Low,David,On Hold,7,1,2026-04-28,2026-05-27
TASK_03667,Fix responsive layout,Testing,Medium,Henry,Completed,15,12,2026-01-30,2026-02-13
TASK_03668,Develop user profile page,Bug,Low,David,Completed,16,6,2026-07-16,2026-07-28
TASK_03669,Update project documentation,Security,Medium,David,Completed,12,5,2026-04-24,2026-05-16
TASK_03670,Develop user profile page,Database,High,Henry,On Hold,11,0,2026-04-13,2026-05-07
TASK_03671,Fix login authentication bug,DevOps,Medium,David,On Hold,11,2,2026-05-08,2026-05-21
TASK_03672,Create reports module,UI/UX,Medium,Henry,Completed,3,2,2026-04-23,2026-05-17
TASK_03673,Implement payment gateway,DevOps,Medium,Alice,Completed,11,7,2026-07-12,2026-07-27
TASK_03674,Write unit tests,Testing,Critical,Alice,Pending,13,5,2026-03-06,2026-03-30
TASK_03675,Fix responsive layout,Feature,Low,Bob,In Progress,8,5,2026-02-14,2026-03-16
TASK_03676,Add search functionality,Frontend,Medium,Emma,Pending,8,4,2026-02-26,2026-03-10
TASK_03677,Create reports module,Security,High,David,In Progress,7,2,2026-02-28,2026-03-05
TASK_03678,Update project documentation,Security,Medium,Bob,On Hold,9,4,2026-04-11,2026-04-20
TASK_03679,Fix responsive layout,Documentation,Low,Alice,Completed,18,17,2026-04-15,2026-05-14
TASK_03680,Fix login authentication bug,DevOps,Critical,Frank,Pending,16,4,2026-02-25,2026-02-27
TASK_03681,Implement chatbot,DevOps,Critical,Henry,On Hold,18,3,2026-04-27,2026-05-08
TASK_03682,Optimize SQL queries,Security,Low,Grace,Completed,10,3,2026-02-10,2026-03-12
TASK_03683,Update project documentation,Bug,High,Charlie,On Hold,12,1,2026-05-13,2026-05-17
TASK_03684,Write unit tests,Database,Critical,Emma,On Hold,10,6,2026-05-14,2026-05-25
TASK_03685,Create REST API,Security,Medium,Charlie,Completed,6,6,2026-06-09,2026-06-22
TASK_03686,Refactor backend code,Database,Low,Charlie,On Hold,19,10,2026-03-13,2026-03-17
TASK_03687,Fix login authentication bug,Testing,Medium,Bob,In Progress,7,1,2026-03-21,2026-04-17
TASK_03688,Fix login authentication bug,Feature,Critical,Grace,Pending,3,2,2026-04-07,2026-05-05
TASK_03689,Implement payment gateway,Documentation,Critical,Grace,In Progress,9,5,2026-03-30,2026-04-20
TASK_03690,Optimize SQL queries,Backend,High,Frank,Completed,4,2,2026-02-27,2026-03-22
TASK_03691,Create REST API,DevOps,Low,Charlie,Completed,10,6,2026-07-11,2026-07-16
TASK_03692,Improve application performance,Frontend,Low,David,In Progress,14,10,2026-07-14,2026-07-17
TASK_03693,Implement payment gateway,Frontend,Critical,Charlie,In Progress,10,8,2026-03-06,2026-03-22
TASK_03694,Develop analytics dashboard,Bug,Critical,Emma,Completed,20,19,2026-05-14,2026-05-19
TASK_03695,Fix responsive layout,UI/UX,High,Charlie,Pending,3,2,2026-02-06,2026-02-21
TASK_03696,Configure CI/CD pipeline,UI/UX,High,Emma,On Hold,12,0,2026-02-25,2026-03-09
TASK_03697,Configure CI/CD pipeline,Frontend,High,Frank,In Progress,10,7,2026-05-27,2026-06-16
TASK_03698,Fix login authentication bug,Database,Critical,Bob,Pending,6,5,2026-06-13,2026-07-10
TASK_03699,Update project documentation,Frontend,Low,Grace,Pending,2,0,2026-03-28,2026-04-22
TASK_03700,Implement payment gateway,Documentation,Medium,Henry,Pending,13,12,2026-02-19,2026-03-13
TASK_03701,Implement chatbot,Documentation,Medium,David,In Progress,20,20,2026-07-05,2026-07-27
TASK_03702,Develop analytics dashboard,Testing,High,Bob,Completed,7,1,2026-05-18,2026-05-20
TASK_03703,Write unit tests,Database,Low,Henry,On Hold,4,1,2026-07-13,2026-08-01
TASK_03704,Design dashboard UI,Testing,High,Bob,On Hold,5,1,2026-04-08,2026-04-14
TASK_03705,Design dashboard UI,Documentation,Medium,Emma,Pending,1,0,2026-05-04,2026-05-28
TASK_03706,Implement dark mode,Documentation,High,Charlie,Completed,5,2,2026-05-29,2026-06-08
TASK_03707,Build admin panel,UI/UX,Critical,Bob,Pending,20,1,2026-03-03,2026-03-05
TASK_03708,Deploy application,Documentation,Critical,David,Completed,13,6,2026-06-13,2026-06-30
TASK_03709,Deploy application,Feature,High,Bob,On Hold,10,0,2026-02-24,2026-03-22
TASK_03710,Create REST API,DevOps,Critical,Emma,Completed,19,7,2026-03-12,2026-04-03
TASK_03711,Update project documentation,Security,Low,Charlie,On Hold,8,1,2026-05-14,2026-06-07
TASK_03712,Write unit tests,Database,Medium,David,Completed,5,2,2026-02-11,2026-02-21
TASK_03713,Develop user profile page,Documentation,Medium,Emma,On Hold,17,7,2026-02-13,2026-03-13
TASK_03714,Implement chatbot,Database,Medium,Alice,Pending,19,6,2026-06-04,2026-06-14
TASK_03715,Design dashboard UI,Backend,Medium,Bob,In Progress,20,13,2026-05-08,2026-05-22
TASK_03716,Implement dark mode,Feature,High,Henry,On Hold,3,2,2026-05-20,2026-06-19
TASK_03717,Create REST API,Frontend,High,Emma,Completed,11,7,2026-04-07,2026-04-24
TASK_03718,Build admin panel,Testing,High,Frank,Completed,19,14,2026-04-29,2026-05-27
TASK_03719,Create reports module,Backend,Low,Frank,On Hold,5,1,2026-05-29,2026-06-08
TASK_03720,Implement payment gateway,Testing,Low,Emma,Completed,16,1,2026-04-16,2026-05-04
TASK_03721,Deploy application,Frontend,High,Bob,Completed,2,0,2026-04-17,2026-05-10
TASK_03722,Implement payment gateway,Backend,Medium,Grace,Completed,4,1,2026-04-19,2026-04-21
TASK_03723,Add search functionality,Security,Medium,Henry,In Progress,9,7,2026-05-09,2026-05-24
TASK_03724,Design dashboard UI,Security,Critical,Frank,On Hold,10,10,2026-05-08,2026-06-07
TASK_03725,Integrate email notifications,Backend,Critical,Charlie,Pending,4,3,2026-06-03,2026-07-01
TASK_03726,Develop user profile page,DevOps,Critical,Charlie,In Progress,18,9,2026-05-27,2026-06-07
TASK_03727,Design dashboard UI,Testing,Critical,Frank,On Hold,11,10,2026-07-19,2026-08-14
TASK_03728,Create reports module,Security,Low,Emma,In Progress,12,6,2026-02-03,2026-02-24
TASK_03729,Configure CI/CD pipeline,Database,Medium,Alice,Completed,4,2,2026-07-18,2026-08-07
TASK_03730,Develop analytics dashboard,Security,Low,Henry,Pending,16,15,2026-06-21,2026-06-29
TASK_03731,Build admin panel,Database,Critical,Grace,Pending,9,7,2026-05-09,2026-06-02
TASK_03732,Integrate email notifications,Frontend,Low,Bob,Completed,9,7,2026-06-05,2026-06-18
TASK_03733,Integrate email notifications,Bug,High,Frank,In Progress,16,14,2026-06-24,2026-07-24
TASK_03734,Fix login authentication bug,Documentation,Critical,Grace,In Progress,20,4,2026-03-03,2026-03-09
TASK_03735,Write unit tests,Security,High,Alice,Pending,9,4,2026-03-25,2026-04-22
TASK_03736,Fix responsive layout,DevOps,High,Henry,Pending,12,0,2026-05-30,2026-06-21
TASK_03737,Configure CI/CD pipeline,Bug,Medium,David,On Hold,6,3,2026-04-06,2026-04-18
TASK_03738,Develop analytics dashboard,Backend,High,Alice,On Hold,3,2,2026-03-22,2026-04-01
TASK_03739,Fix responsive layout,Bug,Critical,Bob,Pending,11,1,2026-03-03,2026-04-01
TASK_03740,Create reports module,UI/UX,Low,David,On Hold,20,16,2026-04-26,2026-05-07
TASK_03741,Design dashboard UI,Backend,Critical,Bob,In Progress,20,0,2026-02-25,2026-03-04
TASK_03742,Develop analytics dashboard,Feature,Low,Frank,In Progress,17,10,2026-01-28,2026-02-06
TASK_03743,Implement dark mode,DevOps,Critical,Frank,Pending,4,1,2026-04-18,2026-05-12
TASK_03744,Implement dark mode,Database,High,Grace,Pending,17,0,2026-02-12,2026-02-15
TASK_03745,Add search functionality,Bug,Medium,David,In Progress,19,9,2026-03-02,2026-03-04
TASK_03746,Optimize SQL queries,Bug,Critical,David,In Progress,10,4,2026-06-04,2026-06-21
TASK_03747,Build admin panel,Bug,High,Henry,Completed,5,4,2026-05-04,2026-05-15
TASK_03748,Refactor backend code,Security,Medium,Charlie,Completed,18,9,2026-05-01,2026-05-06
TASK_03749,Improve application performance,Backend,Low,Grace,On Hold,6,6,2026-05-31,2026-06-23
TASK_03750,Refactor backend code,Testing,Low,Charlie,On Hold,3,0,2026-05-04,2026-05-11
TASK_03751,Develop analytics dashboard,Testing,High,Henry,Completed,17,13,2026-02-16,2026-03-12
TASK_03752,Implement dark mode,Documentation,Medium,Emma,Completed,3,1,2026-05-28,2026-06-11
TASK_03753,Optimize SQL queries,DevOps,Critical,Frank,Pending,12,6,2026-05-26,2026-06-23
TASK_03754,Update project documentation,DevOps,Low,David,In Progress,10,8,2026-06-06,2026-06-27
TASK_03755,Create REST API,Database,Medium,David,On Hold,15,1,2026-04-30,2026-05-15
TASK_03756,Configure CI/CD pipeline,DevOps,Critical,Charlie,In Progress,5,1,2026-06-04,2026-07-04
TASK_03757,Update project documentation,Database,High,Bob,Pending,5,4,2026-04-08,2026-04-16
TASK_03758,Implement dark mode,DevOps,High,Charlie,Pending,1,1,2026-02-07,2026-03-01
TASK_03759,Implement payment gateway,DevOps,High,David,On Hold,17,2,2026-05-16,2026-06-13
TASK_03760,Improve application performance,Backend,Critical,Henry,Completed,13,8,2026-07-16,2026-08-11
TASK_03761,Configure CI/CD pipeline,Backend,Critical,Frank,In Progress,10,8,2026-02-15,2026-02-27
TASK_03762,Create REST API,DevOps,High,Alice,In Progress,10,4,2026-03-23,2026-04-09
TASK_03763,Fix responsive layout,Documentation,Critical,Alice,Pending,15,6,2026-06-18,2026-07-04
TASK_03764,Fix login authentication bug,Backend,High,David,In Progress,12,3,2026-07-01,2026-07-11
TASK_03765,Implement chatbot,Security,Critical,Alice,Pending,8,3,2026-01-28,2026-02-23
TASK_03766,Implement payment gateway,Bug,Low,Charlie,On Hold,17,11,2026-01-30,2026-02-19
TASK_03767,Design dashboard UI,UI/UX,Critical,Charlie,In Progress,5,2,2026-03-16,2026-04-07
TASK_03768,Write unit tests,Database,Medium,Alice,In Progress,13,2,2026-02-05,2026-03-02
TASK_03769,Fix responsive layout,Testing,High,Bob,In Progress,6,4,2026-04-23,2026-04-29
TASK_03770,Improve application performance,Bug,Critical,Alice,Completed,4,1,2026-03-27,2026-04-15
TASK_03771,Build admin panel,Bug,Low,Charlie,In Progress,9,8,2026-07-04,2026-07-24
TASK_03772,Optimize SQL queries,Bug,Medium,Alice,In Progress,8,1,2026-04-11,2026-05-02
TASK_03773,Implement chatbot,Feature,Low,Henry,In Progress,5,2,2026-06-12,2026-06-18
TASK_03774,Implement chatbot,Security,High,David,Completed,19,7,2026-02-06,2026-02-11
TASK_03775,Configure CI/CD pipeline,Database,Medium,David,In Progress,9,6,2026-05-21,2026-06-10
TASK_03776,Implement chatbot,Documentation,Critical,Emma,On Hold,18,17,2026-06-23,2026-07-04
TASK_03777,Create reports module,Documentation,Low,Charlie,On Hold,9,0,2026-02-23,2026-03-03
TASK_03778,Design dashboard UI,Testing,Critical,Bob,In Progress,7,5,2026-05-23,2026-06-19
TASK_03779,Design dashboard UI,Security,Medium,Emma,Completed,1,0,2026-06-27,2026-07-03
TASK_03780,Deploy application,Database,High,Grace,On Hold,20,11,2026-05-21,2026-05-24
TASK_03781,Optimize SQL queries,UI/UX,Critical,David,Completed,8,7,2026-05-09,2026-05-19
TASK_03782,Update project documentation,Database,Low,Grace,In Progress,9,6,2026-06-30,2026-07-02
TASK_03783,Build admin panel,Database,Low,Emma,Completed,6,0,2026-02-01,2026-02-17
TASK_03784,Build admin panel,UI/UX,High,Henry,Pending,18,2,2026-04-01,2026-04-14
TASK_03785,Write unit tests,Feature,Low,Bob,On Hold,20,16,2026-03-20,2026-03-22
TASK_03786,Create REST API,Backend,Critical,Charlie,In Progress,1,1,2026-02-16,2026-02-21
TASK_03787,Deploy application,DevOps,Critical,Charlie,On Hold,18,15,2026-02-24,2026-03-04
TASK_03788,Improve application performance,Documentation,Low,Grace,Completed,19,11,2026-02-15,2026-03-10
TASK_03789,Update project documentation,Testing,Medium,Bob,Completed,14,1,2026-05-14,2026-05-21
TASK_03790,Implement payment gateway,Security,Critical,Frank,In Progress,17,0,2026-05-17,2026-06-15
TASK_03791,Update project documentation,DevOps,High,David,Pending,13,4,2026-03-17,2026-03-27
TASK_03792,Implement dark mode,Backend,Low,Emma,On Hold,12,7,2026-07-26,2026-08-04
TASK_03793,Create reports module,Documentation,Low,David,Pending,10,4,2026-06-02,2026-06-15
TASK_03794,Add search functionality,Documentation,Low,David,In Progress,6,3,2026-07-05,2026-07-28
TASK_03795,Fix responsive layout,Documentation,High,Alice,In Progress,10,7,2026-07-04,2026-07-23
TASK_03796,Improve application performance,Feature,High,Alice,Completed,11,2,2026-03-06,2026-03-14
TASK_03797,Build admin panel,UI/UX,High,Henry,Completed,3,1,2026-04-06,2026-05-04
TASK_03798,Create REST API,Bug,High,Charlie,In Progress,20,6,2026-02-03,2026-02-27
TASK_03799,Optimize SQL queries,Testing,High,Frank,On Hold,16,1,2026-03-19,2026-04-05
TASK_03800,Optimize SQL queries,Bug,Low,Charlie,Completed,9,7,2026-02-27,2026-03-21
TASK_03801,Configure CI/CD pipeline,Database,High,Bob,In Progress,3,0,2026-04-07,2026-04-27
TASK_03802,Integrate email notifications,Frontend,Critical,Grace,On Hold,20,14,2026-04-02,2026-04-10
TASK_03803,Implement dark mode,Frontend,Critical,Grace,Completed,12,5,2026-06-15,2026-06-19
TASK_03804,Implement dark mode,Security,High,Bob,Pending,14,9,2026-06-02,2026-07-02
TASK_03805,Implement payment gateway,Backend,Low,Emma,In Progress,7,1,2026-03-06,2026-03-10
TASK_03806,Deploy application,Database,Critical,Emma,On Hold,17,16,2026-03-14,2026-03-16
TASK_03807,Refactor backend code,Testing,High,Frank,Pending,8,5,2026-01-29,2026-02-06
TASK_03808,Develop user profile page,DevOps,Low,Henry,In Progress,15,11,2026-02-11,2026-02-16
TASK_03809,Configure CI/CD pipeline,Testing,High,Grace,Pending,7,2,2026-07-04,2026-07-12
TASK_03810,Deploy application,Feature,Low,Frank,In Progress,19,2,2026-07-15,2026-08-11
TASK_03811,Update project documentation,Database,High,Alice,On Hold,3,3,2026-07-21,2026-07-28
TASK_03812,Integrate email notifications,UI/UX,Critical,Emma,Pending,15,3,2026-04-22,2026-05-03
TASK_03813,Create REST API,Testing,Critical,Frank,In Progress,1,1,2026-03-05,2026-03-23
TASK_03814,Refactor backend code,Bug,Critical,Alice,On Hold,12,4,2026-03-10,2026-03-17
TASK_03815,Deploy application,Testing,Critical,Bob,Completed,13,1,2026-01-31,2026-03-02
TASK_03816,Improve application performance,Frontend,Critical,Emma,Completed,19,19,2026-05-13,2026-05-20
TASK_03817,Implement chatbot,Security,Critical,Charlie,Pending,14,13,2026-07-07,2026-07-13
TASK_03818,Develop analytics dashboard,Backend,High,Frank,On Hold,8,6,2026-03-25,2026-04-21
TASK_03819,Deploy application,DevOps,Low,Henry,Completed,18,17,2026-02-08,2026-02-28
TASK_03820,Develop user profile page,UI/UX,Low,David,On Hold,5,5,2026-07-10,2026-08-06
TASK_03821,Add search functionality,Backend,Medium,Grace,On Hold,19,9,2026-03-14,2026-03-20
TASK_03822,Implement dark mode,DevOps,Critical,Emma,Completed,4,2,2026-03-29,2026-04-12
TASK_03823,Improve application performance,Frontend,High,Alice,In Progress,9,5,2026-04-16,2026-04-22
TASK_03824,Develop user profile page,UI/UX,Medium,Alice,In Progress,12,6,2026-04-20,2026-04-23
TASK_03825,Build admin panel,Feature,Low,Alice,In Progress,3,0,2026-02-14,2026-02-23
TASK_03826,Configure CI/CD pipeline,Documentation,High,Grace,Completed,19,16,2026-04-13,2026-04-28
TASK_03827,Optimize SQL queries,DevOps,Critical,Emma,Pending,20,5,2026-04-02,2026-04-25
TASK_03828,Design dashboard UI,Security,Low,Frank,Pending,15,9,2026-06-26,2026-07-19
TASK_03829,Fix responsive layout,DevOps,Medium,Alice,Completed,3,2,2026-04-28,2026-05-27
TASK_03830,Update project documentation,Database,High,Henry,On Hold,10,4,2026-04-17,2026-04-23
TASK_03831,Implement dark mode,Database,Medium,Grace,Completed,4,3,2026-06-08,2026-06-15
TASK_03832,Write unit tests,Security,Critical,Charlie,Pending,1,1,2026-07-26,2026-08-06
TASK_03833,Implement payment gateway,Frontend,High,Emma,In Progress,13,2,2026-07-22,2026-08-20
TASK_03834,Create REST API,Database,Medium,David,On Hold,7,4,2026-05-22,2026-06-05
TASK_03835,Build admin panel,Testing,Medium,Charlie,On Hold,7,2,2026-07-14,2026-08-07
TASK_03836,Deploy application,Security,High,Emma,Completed,19,8,2026-06-08,2026-06-10
TASK_03837,Configure CI/CD pipeline,Feature,Critical,David,Pending,15,15,2026-07-12,2026-07-23
TASK_03838,Integrate email notifications,Testing,High,David,On Hold,10,10,2026-04-02,2026-04-28
TASK_03839,Optimize SQL queries,Security,Medium,David,Completed,14,9,2026-02-20,2026-02-28
TASK_03840,Implement payment gateway,Frontend,Low,Charlie,Pending,5,3,2026-07-23,2026-08-20
TASK_03841,Develop user profile page,UI/UX,High,Alice,Completed,5,1,2026-07-25,2026-08-08
TASK_03842,Update project documentation,Documentation,Low,Henry,Completed,4,0,2026-03-28,2026-04-27
TASK_03843,Integrate email notifications,DevOps,High,Bob,Pending,2,1,2026-04-07,2026-05-02
TASK_03844,Design dashboard UI,Backend,Low,Grace,Completed,8,0,2026-04-16,2026-05-14
TASK_03845,Fix responsive layout,Documentation,Low,Charlie,Completed,17,7,2026-04-18,2026-04-24
TASK_03846,Configure CI/CD pipeline,Bug,Medium,Frank,Pending,16,16,2026-05-19,2026-05-22
TASK_03847,Fix responsive layout,Bug,Medium,Bob,In Progress,17,6,2026-04-20,2026-05-12
TASK_03848,Develop analytics dashboard,Database,Low,Charlie,Completed,1,0,2026-05-29,2026-06-17
TASK_03849,Integrate email notifications,Testing,Medium,Frank,Pending,3,1,2026-05-29,2026-06-17
TASK_03850,Fix login authentication bug,Testing,Critical,Alice,On Hold,20,3,2026-07-12,2026-08-02
TASK_03851,Add search functionality,Feature,Critical,Bob,In Progress,12,5,2026-03-17,2026-03-22
TASK_03852,Improve application performance,Security,Low,Henry,Completed,4,3,2026-01-31,2026-02-27
TASK_03853,Fix login authentication bug,Documentation,Critical,David,In Progress,19,16,2026-05-25,2026-06-16
TASK_03854,Fix login authentication bug,Frontend,Low,David,Pending,20,18,2026-07-11,2026-08-04
TASK_03855,Develop analytics dashboard,Testing,Low,Grace,On Hold,9,2,2026-02-05,2026-02-18
TASK_03856,Design dashboard UI,DevOps,Medium,Grace,In Progress,16,3,2026-05-10,2026-05-18
TASK_03857,Develop user profile page,Bug,Low,Emma,In Progress,3,2,2026-07-08,2026-08-03
TASK_03858,Update project documentation,Security,Low,Alice,On Hold,14,10,2026-07-06,2026-07-26
TASK_03859,Build admin panel,Database,Low,Henry,Completed,11,8,2026-06-08,2026-06-24
TASK_03860,Improve application performance,Documentation,Medium,Henry,Completed,2,0,2026-07-10,2026-07-22
TASK_03861,Build admin panel,Backend,Low,Frank,On Hold,15,12,2026-06-13,2026-06-26
TASK_03862,Update project documentation,Documentation,Low,Frank,In Progress,6,5,2026-05-17,2026-05-31
TASK_03863,Optimize SQL queries,Database,Low,Grace,Completed,20,8,2026-06-26,2026-07-17
TASK_03864,Add search functionality,Feature,Critical,Emma,Pending,16,13,2026-04-15,2026-05-05
TASK_03865,Implement payment gateway,Database,Critical,Alice,On Hold,3,3,2026-03-19,2026-03-29
TASK_03866,Create REST API,Backend,Low,Henry,Completed,14,3,2026-02-26,2026-03-22
TASK_03867,Fix login authentication bug,Feature,Medium,Bob,On Hold,10,6,2026-04-25,2026-05-15
TASK_03868,Develop analytics dashboard,UI/UX,Critical,Henry,Pending,6,4,2026-07-24,2026-08-03
TASK_03869,Fix responsive layout,Bug,Medium,Emma,Completed,4,3,2026-06-17,2026-07-06
TASK_03870,Add search functionality,Frontend,Critical,David,On Hold,14,5,2026-06-12,2026-06-17
TASK_03871,Improve application performance,Security,Medium,Charlie,On Hold,3,3,2026-06-01,2026-06-28
TASK_03872,Add search functionality,DevOps,Medium,Bob,Pending,14,7,2026-02-09,2026-03-01
TASK_03873,Add search functionality,DevOps,Critical,Grace,Completed,15,4,2026-07-25,2026-08-16
TASK_03874,Implement dark mode,Security,Critical,Emma,Pending,19,13,2026-03-21,2026-04-18
TASK_03875,Add search functionality,Bug,Critical,Frank,Completed,12,7,2026-05-06,2026-06-02
TASK_03876,Develop user profile page,Backend,High,Alice,Completed,20,2,2026-07-05,2026-07-27
TASK_03877,Improve application performance,UI/UX,Medium,Bob,Pending,6,6,2026-05-01,2026-05-12
TASK_03878,Refactor backend code,Security,Low,Frank,Completed,17,11,2026-06-09,2026-07-09
TASK_03879,Add search functionality,Backend,Low,Bob,Completed,4,1,2026-06-02,2026-06-12
TASK_03880,Add search functionality,Testing,Low,David,Completed,10,7,2026-07-16,2026-08-12
TASK_03881,Develop analytics dashboard,Database,Low,Bob,Pending,12,11,2026-04-25,2026-05-03
TASK_03882,Improve application performance,Frontend,Medium,Charlie,Pending,4,4,2026-03-17,2026-03-19
TASK_03883,Fix responsive layout,Security,Low,Henry,In Progress,18,5,2026-05-21,2026-06-02
TASK_03884,Design dashboard UI,Bug,Medium,Charlie,Pending,11,6,2026-04-23,2026-04-29
TASK_03885,Integrate email notifications,Database,High,Charlie,On Hold,1,0,2026-05-02,2026-05-24
TASK_03886,Fix responsive layout,Testing,Medium,Frank,On Hold,3,0,2026-04-04,2026-04-22
TASK_03887,Fix login authentication bug,Feature,Low,Emma,On Hold,2,2,2026-07-13,2026-07-17
TASK_03888,Build admin panel,Frontend,Medium,Bob,Completed,11,9,2026-02-11,2026-03-09
TASK_03889,Implement payment gateway,UI/UX,Critical,Henry,In Progress,19,5,2026-07-02,2026-07-20
TASK_03890,Implement chatbot,Frontend,Low,Emma,On Hold,10,6,2026-06-19,2026-07-09
TASK_03891,Write unit tests,Database,Critical,Frank,Completed,8,0,2026-04-22,2026-05-09
TASK_03892,Add search functionality,Database,Low,Grace,In Progress,5,5,2026-04-30,2026-05-11
TASK_03893,Fix login authentication bug,Documentation,High,Charlie,Completed,14,4,2026-07-01,2026-07-30
TASK_03894,Build admin panel,Backend,Critical,Bob,Completed,11,9,2026-06-26,2026-07-17
TASK_03895,Implement payment gateway,UI/UX,Medium,Emma,Pending,15,11,2026-05-24,2026-05-30
TASK_03896,Design dashboard UI,Documentation,Low,Alice,On Hold,19,7,2026-06-26,2026-07-02
TASK_03897,Fix login authentication bug,Documentation,Critical,Henry,In Progress,6,6,2026-07-26,2026-07-31
TASK_03898,Update project documentation,Feature,High,David,On Hold,13,3,2026-04-10,2026-04-17
TASK_03899,Optimize SQL queries,Bug,High,Henry,In Progress,20,11,2026-07-13,2026-07-27
TASK_03900,Fix responsive layout,UI/UX,Medium,Frank,Pending,14,9,2026-02-06,2026-03-05
TASK_03901,Create reports module,Documentation,Low,David,Completed,13,8,2026-04-22,2026-05-06
TASK_03902,Optimize SQL queries,Database,Low,David,Completed,19,16,2026-02-10,2026-02-21
TASK_03903,Fix login authentication bug,Database,Critical,Frank,Completed,7,2,2026-02-23,2026-03-08
TASK_03904,Write unit tests,Feature,Low,Charlie,On Hold,13,11,2026-02-28,2026-03-02
TASK_03905,Improve application performance,Bug,High,Bob,Pending,19,15,2026-03-24,2026-04-22
TASK_03906,Implement payment gateway,Testing,Critical,Frank,Completed,19,11,2026-07-04,2026-07-26
TASK_03907,Create REST API,Security,Medium,Emma,On Hold,3,0,2026-06-18,2026-06-26
TASK_03908,Fix responsive layout,DevOps,Low,Emma,In Progress,17,14,2026-04-22,2026-05-04
TASK_03909,Implement payment gateway,Testing,High,Alice,Completed,9,0,2026-07-07,2026-08-03
TASK_03910,Fix responsive layout,DevOps,Medium,Emma,On Hold,14,1,2026-04-28,2026-05-01
TASK_03911,Improve application performance,Bug,High,Grace,In Progress,1,0,2026-04-08,2026-04-26
TASK_03912,Develop analytics dashboard,Testing,High,Henry,Pending,4,1,2026-05-03,2026-06-02
TASK_03913,Add search functionality,Feature,Medium,David,Pending,8,0,2026-02-02,2026-02-21
TASK_03914,Fix login authentication bug,Bug,Medium,Henry,In Progress,3,0,2026-05-27,2026-06-15
TASK_03915,Fix responsive layout,DevOps,High,Frank,Completed,19,13,2026-03-17,2026-03-28
TASK_03916,Create REST API,Security,Low,Henry,Pending,16,11,2026-03-28,2026-04-15
TASK_03917,Develop user profile page,Bug,Critical,Frank,In Progress,20,15,2026-05-30,2026-06-14
TASK_03918,Fix responsive layout,Bug,Medium,Henry,Completed,12,8,2026-03-12,2026-04-08
TASK_03919,Deploy application,Documentation,Critical,Alice,Pending,15,1,2026-03-16,2026-03-24
TASK_03920,Write unit tests,Feature,Low,David,Pending,7,2,2026-04-06,2026-04-14
TASK_03921,Add search functionality,DevOps,High,Alice,On Hold,16,8,2026-02-26,2026-03-01
TASK_03922,Improve application performance,Bug,Medium,Frank,On Hold,3,3,2026-05-03,2026-05-06
TASK_03923,Fix login authentication bug,Backend,High,Emma,On Hold,20,20,2026-07-18,2026-07-23
TASK_03924,Develop user profile page,Documentation,Medium,Henry,On Hold,11,6,2026-05-31,2026-06-26
TASK_03925,Improve application performance,Feature,Medium,Emma,Completed,20,17,2026-02-09,2026-02-23
TASK_03926,Update project documentation,Backend,High,Charlie,On Hold,16,3,2026-04-20,2026-04-24
TASK_03927,Integrate email notifications,Bug,Medium,Alice,On Hold,2,0,2026-05-17,2026-05-27
TASK_03928,Update project documentation,DevOps,Low,Emma,Completed,1,0,2026-04-15,2026-05-15
TASK_03929,Implement chatbot,Feature,Low,Henry,Completed,10,3,2026-04-13,2026-04-27
TASK_03930,Implement chatbot,Frontend,Medium,David,Pending,7,7,2026-05-16,2026-05-18
TASK_03931,Develop analytics dashboard,Documentation,High,Frank,In Progress,8,7,2026-01-30,2026-02-18
TASK_03932,Integrate email notifications,Database,Critical,David,Completed,7,2,2026-06-17,2026-07-04
TASK_03933,Implement chatbot,Feature,Medium,Charlie,Completed,7,7,2026-03-15,2026-03-29
TASK_03934,Update project documentation,Bug,High,Emma,On Hold,20,12,2026-05-25,2026-06-09
TASK_03935,Integrate email notifications,Testing,High,Henry,In Progress,9,5,2026-02-03,2026-03-02
TASK_03936,Refactor backend code,Security,Critical,Henry,Completed,6,5,2026-04-12,2026-04-20
TASK_03937,Implement dark mode,Testing,Medium,Emma,Pending,15,6,2026-03-16,2026-04-09
TASK_03938,Fix responsive layout,Documentation,Low,Frank,Completed,5,1,2026-04-30,2026-05-20
TASK_03939,Design dashboard UI,Database,Medium,Henry,Pending,2,2,2026-03-02,2026-03-29
TASK_03940,Build admin panel,Frontend,Low,Bob,Completed,13,0,2026-01-29,2026-02-07
TASK_03941,Configure CI/CD pipeline,Frontend,Critical,Emma,On Hold,1,1,2026-02-11,2026-03-10
TASK_03942,Implement chatbot,Frontend,Critical,Frank,Pending,8,7,2026-02-28,2026-03-26
TASK_03943,Add search functionality,Security,Low,Emma,In Progress,17,17,2026-05-05,2026-05-17
TASK_03944,Implement dark mode,Backend,Low,David,In Progress,16,5,2026-06-17,2026-06-20
TASK_03945,Configure CI/CD pipeline,Documentation,Critical,Henry,Completed,4,1,2026-04-29,2026-05-08
TASK_03946,Optimize SQL queries,Bug,Critical,Henry,Pending,19,6,2026-02-27,2026-03-11
TASK_03947,Develop analytics dashboard,Database,Low,Alice,Completed,3,1,2026-01-30,2026-02-28
TASK_03948,Implement payment gateway,Frontend,Low,Emma,In Progress,13,5,2026-01-28,2026-02-03
TASK_03949,Optimize SQL queries,Frontend,High,Alice,On Hold,14,0,2026-05-16,2026-06-03
TASK_03950,Improve application performance,Documentation,High,Grace,Completed,5,5,2026-07-20,2026-07-30
TASK_03951,Develop analytics dashboard,Bug,Medium,Frank,Completed,3,0,2026-04-17,2026-04-24
TASK_03952,Create REST API,UI/UX,Medium,David,On Hold,5,0,2026-02-15,2026-02-18
TASK_03953,Improve application performance,Frontend,High,Charlie,Pending,2,1,2026-04-08,2026-04-28
TASK_03954,Integrate email notifications,Feature,Medium,David,Completed,7,5,2026-06-16,2026-06-27
TASK_03955,Implement payment gateway,Backend,Critical,Henry,In Progress,18,18,2026-07-25,2026-08-03
TASK_03956,Build admin panel,UI/UX,Critical,Grace,On Hold,15,15,2026-03-31,2026-04-28
TASK_03957,Implement payment gateway,Frontend,High,David,On Hold,18,11,2026-03-28,2026-04-05
TASK_03958,Integrate email notifications,Bug,High,Henry,On Hold,10,2,2026-06-15,2026-07-12
TASK_03959,Optimize SQL queries,UI/UX,Critical,Alice,On Hold,6,1,2026-05-21,2026-05-26
TASK_03960,Fix login authentication bug,Frontend,Critical,Alice,On Hold,7,4,2026-06-16,2026-07-05
TASK_03961,Implement chatbot,Security,Low,Frank,Completed,7,4,2026-06-03,2026-06-12
TASK_03962,Create reports module,DevOps,Critical,Bob,Pending,14,9,2026-04-20,2026-05-17
TASK_03963,Fix responsive layout,Database,Critical,Alice,In Progress,11,4,2026-03-22,2026-03-26
TASK_03964,Refactor backend code,Backend,Medium,David,On Hold,14,13,2026-05-09,2026-05-15
TASK_03965,Implement dark mode,Backend,Medium,Emma,Pending,11,2,2026-03-15,2026-04-05
TASK_03966,Update project documentation,UI/UX,Medium,Emma,In Progress,7,5,2026-03-21,2026-03-27
TASK_03967,Develop user profile page,Testing,Critical,Bob,On Hold,17,12,2026-04-11,2026-04-21
TASK_03968,Develop analytics dashboard,Backend,Low,Henry,Pending,19,4,2026-02-27,2026-03-12
TASK_03969,Configure CI/CD pipeline,UI/UX,Critical,Bob,Pending,4,3,2026-02-18,2026-02-26
TASK_03970,Develop user profile page,Backend,Medium,Bob,Pending,7,3,2026-04-14,2026-05-10
TASK_03971,Build admin panel,Feature,Critical,Frank,Pending,11,0,2026-05-15,2026-05-18
TASK_03972,Fix login authentication bug,Backend,High,Henry,In Progress,12,7,2026-04-28,2026-05-25
TASK_03973,Create REST API,Security,Low,Bob,Completed,5,1,2026-02-23,2026-03-18
TASK_03974,Develop user profile page,Frontend,Medium,Henry,On Hold,16,12,2026-05-29,2026-06-27
TASK_03975,Develop user profile page,Documentation,Critical,Henry,Pending,2,2,2026-06-21,2026-07-01
TASK_03976,Fix login authentication bug,UI/UX,High,Bob,Pending,18,15,2026-05-17,2026-05-28
TASK_03977,Update project documentation,Frontend,Low,Emma,Completed,6,6,2026-07-06,2026-07-18
TASK_03978,Implement payment gateway,Bug,Critical,David,On Hold,11,2,2026-04-02,2026-04-11
TASK_03979,Design dashboard UI,UI/UX,Critical,Grace,Pending,15,6,2026-06-12,2026-07-06
TASK_03980,Refactor backend code,Backend,Low,Grace,Pending,15,1,2026-02-10,2026-02-20
TASK_03981,Write unit tests,Security,Critical,Grace,In Progress,2,1,2026-07-19,2026-08-08
TASK_03982,Implement chatbot,DevOps,Medium,Grace,Pending,1,1,2026-04-17,2026-04-30
TASK_03983,Implement payment gateway,Backend,Medium,Alice,Completed,5,5,2026-07-25,2026-07-27
TASK_03984,Implement payment gateway,Feature,Low,Charlie,On Hold,1,0,2026-02-27,2026-03-22
TASK_03985,Implement payment gateway,Security,Low,Henry,On Hold,15,3,2026-03-21,2026-04-08
TASK_03986,Design dashboard UI,Documentation,Low,David,On Hold,10,6,2026-04-21,2026-05-15
TASK_03987,Update project documentation,Security,High,Frank,On Hold,19,9,2026-06-05,2026-06-25
TASK_03988,Write unit tests,Feature,Medium,Grace,Completed,7,1,2026-05-15,2026-05-19
TASK_03989,Integrate email notifications,DevOps,High,Frank,On Hold,3,0,2026-02-01,2026-02-06
TASK_03990,Configure CI/CD pipeline,Backend,Medium,Alice,Pending,12,9,2026-03-22,2026-03-28
TASK_03991,Build admin panel,UI/UX,High,Charlie,Completed,16,16,2026-05-28,2026-06-21
TASK_03992,Optimize SQL queries,Feature,Critical,Henry,In Progress,5,0,2026-04-17,2026-04-26
TASK_03993,Optimize SQL queries,Bug,Critical,Alice,In Progress,15,1,2026-02-17,2026-02-20
TASK_03994,Add search functionality,Security,Low,Grace,On Hold,5,2,2026-07-10,2026-08-07
TASK_03995,Refactor backend code,Bug,High,Bob,Completed,3,3,2026-03-31,2026-04-05
TASK_03996,Improve application performance,DevOps,Critical,Henry,On Hold,9,3,2026-07-24,2026-08-15
TASK_03997,Refactor backend code,UI/UX,Medium,Henry,Completed,16,11,2026-07-06,2026-07-24
TASK_03998,Add search functionality,Testing,High,Frank,Completed,8,1,2026-06-28,2026-07-11
TASK_03999,Fix login authentication bug,Database,Low,Charlie,Completed,18,9,2026-05-31,2026-06-09
TASK_04000,Develop analytics dashboard,Backend,Low,Bob,In Progress,16,7,2026-03-17,2026-04-05
TASK_04001,Create reports module,Documentation,Critical,Grace,Completed,17,17,2026-04-07,2026-04-12
TASK_04002,Fix responsive layout,Documentation,Low,Alice,Pending,11,9,2026-05-09,2026-05-21
TASK_04003,Fix responsive layout,DevOps,High,Frank,In Progress,16,6,2026-07-13,2026-08-05
TASK_04004,Fix login authentication bug,Feature,Critical,Bob,In Progress,8,6,2026-07-03,2026-07-15
TASK_04005,Implement payment gateway,Security,High,Emma,Completed,16,3,2026-06-02,2026-06-08
TASK_04006,Develop analytics dashboard,Security,High,Henry,Completed,15,9,2026-03-07,2026-03-31
TASK_04007,Design dashboard UI,Frontend,Low,Charlie,On Hold,19,1,2026-02-18,2026-03-08
TASK_04008,Fix responsive layout,Bug,Medium,Henry,On Hold,9,6,2026-07-20,2026-07-29
TASK_04009,Improve application performance,Frontend,Critical,Charlie,Completed,1,0,2026-01-30,2026-02-09
TASK_04010,Deploy application,Feature,Low,Emma,Pending,15,13,2026-06-18,2026-07-16
TASK_04011,Integrate email notifications,Security,Medium,Grace,In Progress,18,1,2026-06-25,2026-07-20
TASK_04012,Refactor backend code,Security,Low,Emma,In Progress,9,3,2026-05-28,2026-06-10
TASK_04013,Implement chatbot,Backend,Critical,Bob,Pending,10,5,2026-03-21,2026-04-02
TASK_04014,Create REST API,DevOps,High,Henry,Completed,19,1,2026-06-26,2026-07-08
TASK_04015,Deploy application,Documentation,High,Grace,On Hold,12,12,2026-02-05,2026-02-09
TASK_04016,Refactor backend code,Bug,Medium,Charlie,In Progress,11,8,2026-03-25,2026-04-01
TASK_04017,Build admin panel,Frontend,High,Emma,Pending,15,8,2026-02-09,2026-02-25
TASK_04018,Write unit tests,UI/UX,High,David,Completed,5,2,2026-06-26,2026-07-06
TASK_04019,Improve application performance,Bug,High,Emma,Pending,15,0,2026-04-13,2026-05-05
TASK_04020,Fix login authentication bug,Backend,Critical,David,Pending,1,0,2026-05-26,2026-06-18
TASK_04021,Fix login authentication bug,Feature,High,Frank,Completed,10,4,2026-05-02,2026-05-09
TASK_04022,Optimize SQL queries,Documentation,High,Emma,Completed,11,8,2026-01-29,2026-02-13
TASK_04023,Implement dark mode,Documentation,Critical,Alice,In Progress,19,11,2026-03-12,2026-03-29
TASK_04024,Deploy application,Bug,Critical,Charlie,Pending,13,10,2026-05-06,2026-05-29
TASK_04025,Update project documentation,UI/UX,Critical,David,In Progress,5,5,2026-06-17,2026-06-25
TASK_04026,Create REST API,Database,Medium,Grace,On Hold,3,2,2026-03-28,2026-04-01
TASK_04027,Improve application performance,Security,Medium,David,Completed,17,7,2026-03-16,2026-03-30
TASK_04028,Implement dark mode,Frontend,Critical,Henry,In Progress,16,10,2026-07-12,2026-08-08
TASK_04029,Develop user profile page,Bug,High,David,Completed,6,5,2026-04-20,2026-05-20
TASK_04030,Create reports module,Database,High,Grace,Pending,7,5,2026-02-22,2026-03-09
TASK_04031,Optimize SQL queries,DevOps,Medium,Emma,Completed,5,3,2026-07-26,2026-08-18
TASK_04032,Implement payment gateway,Bug,High,David,On Hold,19,14,2026-02-06,2026-02-14
TASK_04033,Fix login authentication bug,UI/UX,Low,Charlie,Completed,10,8,2026-02-26,2026-03-28
TASK_04034,Improve application performance,Security,Medium,Frank,Pending,9,0,2026-04-21,2026-05-17
TASK_04035,Configure CI/CD pipeline,DevOps,Critical,Grace,In Progress,9,0,2026-05-02,2026-05-10
TASK_04036,Write unit tests,Testing,Low,Frank,Completed,6,6,2026-06-13,2026-07-03
TASK_04037,Fix responsive layout,Backend,Low,Emma,Pending,10,1,2026-04-26,2026-05-19
TASK_04038,Fix login authentication bug,Backend,High,Alice,In Progress,6,3,2026-04-05,2026-05-05
TASK_04039,Develop user profile page,UI/UX,Critical,Emma,On Hold,10,2,2026-05-25,2026-06-17
TASK_04040,Write unit tests,Documentation,Low,Henry,Completed,9,8,2026-03-13,2026-03-15
TASK_04041,Implement payment gateway,Bug,Critical,Alice,Completed,3,0,2026-03-22,2026-04-10
TASK_04042,Integrate email notifications,Security,Critical,David,In Progress,8,7,2026-04-24,2026-05-08
TASK_04043,Update project documentation,DevOps,Low,Alice,In Progress,5,0,2026-03-27,2026-04-23
TASK_04044,Improve application performance,DevOps,Low,Grace,Pending,8,1,2026-05-01,2026-05-04
TASK_04045,Deploy application,Testing,Low,Emma,On Hold,9,3,2026-03-21,2026-04-02
TASK_04046,Integrate email notifications,Frontend,Critical,Grace,Completed,12,5,2026-05-13,2026-05-30
TASK_04047,Implement chatbot,UI/UX,High,Grace,Completed,20,13,2026-05-13,2026-05-27
TASK_04048,Create reports module,Bug,Critical,Alice,On Hold,6,3,2026-01-31,2026-02-24
TASK_04049,Implement payment gateway,Testing,Medium,Frank,In Progress,19,13,2026-06-08,2026-07-08
TASK_04050,Implement chatbot,Security,Low,Emma,Completed,15,11,2026-05-30,2026-06-17
TASK_04051,Fix login authentication bug,Feature,High,Charlie,In Progress,10,4,2026-05-19,2026-05-27
TASK_04052,Improve application performance,Bug,High,Emma,Pending,15,13,2026-02-05,2026-02-11
TASK_04053,Develop analytics dashboard,Security,Critical,Henry,On Hold,19,12,2026-03-04,2026-03-28
TASK_04054,Deploy application,UI/UX,Low,Alice,Completed,8,5,2026-04-02,2026-04-16
TASK_04055,Configure CI/CD pipeline,Testing,Critical,David,In Progress,3,2,2026-06-10,2026-06-16
TASK_04056,Fix login authentication bug,Bug,High,Emma,In Progress,19,15,2026-07-08,2026-08-07
TASK_04057,Build admin panel,Feature,Medium,Bob,Completed,1,0,2026-05-18,2026-05-30
TASK_04058,Deploy application,Backend,Medium,Bob,Completed,12,2,2026-07-15,2026-07-28
TASK_04059,Add search functionality,Documentation,High,David,On Hold,17,7,2026-03-02,2026-03-17
TASK_04060,Deploy application,UI/UX,Medium,Frank,Completed,14,6,2026-07-14,2026-07-25
TASK_04061,Create REST API,Frontend,Medium,Grace,Completed,6,5,2026-06-07,2026-06-23
TASK_04062,Fix login authentication bug,Bug,High,David,In Progress,11,9,2026-03-08,2026-03-29
TASK_04063,Implement chatbot,Security,Low,Bob,In Progress,5,2,2026-03-30,2026-04-26
TASK_04064,Develop analytics dashboard,DevOps,Low,Bob,In Progress,17,12,2026-05-23,2026-06-22
TASK_04065,Configure CI/CD pipeline,Documentation,High,Bob,On Hold,14,5,2026-03-16,2026-03-27
TASK_04066,Write unit tests,Feature,Medium,David,Pending,8,4,2026-06-01,2026-06-15
TASK_04067,Fix responsive layout,Database,Low,Bob,Completed,7,7,2026-07-26,2026-08-15
TASK_04068,Design dashboard UI,Backend,Critical,David,In Progress,12,6,2026-05-06,2026-05-11
TASK_04069,Implement dark mode,DevOps,Medium,David,Pending,13,5,2026-07-19,2026-08-04
TASK_04070,Deploy application,Documentation,High,Grace,In Progress,4,3,2026-03-29,2026-04-21
TASK_04071,Configure CI/CD pipeline,DevOps,Low,Bob,Pending,1,0,2026-02-04,2026-02-09
TASK_04072,Create reports module,Database,Critical,Frank,Completed,7,1,2026-05-10,2026-05-26
TASK_04073,Build admin panel,DevOps,Critical,Henry,On Hold,10,0,2026-05-01,2026-05-07
TASK_04074,Configure CI/CD pipeline,Feature,Medium,Charlie,In Progress,7,2,2026-07-16,2026-08-01
TASK_04075,Create reports module,Backend,Medium,Charlie,On Hold,10,5,2026-05-27,2026-06-20
TASK_04076,Configure CI/CD pipeline,Testing,Low,David,On Hold,3,3,2026-05-19,2026-06-08
TASK_04077,Fix login authentication bug,DevOps,Low,Alice,On Hold,16,2,2026-04-29,2026-05-14
TASK_04078,Fix responsive layout,Feature,Low,Frank,On Hold,4,0,2026-02-19,2026-02-23
TASK_04079,Implement chatbot,Feature,Low,Frank,On Hold,18,7,2026-05-13,2026-05-23
TASK_04080,Deploy application,Bug,High,Henry,Completed,18,12,2026-04-15,2026-05-08
TASK_04081,Create reports module,Testing,Critical,Henry,In Progress,20,15,2026-05-01,2026-05-14
TASK_04082,Optimize SQL queries,UI/UX,High,Bob,On Hold,11,9,2026-07-22,2026-08-14
TASK_04083,Fix login authentication bug,Bug,Low,Grace,In Progress,18,8,2026-07-05,2026-07-30
TASK_04084,Fix login authentication bug,Bug,Low,David,Completed,18,12,2026-06-04,2026-06-16
TASK_04085,Write unit tests,Frontend,High,Henry,Pending,8,0,2026-05-17,2026-05-31
TASK_04086,Update project documentation,UI/UX,Low,Grace,Pending,9,8,2026-03-27,2026-04-06
TASK_04087,Configure CI/CD pipeline,Feature,Medium,Charlie,In Progress,11,10,2026-03-14,2026-04-05
TASK_04088,Integrate email notifications,Frontend,High,Emma,Completed,5,1,2026-07-16,2026-08-10
TASK_04089,Write unit tests,Database,Critical,Charlie,In Progress,9,9,2026-07-22,2026-08-11
TASK_04090,Update project documentation,DevOps,Medium,Henry,On Hold,9,7,2026-02-01,2026-02-13
TASK_04091,Write unit tests,Backend,High,Grace,Completed,10,4,2026-03-10,2026-03-25
TASK_04092,Create REST API,Bug,Critical,David,In Progress,8,0,2026-06-22,2026-07-14
TASK_04093,Create reports module,Backend,Low,Emma,On Hold,10,3,2026-04-05,2026-04-08
TASK_04094,Build admin panel,UI/UX,Medium,Grace,Completed,19,6,2026-07-03,2026-07-26
TASK_04095,Implement chatbot,Frontend,High,David,Pending,8,2,2026-03-17,2026-03-26
TASK_04096,Add search functionality,Backend,Critical,David,Completed,13,0,2026-03-10,2026-03-14
TASK_04097,Develop user profile page,Database,Critical,Alice,On Hold,10,7,2026-03-02,2026-03-15
TASK_04098,Update project documentation,Testing,Critical,Bob,Completed,5,4,2026-03-08,2026-03-27
TASK_04099,Implement payment gateway,UI/UX,High,Bob,Completed,2,0,2026-03-21,2026-03-28
TASK_04100,Configure CI/CD pipeline,Documentation,High,Henry,Completed,6,5,2026-02-09,2026-02-23
TASK_04101,Develop analytics dashboard,Feature,Low,Bob,Pending,2,2,2026-06-08,2026-06-12
TASK_04102,Design dashboard UI,Bug,Low,Charlie,On Hold,4,4,2026-05-28,2026-06-17
TASK_04103,Optimize SQL queries,Documentation,High,Bob,On Hold,11,11,2026-03-23,2026-04-22
TASK_04104,Fix login authentication bug,UI/UX,Low,Henry,On Hold,7,0,2026-05-08,2026-05-25
TASK_04105,Develop analytics dashboard,Database,Medium,Frank,In Progress,3,3,2026-04-05,2026-04-13
TASK_04106,Develop user profile page,Bug,High,Frank,Completed,13,5,2026-06-18,2026-07-11
TASK_04107,Deploy application,Bug,Critical,Emma,Completed,4,4,2026-07-12,2026-07-26
TASK_04108,Configure CI/CD pipeline,Documentation,Critical,Grace,In Progress,13,6,2026-05-12,2026-06-08
TASK_04109,Add search functionality,Database,Low,Henry,Completed,2,2,2026-02-14,2026-03-07
TASK_04110,Optimize SQL queries,Documentation,Low,Charlie,Pending,8,6,2026-06-05,2026-06-19
TASK_04111,Refactor backend code,UI/UX,Low,David,Pending,8,3,2026-05-24,2026-06-11
TASK_04112,Refactor backend code,Security,Low,Frank,In Progress,13,0,2026-05-12,2026-06-08
TASK_04113,Fix responsive layout,Bug,Low,Grace,Completed,4,4,2026-02-05,2026-02-09
TASK_04114,Optimize SQL queries,DevOps,Critical,Emma,In Progress,1,0,2026-03-09,2026-04-04
TASK_04115,Optimize SQL queries,Bug,High,Henry,Completed,11,5,2026-04-23,2026-05-18
TASK_04116,Implement dark mode,Testing,Medium,Grace,On Hold,4,0,2026-07-04,2026-07-24
TASK_04117,Improve application performance,Testing,High,Grace,In Progress,9,5,2026-02-14,2026-02-16
TASK_04118,Implement dark mode,Frontend,High,Frank,In Progress,17,12,2026-05-21,2026-06-14
TASK_04119,Implement payment gateway,Frontend,Critical,David,In Progress,16,16,2026-06-10,2026-06-22
TASK_04120,Optimize SQL queries,Feature,High,Emma,In Progress,10,2,2026-01-29,2026-02-24
TASK_04121,Create reports module,Security,Critical,Charlie,In Progress,4,0,2026-06-16,2026-06-25
TASK_04122,Refactor backend code,DevOps,High,Henry,Pending,18,17,2026-04-22,2026-05-03
TASK_04123,Design dashboard UI,Frontend,Critical,Bob,Pending,7,6,2026-05-10,2026-06-03
TASK_04124,Improve application performance,Frontend,Medium,David,Pending,20,2,2026-07-15,2026-08-14
TASK_04125,Implement dark mode,Backend,Medium,Alice,Completed,19,2,2026-03-07,2026-03-31
TASK_04126,Write unit tests,UI/UX,Medium,David,Completed,2,2,2026-06-27,2026-07-27
TASK_04127,Deploy application,Bug,Medium,Frank,Completed,20,11,2026-04-15,2026-05-06
TASK_04128,Configure CI/CD pipeline,Security,Critical,Bob,On Hold,13,7,2026-07-23,2026-07-25
TASK_04129,Update project documentation,Security,High,Henry,In Progress,5,0,2026-04-25,2026-05-09
TASK_04130,Optimize SQL queries,Backend,Low,Henry,Completed,20,7,2026-02-21,2026-03-08
TASK_04131,Configure CI/CD pipeline,Database,High,Emma,In Progress,5,3,2026-05-11,2026-05-17
TASK_04132,Add search functionality,UI/UX,High,Grace,Completed,18,2,2026-04-24,2026-05-16
TASK_04133,Add search functionality,Bug,Medium,Emma,Completed,7,2,2026-06-30,2026-07-05
TASK_04134,Configure CI/CD pipeline,Bug,Critical,Henry,Pending,17,16,2026-06-29,2026-07-13
TASK_04135,Deploy application,UI/UX,Low,Alice,On Hold,17,6,2026-04-14,2026-04-24
TASK_04136,Configure CI/CD pipeline,Documentation,Critical,Frank,Completed,1,0,2026-02-06,2026-03-05
TASK_04137,Optimize SQL queries,Security,High,Emma,Pending,19,0,2026-03-28,2026-04-07
TASK_04138,Write unit tests,Database,High,Frank,Completed,6,2,2026-02-28,2026-03-03
TASK_04139,Fix login authentication bug,Backend,Critical,Alice,In Progress,3,2,2026-04-19,2026-05-08
TASK_04140,Create reports module,Security,Critical,Alice,Pending,16,12,2026-05-25,2026-06-09
TASK_04141,Develop user profile page,Backend,Critical,Grace,Completed,9,7,2026-05-08,2026-05-29
TASK_04142,Create reports module,Feature,Low,Bob,In Progress,9,4,2026-04-01,2026-04-15
TASK_04143,Implement chatbot,UI/UX,Medium,David,On Hold,13,13,2026-03-25,2026-04-17
TASK_04144,Implement payment gateway,Frontend,Critical,Grace,Pending,19,18,2026-04-05,2026-05-04
TASK_04145,Integrate email notifications,UI/UX,Critical,Grace,Pending,17,7,2026-07-08,2026-07-15
TASK_04146,Integrate email notifications,Bug,Critical,Bob,Completed,6,2,2026-02-21,2026-03-03
TASK_04147,Fix login authentication bug,Bug,Medium,Grace,Completed,11,7,2026-03-03,2026-03-19
TASK_04148,Fix login authentication bug,Documentation,Critical,Henry,In Progress,14,11,2026-06-15,2026-06-22
TASK_04149,Deploy application,Database,Critical,Frank,On Hold,19,16,2026-06-07,2026-06-23
TASK_04150,Write unit tests,Feature,Critical,Frank,Completed,5,2,2026-07-01,2026-07-14
TASK_04151,Improve application performance,Security,High,David,Pending,7,5,2026-07-21,2026-08-02
TASK_04152,Refactor backend code,Feature,Medium,David,On Hold,13,8,2026-04-21,2026-04-23
TASK_04153,Develop user profile page,UI/UX,Low,Frank,On Hold,3,2,2026-04-11,2026-05-03
TASK_04154,Create REST API,Database,High,Frank,Completed,6,2,2026-05-19,2026-06-16
TASK_04155,Configure CI/CD pipeline,DevOps,Medium,Henry,In Progress,15,10,2026-03-03,2026-03-05
TASK_04156,Deploy application,Backend,Critical,Frank,In Progress,15,13,2026-07-02,2026-07-05
TASK_04157,Design dashboard UI,DevOps,Low,Grace,On Hold,10,8,2026-06-13,2026-07-08
TASK_04158,Implement payment gateway,Frontend,Low,David,On Hold,18,5,2026-05-18,2026-06-01
TASK_04159,Configure CI/CD pipeline,Documentation,Critical,David,On Hold,8,5,2026-02-23,2026-02-26
TASK_04160,Configure CI/CD pipeline,Frontend,Medium,David,Completed,13,8,2026-04-16,2026-04-28
TASK_04161,Update project documentation,DevOps,Medium,David,Completed,1,0,2026-07-17,2026-07-23
TASK_04162,Integrate email notifications,Bug,Critical,Emma,Pending,2,1,2026-06-27,2026-07-20
TASK_04163,Develop analytics dashboard,Database,Critical,Charlie,In Progress,11,7,2026-05-15,2026-05-18
TASK_04164,Build admin panel,Feature,Medium,Alice,Completed,14,3,2026-02-17,2026-03-03
TASK_04165,Configure CI/CD pipeline,DevOps,Critical,David,On Hold,10,6,2026-03-29,2026-04-10
TASK_04166,Deploy application,Feature,Critical,Charlie,In Progress,17,16,2026-03-20,2026-04-13
TASK_04167,Improve application performance,Testing,Low,David,In Progress,13,11,2026-06-07,2026-06-13
TASK_04168,Implement dark mode,Testing,Medium,Charlie,Pending,7,3,2026-07-10,2026-07-23
TASK_04169,Integrate email notifications,DevOps,High,Emma,Completed,13,11,2026-04-30,2026-05-30
TASK_04170,Implement dark mode,DevOps,High,Henry,Completed,6,2,2026-04-20,2026-05-19
TASK_04171,Add search functionality,Security,High,Grace,On Hold,10,9,2026-03-11,2026-03-23
TASK_04172,Deploy application,Testing,Low,Alice,Pending,20,17,2026-03-04,2026-03-15
TASK_04173,Add search functionality,Testing,Medium,Emma,Completed,9,4,2026-04-17,2026-05-11
TASK_04174,Develop user profile page,DevOps,Low,Henry,On Hold,5,1,2026-02-12,2026-03-01
TASK_04175,Implement payment gateway,Backend,Critical,Charlie,On Hold,9,5,2026-04-03,2026-04-19
TASK_04176,Implement dark mode,UI/UX,Critical,Emma,In Progress,3,2,2026-03-15,2026-03-29
TASK_04177,Implement payment gateway,Feature,High,Frank,On Hold,10,6,2026-05-17,2026-06-11
TASK_04178,Build admin panel,Frontend,High,Emma,Pending,20,9,2026-02-26,2026-03-23
TASK_04179,Improve application performance,Security,Medium,Emma,Completed,16,7,2026-06-28,2026-07-26
TASK_04180,Build admin panel,Testing,Critical,Charlie,Pending,16,3,2026-06-28,2026-07-07
TASK_04181,Fix login authentication bug,Bug,Medium,Bob,On Hold,17,7,2026-02-28,2026-03-11
TASK_04182,Fix responsive layout,Security,High,Frank,Pending,7,1,2026-05-10,2026-05-12
TASK_04183,Configure CI/CD pipeline,DevOps,High,Charlie,Completed,9,8,2026-07-25,2026-08-02
TASK_04184,Build admin panel,Bug,Low,Bob,Completed,17,14,2026-06-10,2026-06-17
TASK_04185,Refactor backend code,Frontend,Critical,David,On Hold,4,3,2026-03-01,2026-03-26
TASK_04186,Refactor backend code,UI/UX,Critical,Grace,Completed,20,13,2026-07-01,2026-07-30
TASK_04187,Develop user profile page,DevOps,High,Alice,In Progress,3,0,2026-07-18,2026-08-09
TASK_04188,Develop user profile page,Documentation,Low,Alice,Completed,3,3,2026-03-07,2026-03-09
TASK_04189,Design dashboard UI,Security,Medium,Charlie,Completed,6,0,2026-06-29,2026-07-09
TASK_04190,Implement chatbot,DevOps,Critical,Grace,In Progress,15,14,2026-02-11,2026-02-23
TASK_04191,Build admin panel,Database,Medium,Frank,In Progress,15,8,2026-07-10,2026-07-30
TASK_04192,Fix responsive layout,DevOps,Medium,David,On Hold,2,1,2026-04-09,2026-04-11
TASK_04193,Create REST API,Database,High,Charlie,On Hold,20,12,2026-07-10,2026-07-29
TASK_04194,Refactor backend code,Testing,Low,Bob,In Progress,19,10,2026-05-24,2026-05-28
TASK_04195,Fix responsive layout,Security,Medium,Frank,In Progress,2,0,2026-04-11,2026-05-07
TASK_04196,Create REST API,Database,High,Charlie,Completed,17,14,2026-03-07,2026-04-03
TASK_04197,Write unit tests,UI/UX,Medium,Grace,In Progress,19,4,2026-03-13,2026-03-29
TASK_04198,Optimize SQL queries,Documentation,Low,David,Pending,12,7,2026-04-16,2026-05-16
TASK_04199,Build admin panel,Backend,High,David,Completed,9,8,2026-05-05,2026-05-26
TASK_04200,Configure CI/CD pipeline,Security,Low,Grace,Completed,18,17,2026-03-02,2026-03-24
TASK_04201,Configure CI/CD pipeline,Bug,Critical,Alice,Completed,13,1,2026-04-06,2026-05-01
TASK_04202,Build admin panel,UI/UX,Medium,Grace,On Hold,17,5,2026-04-25,2026-04-28
TASK_04203,Optimize SQL queries,Frontend,Critical,Henry,In Progress,18,0,2026-05-12,2026-05-27
TASK_04204,Configure CI/CD pipeline,DevOps,Low,Emma,In Progress,8,7,2026-04-06,2026-04-18
TASK_04205,Develop analytics dashboard,Security,Critical,Henry,Completed,15,11,2026-02-21,2026-03-13
TASK_04206,Fix responsive layout,Frontend,Medium,Charlie,Pending,11,4,2026-02-20,2026-03-11
TASK_04207,Design dashboard UI,Documentation,Medium,Bob,Completed,7,2,2026-04-19,2026-04-24
TASK_04208,Optimize SQL queries,Documentation,Critical,Bob,Completed,6,4,2026-01-29,2026-02-26
TASK_04209,Develop analytics dashboard,Security,Medium,Grace,Pending,4,1,2026-03-22,2026-04-08
TASK_04210,Build admin panel,Security,High,Alice,Pending,11,2,2026-02-04,2026-02-18
TASK_04211,Add search functionality,Testing,Medium,Grace,Pending,5,2,2026-03-18,2026-04-09
TASK_04212,Configure CI/CD pipeline,DevOps,Low,Alice,On Hold,2,1,2026-04-03,2026-04-16
TASK_04213,Develop user profile page,Documentation,Medium,Alice,On Hold,2,1,2026-05-22,2026-06-02
TASK_04214,Implement chatbot,Bug,Critical,Bob,In Progress,3,3,2026-05-25,2026-06-22
TASK_04215,Develop analytics dashboard,Feature,Low,Henry,In Progress,13,3,2026-03-11,2026-03-15
TASK_04216,Fix login authentication bug,Database,Critical,David,Completed,7,2,2026-04-15,2026-04-19
TASK_04217,Build admin panel,Feature,Critical,Henry,Pending,3,2,2026-06-01,2026-06-14
TASK_04218,Update project documentation,Backend,Low,Alice,Completed,5,1,2026-02-24,2026-02-27
TASK_04219,Implement payment gateway,UI/UX,Critical,Henry,On Hold,9,4,2026-03-19,2026-04-05
TASK_04220,Fix login authentication bug,Documentation,Critical,Alice,Completed,14,11,2026-04-25,2026-05-14
TASK_04221,Create reports module,Bug,Critical,Frank,On Hold,1,1,2026-02-05,2026-02-26
TASK_04222,Configure CI/CD pipeline,Testing,Medium,Grace,Pending,8,2,2026-05-10,2026-05-29
TASK_04223,Write unit tests,Documentation,Critical,David,Pending,16,0,2026-02-24,2026-03-26
TASK_04224,Improve application performance,Frontend,High,Grace,Completed,14,4,2026-06-22,2026-06-24
TASK_04225,Implement chatbot,DevOps,High,Bob,Pending,7,7,2026-04-27,2026-04-30
TASK_04226,Write unit tests,Database,Medium,Grace,In Progress,1,0,2026-06-25,2026-07-08
TASK_04227,Deploy application,Database,High,Henry,In Progress,6,6,2026-03-06,2026-03-21
TASK_04228,Fix responsive layout,Frontend,Medium,David,Completed,5,4,2026-06-10,2026-06-28
TASK_04229,Integrate email notifications,Feature,Low,Bob,On Hold,18,3,2026-07-22,2026-07-31
TASK_04230,Configure CI/CD pipeline,Feature,High,Grace,Completed,4,1,2026-03-18,2026-03-26
TASK_04231,Create REST API,UI/UX,Critical,Henry,Pending,10,0,2026-05-08,2026-06-05
TASK_04232,Implement dark mode,Frontend,Critical,David,Pending,9,3,2026-05-01,2026-05-03
TASK_04233,Create reports module,UI/UX,Critical,David,Completed,20,4,2026-05-15,2026-06-14
TASK_04234,Develop user profile page,Testing,Medium,Emma,In Progress,17,0,2026-04-17,2026-05-14
TASK_04235,Implement chatbot,Backend,Low,Frank,In Progress,4,0,2026-05-05,2026-05-27
TASK_04236,Fix login authentication bug,Documentation,High,Bob,Pending,6,5,2026-02-01,2026-02-10
TASK_04237,Build admin panel,Documentation,Low,Emma,On Hold,20,20,2026-06-21,2026-06-25
TASK_04238,Update project documentation,Testing,Critical,David,Completed,18,2,2026-03-10,2026-04-01
TASK_04239,Build admin panel,Database,Medium,Alice,On Hold,6,1,2026-05-31,2026-06-21
TASK_04240,Refactor backend code,Testing,Low,Charlie,Completed,20,11,2026-03-28,2026-04-14
TASK_04241,Create REST API,Frontend,High,Frank,On Hold,20,0,2026-05-12,2026-06-09
TASK_04242,Improve application performance,Backend,Medium,Grace,On Hold,9,7,2026-04-08,2026-05-02
TASK_04243,Create reports module,UI/UX,Critical,Charlie,Completed,14,2,2026-04-19,2026-05-10
TASK_04244,Implement payment gateway,DevOps,Medium,Henry,On Hold,7,4,2026-04-27,2026-05-19
TASK_04245,Build admin panel,Frontend,Low,Charlie,In Progress,13,1,2026-05-22,2026-06-15
TASK_04246,Design dashboard UI,Database,Critical,Emma,Pending,20,13,2026-03-14,2026-04-11
TASK_04247,Deploy application,Backend,Critical,Charlie,In Progress,15,13,2026-03-03,2026-03-29
TASK_04248,Refactor backend code,Documentation,Critical,David,Completed,7,1,2026-02-23,2026-03-19
TASK_04249,Create REST API,Documentation,Low,Grace,On Hold,12,8,2026-04-30,2026-05-17
TASK_04250,Fix responsive layout,Bug,Medium,Charlie,Pending,12,12,2026-04-21,2026-04-28
TASK_04251,Configure CI/CD pipeline,Feature,Critical,Bob,Pending,13,0,2026-05-05,2026-05-24
TASK_04252,Implement chatbot,DevOps,Critical,Henry,Pending,7,5,2026-04-14,2026-05-13
TASK_04253,Optimize SQL queries,DevOps,High,Charlie,On Hold,9,0,2026-03-06,2026-03-23
TASK_04254,Update project documentation,Testing,Critical,Frank,On Hold,19,14,2026-06-06,2026-07-06
TASK_04255,Improve application performance,Testing,Low,Bob,In Progress,16,12,2026-03-22,2026-04-05
TASK_04256,Design dashboard UI,Feature,High,Frank,Completed,17,0,2026-02-08,2026-02-23
TASK_04257,Fix login authentication bug,Security,Critical,Bob,Pending,12,9,2026-04-26,2026-05-25
TASK_04258,Develop user profile page,DevOps,High,Bob,Completed,11,9,2026-03-06,2026-03-10
TASK_04259,Update project documentation,Testing,Low,David,Pending,6,0,2026-07-21,2026-08-17
TASK_04260,Add search functionality,Security,Low,Emma,Pending,17,0,2026-02-01,2026-02-17
TASK_04261,Deploy application,UI/UX,Critical,Frank,On Hold,14,1,2026-06-23,2026-07-17
TASK_04262,Improve application performance,Testing,Low,Alice,Completed,4,4,2026-07-13,2026-07-28
TASK_04263,Improve application performance,Security,Medium,Emma,On Hold,4,1,2026-03-21,2026-03-28
TASK_04264,Implement dark mode,Frontend,Medium,Frank,Pending,4,1,2026-02-20,2026-03-22
TASK_04265,Write unit tests,Testing,Critical,Emma,In Progress,13,1,2026-04-02,2026-04-30
TASK_04266,Design dashboard UI,Feature,High,Alice,Completed,6,3,2026-07-17,2026-08-01
TASK_04267,Design dashboard UI,Bug,Critical,Henry,On Hold,19,5,2026-04-01,2026-04-16
TASK_04268,Fix login authentication bug,Testing,Low,Henry,Completed,19,19,2026-04-23,2026-04-27
TASK_04269,Create reports module,Backend,High,David,Pending,7,1,2026-05-09,2026-05-17
TASK_04270,Create reports module,Documentation,Medium,David,Pending,14,0,2026-02-16,2026-02-28
TASK_04271,Create REST API,Frontend,High,Frank,Pending,17,15,2026-03-14,2026-04-05
TASK_04272,Refactor backend code,Security,High,Frank,On Hold,5,2,2026-06-06,2026-06-30
TASK_04273,Fix responsive layout,Backend,Critical,Emma,Pending,17,17,2026-06-11,2026-06-14
TASK_04274,Develop user profile page,UI/UX,Medium,Charlie,Pending,2,2,2026-06-11,2026-07-08
TASK_04275,Develop user profile page,Backend,Medium,Henry,Completed,7,1,2026-05-12,2026-06-07
TASK_04276,Implement payment gateway,Frontend,Critical,Charlie,Pending,20,17,2026-02-08,2026-03-06
TASK_04277,Optimize SQL queries,UI/UX,Low,Bob,Pending,8,5,2026-06-03,2026-07-02
TASK_04278,Develop user profile page,Documentation,Low,Alice,On Hold,2,0,2026-04-28,2026-05-24
TASK_04279,Create REST API,Database,High,Frank,In Progress,18,9,2026-06-03,2026-06-20
TASK_04280,Create REST API,Database,Critical,Charlie,In Progress,7,6,2026-03-14,2026-04-03
TASK_04281,Add search functionality,DevOps,Low,Frank,On Hold,20,18,2026-04-10,2026-05-06
TASK_04282,Write unit tests,Security,Low,Frank,Completed,8,8,2026-02-12,2026-02-16
TASK_04283,Optimize SQL queries,Feature,Medium,Frank,On Hold,6,4,2026-06-19,2026-07-07
TASK_04284,Implement payment gateway,Database,Low,Alice,In Progress,2,2,2026-02-08,2026-02-17
TASK_04285,Write unit tests,Frontend,Medium,Henry,Pending,11,10,2026-06-01,2026-06-27
TASK_04286,Optimize SQL queries,Bug,High,Henry,In Progress,17,4,2026-03-01,2026-03-07
TASK_04287,Fix login authentication bug,Frontend,Low,David,On Hold,6,5,2026-01-28,2026-01-30
TASK_04288,Refactor backend code,Database,Low,Emma,In Progress,17,16,2026-05-03,2026-05-29
TASK_04289,Deploy application,Feature,Low,Emma,In Progress,13,7,2026-05-15,2026-05-28
TASK_04290,Implement dark mode,Database,Low,Grace,Pending,7,1,2026-03-04,2026-03-12
TASK_04291,Develop analytics dashboard,Frontend,Critical,David,Completed,14,0,2026-04-21,2026-05-01
TASK_04292,Update project documentation,Security,Critical,Frank,In Progress,2,2,2026-04-14,2026-05-02
TASK_04293,Add search functionality,Security,High,Alice,On Hold,1,1,2026-03-16,2026-03-23
TASK_04294,Implement dark mode,Feature,Medium,Henry,Completed,5,1,2026-05-17,2026-06-07
TASK_04295,Write unit tests,Bug,Medium,David,In Progress,19,14,2026-07-13,2026-07-25
TASK_04296,Develop user profile page,Backend,Low,Charlie,On Hold,7,1,2026-04-28,2026-05-05
TASK_04297,Implement chatbot,Testing,Critical,Bob,Pending,6,3,2026-04-02,2026-04-04
TASK_04298,Design dashboard UI,Database,Critical,Bob,Completed,11,8,2026-07-26,2026-08-06
TASK_04299,Update project documentation,Security,Critical,David,Pending,18,4,2026-05-27,2026-05-31
TASK_04300,Develop analytics dashboard,Documentation,High,Alice,In Progress,19,11,2026-05-25,2026-06-04
TASK_04301,Implement chatbot,Database,Critical,Frank,Pending,4,3,2026-02-06,2026-03-03
TASK_04302,Create reports module,Database,High,Bob,Pending,14,12,2026-07-16,2026-08-14
TASK_04303,Create REST API,Feature,Medium,David,On Hold,3,3,2026-04-27,2026-05-22
TASK_04304,Develop user profile page,Bug,Medium,Alice,In Progress,13,4,2026-06-04,2026-06-30
TASK_04305,Build admin panel,Feature,Critical,David,On Hold,5,3,2026-07-04,2026-07-24
TASK_04306,Improve application performance,DevOps,Low,David,On Hold,11,2,2026-07-16,2026-07-30
TASK_04307,Design dashboard UI,Documentation,Medium,Emma,On Hold,17,14,2026-06-29,2026-07-19
TASK_04308,Update project documentation,Feature,Critical,Frank,In Progress,18,14,2026-07-08,2026-07-21
TASK_04309,Improve application performance,Testing,Critical,Emma,In Progress,4,3,2026-07-12,2026-07-31
TASK_04310,Add search functionality,UI/UX,Medium,Charlie,Completed,4,4,2026-04-27,2026-05-08
TASK_04311,Update project documentation,Security,Medium,Alice,On Hold,2,2,2026-07-06,2026-07-31
TASK_04312,Build admin panel,Security,Low,Emma,On Hold,1,1,2026-02-19,2026-03-17
TASK_04313,Implement dark mode,Testing,High,Alice,On Hold,2,0,2026-04-30,2026-05-14
TASK_04314,Update project documentation,Database,High,Frank,On Hold,18,15,2026-05-11,2026-05-30
TASK_04315,Develop user profile page,Bug,Low,Emma,In Progress,1,1,2026-07-04,2026-07-26
TASK_04316,Write unit tests,Backend,Medium,Bob,On Hold,5,0,2026-07-09,2026-07-25
TASK_04317,Implement chatbot,DevOps,Medium,David,In Progress,2,0,2026-02-12,2026-03-05
TASK_04318,Add search functionality,Documentation,Medium,Alice,In Progress,10,9,2026-04-09,2026-04-15
TASK_04319,Develop analytics dashboard,DevOps,Critical,Charlie,Pending,1,1,2026-06-15,2026-07-02
TASK_04320,Develop user profile page,UI/UX,High,Frank,In Progress,15,14,2026-03-19,2026-04-04
TASK_04321,Design dashboard UI,UI/UX,Critical,Frank,Pending,6,6,2026-06-16,2026-06-26
TASK_04322,Add search functionality,Database,Medium,Frank,On Hold,1,0,2026-05-11,2026-05-20
TASK_04323,Optimize SQL queries,Security,Critical,Bob,Completed,3,3,2026-05-28,2026-06-02
TASK_04324,Refactor backend code,UI/UX,Low,David,On Hold,12,0,2026-02-16,2026-03-01
TASK_04325,Build admin panel,Frontend,Critical,Grace,Completed,3,1,2026-03-09,2026-03-15
TASK_04326,Fix login authentication bug,Backend,Low,Emma,On Hold,6,4,2026-03-21,2026-04-18
TASK_04327,Develop user profile page,Testing,Critical,Alice,Completed,15,6,2026-07-23,2026-08-17
TASK_04328,Implement dark mode,Documentation,Low,Frank,On Hold,1,0,2026-05-09,2026-05-21
TASK_04329,Integrate email notifications,Bug,Critical,Henry,Pending,20,14,2026-05-18,2026-05-31
TASK_04330,Design dashboard UI,Database,High,Emma,In Progress,16,8,2026-03-19,2026-03-31
TASK_04331,Build admin panel,Security,High,Bob,Completed,14,13,2026-05-05,2026-05-31
TASK_04332,Improve application performance,Testing,Medium,David,Pending,15,2,2026-02-14,2026-03-11
TASK_04333,Deploy application,UI/UX,Medium,Alice,Pending,3,1,2026-05-15,2026-06-01
TASK_04334,Implement payment gateway,Backend,Medium,Bob,In Progress,11,10,2026-04-28,2026-05-15
TASK_04335,Develop analytics dashboard,DevOps,Critical,David,In Progress,6,0,2026-05-09,2026-06-03
TASK_04336,Implement dark mode,DevOps,Critical,David,In Progress,16,11,2026-07-20,2026-08-12
TASK_04337,Create REST API,Testing,Low,Frank,Completed,14,7,2026-02-03,2026-02-24
TASK_04338,Implement dark mode,DevOps,High,Alice,Pending,1,1,2026-04-10,2026-05-07
TASK_04339,Refactor backend code,Frontend,Low,Charlie,In Progress,9,0,2026-02-27,2026-03-10
TASK_04340,Improve application performance,Database,High,Emma,Completed,13,9,2026-07-25,2026-08-13
TASK_04341,Design dashboard UI,Feature,Critical,Frank,In Progress,4,4,2026-06-12,2026-07-06
TASK_04342,Write unit tests,Security,High,Frank,In Progress,13,8,2026-06-10,2026-06-18
TASK_04343,Optimize SQL queries,Feature,High,David,In Progress,19,17,2026-05-13,2026-05-17
TASK_04344,Fix login authentication bug,UI/UX,Medium,David,On Hold,14,14,2026-06-02,2026-06-24
TASK_04345,Write unit tests,DevOps,Medium,Henry,Pending,15,9,2026-03-19,2026-04-08
TASK_04346,Configure CI/CD pipeline,Bug,Low,Charlie,Completed,19,12,2026-03-11,2026-03-17
TASK_04347,Design dashboard UI,Feature,Critical,Alice,Pending,6,1,2026-02-14,2026-02-25
TASK_04348,Fix responsive layout,UI/UX,High,Bob,Pending,10,9,2026-05-25,2026-06-17
TASK_04349,Create REST API,Feature,Critical,Alice,On Hold,11,11,2026-07-06,2026-07-25
TASK_04350,Implement payment gateway,Documentation,Low,Alice,In Progress,12,6,2026-04-29,2026-05-24
TASK_04351,Improve application performance,Database,Low,Alice,Pending,3,2,2026-04-08,2026-05-04
TASK_04352,Write unit tests,Bug,Low,Alice,On Hold,3,1,2026-04-08,2026-05-04
TASK_04353,Write unit tests,Frontend,Low,Frank,Completed,5,1,2026-02-18,2026-03-11
TASK_04354,Configure CI/CD pipeline,Testing,Medium,Grace,Completed,6,0,2026-01-30,2026-02-25
TASK_04355,Write unit tests,UI/UX,High,Bob,Pending,5,1,2026-04-04,2026-04-25
TASK_04356,Write unit tests,DevOps,Critical,Frank,Pending,3,0,2026-02-13,2026-02-26
TASK_04357,Implement dark mode,Bug,Medium,David,In Progress,9,8,2026-04-28,2026-05-08
TASK_04358,Develop user profile page,DevOps,Critical,Alice,On Hold,2,0,2026-05-22,2026-06-10
TASK_04359,Deploy application,Bug,Low,Grace,Pending,1,0,2026-07-19,2026-07-28
TASK_04360,Fix login authentication bug,Backend,Medium,Henry,In Progress,10,8,2026-04-07,2026-04-17
TASK_04361,Build admin panel,DevOps,Critical,Henry,Completed,17,1,2026-04-05,2026-04-09
TASK_04362,Create reports module,UI/UX,Medium,Henry,Pending,5,1,2026-05-18,2026-05-23
TASK_04363,Integrate email notifications,DevOps,Low,Bob,Pending,2,0,2026-07-09,2026-07-15
TASK_04364,Refactor backend code,UI/UX,Low,Emma,Pending,12,11,2026-02-06,2026-02-10
TASK_04365,Refactor backend code,DevOps,Low,Emma,Completed,17,10,2026-04-07,2026-05-01
TASK_04366,Add search functionality,UI/UX,Medium,Alice,Pending,17,8,2026-03-22,2026-04-07
TASK_04367,Develop user profile page,Documentation,High,Henry,Pending,12,9,2026-03-18,2026-03-25
TASK_04368,Refactor backend code,Testing,High,Grace,Pending,15,10,2026-02-20,2026-02-28
TASK_04369,Fix responsive layout,Security,Medium,Bob,Completed,14,3,2026-07-11,2026-07-22
TASK_04370,Implement payment gateway,Bug,High,David,In Progress,14,5,2026-06-15,2026-06-21
TASK_04371,Implement dark mode,Testing,Medium,Grace,Pending,12,8,2026-01-28,2026-02-01
TASK_04372,Update project documentation,Frontend,Medium,Alice,In Progress,5,0,2026-03-22,2026-04-01
TASK_04373,Create reports module,Feature,Low,Grace,Pending,2,2,2026-06-10,2026-06-29
TASK_04374,Fix responsive layout,Backend,High,Henry,Completed,9,1,2026-06-30,2026-07-17
TASK_04375,Update project documentation,Documentation,Low,Charlie,On Hold,1,0,2026-06-15,2026-06-19
TASK_04376,Implement payment gateway,UI/UX,Low,Frank,In Progress,13,10,2026-06-27,2026-07-23
TASK_04377,Optimize SQL queries,Feature,Low,Charlie,Pending,14,2,2026-06-18,2026-06-22
TASK_04378,Create reports module,Documentation,Medium,Grace,On Hold,14,14,2026-06-30,2026-07-26
TASK_04379,Improve application performance,Frontend,Critical,Bob,Pending,17,9,2026-03-01,2026-03-28
TASK_04380,Deploy application,UI/UX,Low,Emma,Completed,16,10,2026-04-02,2026-05-01
TASK_04381,Implement payment gateway,Bug,Low,Bob,Completed,19,9,2026-04-27,2026-04-30
TASK_04382,Update project documentation,Database,Critical,Frank,Pending,12,6,2026-05-23,2026-06-08
TASK_04383,Write unit tests,Security,Critical,Emma,On Hold,11,3,2026-03-17,2026-03-26
TASK_04384,Improve application performance,Documentation,Critical,Frank,In Progress,12,9,2026-03-08,2026-04-03
TASK_04385,Create REST API,Bug,Critical,David,In Progress,9,7,2026-03-20,2026-03-24
TASK_04386,Deploy application,Database,Critical,Charlie,In Progress,18,11,2026-03-25,2026-04-11
TASK_04387,Develop analytics dashboard,DevOps,Critical,Henry,Pending,18,15,2026-06-16,2026-06-30
TASK_04388,Integrate email notifications,Feature,Low,David,In Progress,12,0,2026-05-26,2026-06-10
TASK_04389,Add search functionality,Feature,Low,Grace,On Hold,4,4,2026-03-18,2026-04-11
TASK_04390,Develop user profile page,Bug,Low,Frank,In Progress,19,14,2026-03-27,2026-04-25
TASK_04391,Deploy application,Security,Critical,Frank,Pending,3,2,2026-03-03,2026-03-16
TASK_04392,Optimize SQL queries,Documentation,Critical,Alice,In Progress,12,8,2026-02-13,2026-02-16
TASK_04393,Write unit tests,Database,Medium,Bob,On Hold,8,7,2026-05-01,2026-05-18
TASK_04394,Refactor backend code,Feature,High,Henry,Completed,20,1,2026-02-25,2026-03-02
TASK_04395,Develop user profile page,DevOps,Low,Bob,Pending,19,15,2026-03-24,2026-04-21
TASK_04396,Deploy application,Bug,Medium,Charlie,Pending,20,14,2026-07-09,2026-08-05
TASK_04397,Fix login authentication bug,Database,High,Henry,In Progress,6,3,2026-05-22,2026-06-19
TASK_04398,Fix responsive layout,Testing,Low,David,Pending,3,2,2026-05-03,2026-05-22
TASK_04399,Write unit tests,Feature,High,Charlie,In Progress,9,0,2026-06-05,2026-06-27
TASK_04400,Implement dark mode,UI/UX,High,Emma,Completed,16,7,2026-03-24,2026-04-09
TASK_04401,Develop user profile page,Bug,Critical,Grace,Completed,18,16,2026-07-16,2026-07-19
TASK_04402,Improve application performance,UI/UX,Low,Emma,Pending,3,3,2026-02-14,2026-03-11
TASK_04403,Implement chatbot,Frontend,Medium,Grace,Completed,5,1,2026-04-21,2026-05-16
TASK_04404,Optimize SQL queries,Documentation,High,David,On Hold,6,3,2026-05-19,2026-06-14
TASK_04405,Build admin panel,Backend,Critical,Henry,In Progress,7,7,2026-01-30,2026-02-27
TASK_04406,Add search functionality,Database,Low,Bob,Completed,3,1,2026-03-29,2026-04-10
TASK_04407,Add search functionality,Bug,Low,Charlie,In Progress,3,2,2026-02-22,2026-03-21
TASK_04408,Design dashboard UI,Documentation,High,David,In Progress,7,2,2026-03-18,2026-03-30
TASK_04409,Add search functionality,DevOps,Critical,Frank,On Hold,3,1,2026-07-19,2026-08-04
TASK_04410,Develop user profile page,Bug,High,David,In Progress,1,1,2026-05-01,2026-05-26
TASK_04411,Fix responsive layout,Security,Medium,Alice,Completed,10,7,2026-03-15,2026-03-21
TASK_04412,Create REST API,Database,Low,Emma,On Hold,19,8,2026-03-03,2026-04-01
TASK_04413,Implement chatbot,UI/UX,Low,Charlie,On Hold,16,13,2026-07-15,2026-07-21
TASK_04414,Add search functionality,Security,High,Charlie,On Hold,10,1,2026-02-26,2026-02-28
TASK_04415,Design dashboard UI,Bug,Critical,David,Pending,20,18,2026-07-14,2026-08-04
TASK_04416,Build admin panel,Security,High,Charlie,Pending,9,6,2026-02-01,2026-02-05
TASK_04417,Create reports module,Testing,Critical,David,Completed,18,15,2026-03-25,2026-03-29
TASK_04418,Build admin panel,Frontend,Medium,Bob,Completed,16,9,2026-02-17,2026-02-27
TASK_04419,Create REST API,Documentation,High,Bob,On Hold,11,2,2026-04-14,2026-04-22
TASK_04420,Add search functionality,Testing,Medium,Emma,Pending,16,12,2026-05-06,2026-05-19
TASK_04421,Update project documentation,DevOps,Low,Alice,On Hold,12,5,2026-07-15,2026-08-11
TASK_04422,Add search functionality,Database,High,Grace,Pending,15,4,2026-05-22,2026-06-19
TASK_04423,Create reports module,Testing,High,Bob,Completed,20,11,2026-05-23,2026-06-15
TASK_04424,Improve application performance,Bug,Critical,Henry,Completed,12,11,2026-05-29,2026-05-31
TASK_04425,Deploy application,Bug,High,Emma,On Hold,8,8,2026-05-27,2026-06-02
TASK_04426,Add search functionality,Testing,Low,Bob,On Hold,20,17,2026-02-26,2026-03-03
TASK_04427,Add search functionality,UI/UX,Low,Bob,Pending,6,1,2026-04-29,2026-05-06
TASK_04428,Add search functionality,Documentation,Medium,Alice,Completed,16,1,2026-07-17,2026-08-04
TASK_04429,Refactor backend code,UI/UX,Critical,Charlie,On Hold,14,9,2026-01-28,2026-02-12
TASK_04430,Implement dark mode,Documentation,Medium,Henry,Completed,6,3,2026-04-05,2026-04-13
TASK_04431,Develop analytics dashboard,UI/UX,High,Grace,On Hold,17,1,2026-05-04,2026-05-06
TASK_04432,Deploy application,Bug,High,Emma,On Hold,6,1,2026-06-21,2026-07-14
TASK_04433,Develop user profile page,Testing,Medium,Alice,Pending,13,6,2026-03-21,2026-03-28
TASK_04434,Create REST API,DevOps,Critical,Bob,In Progress,7,6,2026-06-15,2026-06-20
TASK_04435,Develop analytics dashboard,Feature,High,Henry,Pending,1,1,2026-05-13,2026-06-03
TASK_04436,Implement payment gateway,Feature,Medium,Emma,Pending,17,11,2026-06-05,2026-06-14
TASK_04437,Create reports module,Backend,Medium,Grace,In Progress,6,0,2026-07-10,2026-07-23
TASK_04438,Create reports module,Security,Medium,Grace,In Progress,1,1,2026-02-07,2026-02-16
TASK_04439,Fix responsive layout,Backend,Medium,David,On Hold,3,3,2026-04-01,2026-04-18
TASK_04440,Add search functionality,Feature,Critical,David,Completed,12,8,2026-02-02,2026-02-17
TASK_04441,Implement dark mode,Bug,Medium,Alice,Pending,11,2,2026-03-22,2026-04-01
TASK_04442,Develop analytics dashboard,DevOps,Medium,Henry,In Progress,1,0,2026-04-26,2026-05-15
TASK_04443,Implement chatbot,Backend,High,Henry,In Progress,1,1,2026-04-06,2026-05-01
TASK_04444,Write unit tests,Documentation,Medium,Alice,On Hold,2,2,2026-02-17,2026-03-14
TASK_04445,Optimize SQL queries,Documentation,High,David,On Hold,13,12,2026-07-13,2026-07-15
TASK_04446,Develop user profile page,Feature,High,David,In Progress,8,1,2026-05-07,2026-05-21
TASK_04447,Deploy application,DevOps,Low,Bob,Completed,3,3,2026-06-10,2026-06-12
TASK_04448,Configure CI/CD pipeline,Security,Medium,Alice,Pending,4,2,2026-07-21,2026-08-04
TASK_04449,Create REST API,Bug,Critical,Charlie,Completed,6,1,2026-03-28,2026-04-06
TASK_04450,Design dashboard UI,Documentation,High,Grace,Pending,8,8,2026-04-05,2026-04-21
TASK_04451,Fix login authentication bug,Feature,Low,Charlie,In Progress,15,3,2026-06-19,2026-06-30
TASK_04452,Develop analytics dashboard,Database,Critical,Henry,On Hold,5,2,2026-06-10,2026-07-01
TASK_04453,Fix responsive layout,Documentation,High,Henry,In Progress,7,2,2026-05-13,2026-06-01
TASK_04454,Create reports module,Feature,Medium,Bob,Completed,6,5,2026-05-14,2026-05-17
TASK_04455,Fix login authentication bug,Security,Medium,Bob,On Hold,17,3,2026-04-13,2026-04-25
TASK_04456,Develop user profile page,Bug,Critical,Emma,In Progress,6,3,2026-03-31,2026-04-07
TASK_04457,Design dashboard UI,Database,Critical,Charlie,In Progress,17,5,2026-04-26,2026-05-05
TASK_04458,Develop analytics dashboard,UI/UX,Critical,Frank,Pending,3,0,2026-02-28,2026-03-28
TASK_04459,Improve application performance,DevOps,Medium,Frank,Completed,9,2,2026-06-26,2026-07-13
TASK_04460,Configure CI/CD pipeline,Testing,Critical,Alice,Completed,7,1,2026-02-13,2026-03-10
TASK_04461,Optimize SQL queries,Feature,Low,Bob,Completed,17,9,2026-03-06,2026-03-30
TASK_04462,Fix login authentication bug,Backend,Critical,Alice,Completed,17,0,2026-04-10,2026-04-28
TASK_04463,Build admin panel,Database,Low,Frank,Pending,5,4,2026-06-12,2026-06-18
TASK_04464,Fix login authentication bug,Database,High,David,In Progress,2,2,2026-02-11,2026-03-07
TASK_04465,Develop user profile page,Frontend,Low,David,On Hold,12,5,2026-05-08,2026-06-03
TASK_04466,Configure CI/CD pipeline,Backend,High,Henry,On Hold,2,1,2026-07-06,2026-08-01
TASK_04467,Improve application performance,Bug,Low,Alice,In Progress,6,2,2026-05-16,2026-05-30
TASK_04468,Fix login authentication bug,Bug,High,Frank,In Progress,1,1,2026-05-16,2026-05-27
TASK_04469,Create REST API,Bug,Critical,Emma,In Progress,18,18,2026-06-20,2026-07-04
TASK_04470,Fix login authentication bug,Database,High,David,Pending,3,2,2026-03-26,2026-04-14
TASK_04471,Optimize SQL queries,UI/UX,Medium,Alice,On Hold,8,5,2026-02-15,2026-02-20
TASK_04472,Fix login authentication bug,UI/UX,Critical,David,Completed,18,5,2026-05-21,2026-06-02
TASK_04473,Fix login authentication bug,Bug,Low,Henry,On Hold,11,0,2026-04-25,2026-05-21
TASK_04474,Configure CI/CD pipeline,DevOps,Low,Frank,On Hold,13,13,2026-03-24,2026-04-14
TASK_04475,Create REST API,Documentation,Medium,Alice,Completed,4,1,2026-03-06,2026-04-02
TASK_04476,Implement chatbot,Security,Critical,Alice,Pending,20,9,2026-04-30,2026-05-11
TASK_04477,Build admin panel,Security,Low,Alice,In Progress,17,8,2026-06-28,2026-07-22
TASK_04478,Implement payment gateway,Testing,Critical,Charlie,Completed,9,6,2026-03-09,2026-03-31
TASK_04479,Fix responsive layout,Feature,Low,Henry,Pending,6,2,2026-04-30,2026-05-17
TASK_04480,Design dashboard UI,DevOps,Critical,Henry,On Hold,13,4,2026-03-29,2026-04-26
TASK_04481,Fix responsive layout,DevOps,Low,Grace,In Progress,12,5,2026-06-30,2026-07-18
TASK_04482,Deploy application,Documentation,Critical,Henry,Pending,11,9,2026-07-16,2026-07-29
TASK_04483,Create reports module,Testing,Medium,Henry,Pending,6,1,2026-05-30,2026-06-02
TASK_04484,Develop user profile page,Database,High,Alice,Pending,13,10,2026-03-07,2026-03-21
TASK_04485,Optimize SQL queries,Frontend,Low,Frank,Completed,19,4,2026-07-08,2026-07-19
TASK_04486,Implement dark mode,DevOps,High,Bob,On Hold,3,2,2026-07-11,2026-07-25
TASK_04487,Create REST API,Frontend,Low,Frank,In Progress,3,3,2026-03-19,2026-04-14
TASK_04488,Refactor backend code,Backend,Critical,Charlie,Completed,5,0,2026-05-08,2026-05-31
TASK_04489,Deploy application,Backend,Medium,David,In Progress,7,6,2026-07-22,2026-08-13
TASK_04490,Build admin panel,UI/UX,Medium,Bob,In Progress,14,13,2026-05-04,2026-05-12
TASK_04491,Implement dark mode,Bug,Low,Grace,Completed,9,5,2026-04-05,2026-04-14
TASK_04492,Design dashboard UI,Bug,High,Charlie,Completed,1,0,2026-02-18,2026-03-02
TASK_04493,Update project documentation,Frontend,Critical,Emma,Completed,13,6,2026-04-21,2026-05-08
TASK_04494,Design dashboard UI,Documentation,High,David,On Hold,4,1,2026-03-02,2026-03-30
TASK_04495,Fix login authentication bug,DevOps,Critical,Frank,On Hold,8,3,2026-04-14,2026-04-23
TASK_04496,Implement dark mode,Feature,Critical,Grace,Completed,4,0,2026-07-06,2026-07-12
TASK_04497,Create reports module,DevOps,High,Emma,Pending,19,14,2026-07-02,2026-07-14
TASK_04498,Create REST API,Backend,High,Alice,On Hold,18,0,2026-06-27,2026-07-20
TASK_04499,Fix responsive layout,UI/UX,Low,David,In Progress,12,2,2026-02-16,2026-03-14
TASK_04500,Write unit tests,Bug,Critical,Charlie,In Progress,2,2,2026-04-18,2026-05-18
TASK_04501,Deploy application,Frontend,Critical,Emma,On Hold,11,7,2026-02-10,2026-03-04
TASK_04502,Write unit tests,Frontend,High,Alice,Completed,5,5,2026-06-27,2026-07-26
TASK_04503,Configure CI/CD pipeline,Database,High,Grace,Pending,15,11,2026-07-04,2026-07-06
TASK_04504,Fix responsive layout,Backend,Medium,David,Pending,4,4,2026-07-06,2026-07-18
TASK_04505,Implement dark mode,Documentation,Critical,Charlie,On Hold,13,8,2026-02-09,2026-02-14
TASK_04506,Fix responsive layout,Backend,Critical,Grace,Pending,11,4,2026-07-18,2026-08-03
TASK_04507,Write unit tests,Testing,High,Grace,Pending,17,1,2026-04-13,2026-04-28
TASK_04508,Implement chatbot,Backend,High,Emma,Completed,10,0,2026-05-12,2026-06-01
TASK_04509,Develop user profile page,Security,Medium,Frank,Completed,19,4,2026-07-15,2026-07-29
TASK_04510,Implement dark mode,Security,Critical,Bob,Completed,6,6,2026-06-23,2026-07-06
TASK_04511,Implement chatbot,Bug,Medium,Alice,Pending,15,13,2026-07-06,2026-07-08
TASK_04512,Integrate email notifications,Database,High,Charlie,Pending,7,0,2026-04-04,2026-04-14
TASK_04513,Develop analytics dashboard,DevOps,Low,Bob,On Hold,1,1,2026-03-02,2026-03-20
TASK_04514,Develop analytics dashboard,Security,High,Bob,Completed,15,13,2026-02-01,2026-02-25
TASK_04515,Write unit tests,Bug,Critical,Frank,On Hold,19,6,2026-02-20,2026-02-26
TASK_04516,Add search functionality,Frontend,Low,Charlie,Completed,14,10,2026-05-28,2026-06-02
TASK_04517,Integrate email notifications,Frontend,Medium,Emma,In Progress,17,14,2026-06-04,2026-06-06
TASK_04518,Refactor backend code,Security,Medium,Alice,On Hold,18,14,2026-02-10,2026-02-23
TASK_04519,Design dashboard UI,Feature,High,Emma,On Hold,10,1,2026-06-07,2026-06-19
TASK_04520,Fix login authentication bug,UI/UX,Critical,Alice,Pending,1,1,2026-07-17,2026-07-24
TASK_04521,Integrate email notifications,Frontend,Medium,Grace,Completed,20,17,2026-03-17,2026-04-04
TASK_04522,Implement payment gateway,UI/UX,Low,Emma,In Progress,8,8,2026-06-28,2026-07-16
TASK_04523,Fix login authentication bug,UI/UX,High,Frank,Completed,10,1,2026-03-17,2026-04-13
TASK_04524,Create reports module,Testing,Low,Grace,In Progress,11,5,2026-06-12,2026-07-01
TASK_04525,Configure CI/CD pipeline,Bug,Critical,Alice,In Progress,17,0,2026-03-17,2026-03-31
TASK_04526,Refactor backend code,DevOps,High,Alice,On Hold,3,0,2026-04-05,2026-04-18
TASK_04527,Create reports module,Bug,Low,Charlie,Pending,16,15,2026-01-31,2026-02-14
TASK_04528,Fix responsive layout,Frontend,Critical,Henry,Pending,9,7,2026-02-25,2026-03-11
TASK_04529,Write unit tests,Feature,Low,Charlie,On Hold,20,20,2026-03-04,2026-03-16
TASK_04530,Configure CI/CD pipeline,Testing,Critical,Grace,On Hold,10,0,2026-03-06,2026-03-11
TASK_04531,Update project documentation,Documentation,High,David,Pending,4,2,2026-03-17,2026-03-23
TASK_04532,Fix responsive layout,Frontend,Medium,Alice,Pending,14,0,2026-06-07,2026-07-03
TASK_04533,Optimize SQL queries,Bug,Low,David,In Progress,13,7,2026-03-02,2026-03-31
TASK_04534,Create reports module,Frontend,Critical,Frank,Completed,19,12,2026-04-15,2026-05-14
TASK_04535,Build admin panel,Backend,Low,David,Completed,4,1,2026-01-31,2026-02-14
TASK_04536,Integrate email notifications,Bug,High,Henry,Completed,15,10,2026-02-09,2026-03-10
TASK_04537,Write unit tests,Database,Medium,Alice,In Progress,7,6,2026-06-09,2026-06-21
TASK_04538,Configure CI/CD pipeline,DevOps,Medium,Frank,Completed,7,1,2026-07-14,2026-08-08
TASK_04539,Optimize SQL queries,Frontend,Medium,Henry,On Hold,8,2,2026-05-26,2026-06-14
TASK_04540,Build admin panel,UI/UX,Low,Grace,On Hold,16,0,2026-02-16,2026-03-04
TASK_04541,Implement chatbot,Documentation,Medium,Grace,In Progress,17,2,2026-07-20,2026-08-01
TASK_04542,Fix login authentication bug,Frontend,Critical,David,Pending,9,2,2026-03-26,2026-04-16
TASK_04543,Implement dark mode,UI/UX,Medium,Grace,Completed,14,4,2026-05-27,2026-06-26
TASK_04544,Integrate email notifications,Frontend,High,Grace,On Hold,18,18,2026-04-26,2026-05-21
TASK_04545,Build admin panel,Feature,Medium,Charlie,In Progress,6,1,2026-02-27,2026-03-04
TASK_04546,Create reports module,Security,High,Alice,Completed,12,1,2026-07-15,2026-07-28
TASK_04547,Implement payment gateway,Frontend,High,Frank,In Progress,19,19,2026-03-22,2026-04-02
TASK_04548,Improve application performance,DevOps,Critical,Emma,Pending,18,17,2026-03-30,2026-04-14
TASK_04549,Design dashboard UI,Backend,Medium,Frank,Completed,1,1,2026-05-15,2026-05-28
TASK_04550,Implement dark mode,UI/UX,Medium,Alice,Completed,12,8,2026-07-12,2026-08-07
TASK_04551,Integrate email notifications,DevOps,High,Charlie,In Progress,4,3,2026-06-06,2026-06-28
TASK_04552,Update project documentation,Feature,Critical,Henry,Pending,6,2,2026-06-25,2026-07-01
TASK_04553,Implement chatbot,Database,High,Charlie,Pending,12,6,2026-05-07,2026-06-06
TASK_04554,Implement dark mode,Backend,High,Grace,In Progress,11,3,2026-07-13,2026-07-29
TASK_04555,Develop analytics dashboard,Feature,Low,Alice,Completed,20,13,2026-07-20,2026-07-30
TASK_04556,Design dashboard UI,Bug,Medium,Grace,Pending,18,8,2026-04-08,2026-04-30
TASK_04557,Implement payment gateway,Documentation,Medium,Bob,Completed,4,4,2026-02-12,2026-03-08
TASK_04558,Create REST API,Feature,Medium,Henry,Completed,3,2,2026-07-12,2026-08-04
TASK_04559,Add search functionality,Database,Low,Emma,Pending,14,1,2026-02-20,2026-03-22
TASK_04560,Develop user profile page,Feature,Medium,Henry,Pending,14,8,2026-02-22,2026-03-02
TASK_04561,Develop analytics dashboard,Bug,Low,Emma,Pending,3,1,2026-03-09,2026-03-29
TASK_04562,Build admin panel,Frontend,High,Grace,On Hold,3,1,2026-03-28,2026-04-17
TASK_04563,Fix responsive layout,Frontend,Medium,Henry,Completed,13,7,2026-06-16,2026-06-19
TASK_04564,Integrate email notifications,Backend,High,David,On Hold,4,4,2026-03-01,2026-03-25
TASK_04565,Write unit tests,Backend,Medium,Emma,In Progress,3,1,2026-05-03,2026-05-28
TASK_04566,Configure CI/CD pipeline,Backend,Low,Grace,Pending,16,0,2026-02-28,2026-03-20
TASK_04567,Integrate email notifications,Feature,Medium,Emma,In Progress,17,14,2026-06-30,2026-07-22
TASK_04568,Update project documentation,Database,Medium,Grace,Pending,3,1,2026-06-08,2026-06-16
TASK_04569,Add search functionality,Backend,Medium,Henry,Completed,9,7,2026-07-23,2026-08-03
TASK_04570,Implement chatbot,Testing,Critical,Frank,On Hold,4,4,2026-04-26,2026-05-08
TASK_04571,Implement chatbot,Frontend,Low,Emma,On Hold,8,0,2026-03-11,2026-04-09
TASK_04572,Develop analytics dashboard,UI/UX,Low,Bob,In Progress,5,0,2026-03-29,2026-04-16
TASK_04573,Fix login authentication bug,Testing,Critical,Henry,Completed,3,1,2026-03-07,2026-03-29
TASK_04574,Implement chatbot,Database,Critical,Bob,In Progress,16,10,2026-03-06,2026-03-29
TASK_04575,Design dashboard UI,Feature,Low,Henry,Pending,11,8,2026-04-06,2026-04-21
TASK_04576,Optimize SQL queries,DevOps,Low,David,Completed,16,16,2026-04-03,2026-04-08
TASK_04577,Implement dark mode,Database,Critical,Frank,In Progress,10,1,2026-04-10,2026-05-10
TASK_04578,Implement dark mode,Bug,High,Henry,Pending,20,13,2026-07-23,2026-08-07
TASK_04579,Integrate email notifications,Testing,Critical,Frank,In Progress,18,6,2026-02-07,2026-03-03
TASK_04580,Design dashboard UI,Frontend,Medium,Grace,Pending,17,15,2026-04-23,2026-05-17
TASK_04581,Create reports module,Bug,Medium,Frank,Pending,15,8,2026-03-13,2026-03-20
TASK_04582,Update project documentation,Testing,Critical,Alice,On Hold,11,8,2026-05-30,2026-06-02
TASK_04583,Optimize SQL queries,Feature,Critical,Charlie,Pending,11,7,2026-03-09,2026-04-01
TASK_04584,Build admin panel,Security,Low,Alice,On Hold,15,0,2026-05-13,2026-05-27
TASK_04585,Create REST API,Frontend,Low,Emma,On Hold,14,11,2026-07-23,2026-07-27
TASK_04586,Fix responsive layout,Feature,Low,Grace,Completed,9,3,2026-04-16,2026-05-03
TASK_04587,Implement dark mode,DevOps,High,Emma,In Progress,13,7,2026-06-30,2026-07-23
TASK_04588,Develop user profile page,Documentation,Low,Bob,In Progress,4,1,2026-05-16,2026-05-19
TASK_04589,Implement chatbot,Feature,Low,Emma,On Hold,20,18,2026-07-09,2026-07-20
TASK_04590,Implement chatbot,Feature,Low,Emma,In Progress,19,18,2026-02-19,2026-03-15
TASK_04591,Refactor backend code,Feature,High,Charlie,Pending,5,2,2026-06-12,2026-07-06
TASK_04592,Design dashboard UI,DevOps,Medium,Grace,Completed,16,9,2026-02-16,2026-02-27
TASK_04593,Fix login authentication bug,Backend,High,Charlie,Completed,4,1,2026-03-11,2026-03-27
TASK_04594,Design dashboard UI,DevOps,Medium,David,In Progress,19,9,2026-04-02,2026-04-27
TASK_04595,Develop user profile page,DevOps,High,Frank,Completed,16,2,2026-02-07,2026-03-07
TASK_04596,Design dashboard UI,Documentation,High,David,Pending,3,0,2026-06-27,2026-07-24
TASK_04597,Configure CI/CD pipeline,Documentation,Critical,Bob,Pending,5,3,2026-07-13,2026-08-05
TASK_04598,Implement dark mode,Bug,Low,Emma,Pending,17,6,2026-04-29,2026-05-27
TASK_04599,Develop analytics dashboard,Frontend,Low,Emma,Pending,3,2,2026-04-21,2026-04-27
TASK_04600,Optimize SQL queries,UI/UX,Critical,Emma,Pending,11,6,2026-04-10,2026-04-27
TASK_04601,Deploy application,Feature,Medium,Bob,Completed,3,1,2026-07-17,2026-07-22
TASK_04602,Add search functionality,Frontend,High,Emma,On Hold,9,2,2026-05-11,2026-05-26
TASK_04603,Improve application performance,Security,Low,Bob,On Hold,12,9,2026-02-18,2026-03-14
TASK_04604,Refactor backend code,Bug,Critical,Frank,On Hold,6,5,2026-07-11,2026-08-07
TASK_04605,Build admin panel,DevOps,High,Alice,On Hold,15,1,2026-07-21,2026-08-06
TASK_04606,Improve application performance,Feature,Low,Frank,Pending,1,1,2026-07-07,2026-07-19
TASK_04607,Improve application performance,DevOps,Critical,David,Pending,16,8,2026-05-12,2026-06-02
TASK_04608,Build admin panel,Documentation,Medium,Emma,Pending,15,4,2026-03-08,2026-04-06
TASK_04609,Refactor backend code,Security,High,Bob,In Progress,13,5,2026-07-26,2026-08-11
TASK_04610,Create reports module,Frontend,Medium,Bob,Pending,17,14,2026-05-24,2026-06-23
TASK_04611,Add search functionality,Backend,High,Bob,On Hold,16,10,2026-04-04,2026-04-23
TASK_04612,Refactor backend code,Documentation,Medium,Bob,On Hold,17,3,2026-03-27,2026-04-07
TASK_04613,Fix responsive layout,UI/UX,Medium,David,Completed,20,2,2026-06-13,2026-07-05
TASK_04614,Deploy application,Testing,Medium,David,On Hold,18,15,2026-02-12,2026-02-21
TASK_04615,Develop user profile page,DevOps,High,Frank,Completed,3,2,2026-05-31,2026-06-22
TASK_04616,Deploy application,Testing,Critical,Frank,In Progress,19,5,2026-07-18,2026-07-30
TASK_04617,Integrate email notifications,Security,Low,Alice,Pending,8,6,2026-06-16,2026-06-24
TASK_04618,Develop user profile page,Bug,Medium,Bob,Pending,8,8,2026-03-23,2026-04-20
TASK_04619,Update project documentation,Bug,Low,Frank,In Progress,10,3,2026-07-07,2026-08-02
TASK_04620,Fix responsive layout,Database,Medium,Frank,In Progress,11,6,2026-07-13,2026-07-23
TASK_04621,Optimize SQL queries,Testing,Low,Alice,Pending,2,1,2026-07-24,2026-07-27
TASK_04622,Update project documentation,Security,High,Emma,Pending,18,10,2026-03-03,2026-03-16
TASK_04623,Create REST API,Bug,High,David,Completed,14,5,2026-02-15,2026-03-06
TASK_04624,Create reports module,Testing,Medium,Frank,In Progress,17,17,2026-05-23,2026-05-28
TASK_04625,Fix responsive layout,Frontend,Medium,Alice,On Hold,10,4,2026-05-02,2026-05-18
TASK_04626,Develop user profile page,Testing,High,Alice,In Progress,4,2,2026-04-02,2026-04-28
TASK_04627,Design dashboard UI,UI/UX,Low,Henry,In Progress,6,4,2026-02-22,2026-03-12
TASK_04628,Build admin panel,Bug,Low,Grace,On Hold,4,2,2026-04-24,2026-05-14
TASK_04629,Implement payment gateway,Bug,High,Alice,On Hold,16,13,2026-02-28,2026-03-05
TASK_04630,Design dashboard UI,Bug,Medium,Grace,Pending,11,6,2026-04-03,2026-04-13
TASK_04631,Optimize SQL queries,Security,High,Frank,On Hold,13,5,2026-06-20,2026-06-26
TASK_04632,Fix login authentication bug,Documentation,Low,Grace,On Hold,20,7,2026-06-18,2026-06-24
TASK_04633,Update project documentation,Testing,Medium,Frank,Completed,20,8,2026-05-21,2026-06-05
TASK_04634,Build admin panel,DevOps,Low,Frank,In Progress,12,3,2026-06-09,2026-06-21
TASK_04635,Design dashboard UI,Testing,High,Grace,Completed,10,0,2026-02-22,2026-03-07
TASK_04636,Refactor backend code,Testing,Medium,Frank,Completed,17,11,2026-05-15,2026-05-27
TASK_04637,Write unit tests,Security,High,David,Completed,6,2,2026-04-08,2026-04-14
TASK_04638,Fix responsive layout,Database,Low,Grace,Pending,12,8,2026-03-29,2026-04-13
TASK_04639,Implement dark mode,Frontend,Low,Henry,In Progress,17,10,2026-07-14,2026-07-26
TASK_04640,Write unit tests,Testing,Critical,Alice,Pending,11,3,2026-07-23,2026-08-09
TASK_04641,Add search functionality,Security,Critical,Henry,On Hold,10,7,2026-04-03,2026-04-23
TASK_04642,Fix login authentication bug,UI/UX,High,David,In Progress,1,1,2026-07-10,2026-07-23
TASK_04643,Update project documentation,Bug,Low,Charlie,On Hold,2,2,2026-05-14,2026-06-08
TASK_04644,Optimize SQL queries,Frontend,Low,Grace,Pending,3,2,2026-05-06,2026-06-02
TASK_04645,Build admin panel,UI/UX,Medium,Henry,On Hold,8,2,2026-06-22,2026-07-03
TASK_04646,Integrate email notifications,Security,Critical,David,Completed,19,12,2026-05-04,2026-05-29
TASK_04647,Integrate email notifications,Bug,Low,Charlie,On Hold,3,0,2026-02-24,2026-03-24
TASK_04648,Improve application performance,Security,High,Grace,Completed,7,3,2026-04-09,2026-05-07
TASK_04649,Develop user profile page,Frontend,High,David,On Hold,17,14,2026-03-24,2026-04-15
TASK_04650,Configure CI/CD pipeline,Frontend,High,Emma,In Progress,16,6,2026-03-07,2026-03-19
TASK_04651,Write unit tests,Bug,Critical,David,On Hold,4,4,2026-01-29,2026-02-25
TASK_04652,Refactor backend code,Documentation,Critical,Alice,Completed,9,4,2026-03-09,2026-03-14
TASK_04653,Configure CI/CD pipeline,UI/UX,High,Charlie,Completed,11,9,2026-05-15,2026-05-26
TASK_04654,Update project documentation,Documentation,High,David,In Progress,1,1,2026-04-08,2026-05-07
TASK_04655,Create reports module,Frontend,Critical,Frank,In Progress,13,3,2026-05-30,2026-06-28
TASK_04656,Fix login authentication bug,Documentation,Medium,Emma,In Progress,16,4,2026-02-07,2026-02-20
TASK_04657,Fix responsive layout,Testing,Medium,Bob,In Progress,19,6,2026-02-23,2026-03-08
TASK_04658,Design dashboard UI,Bug,High,Henry,Completed,12,7,2026-06-12,2026-06-17
TASK_04659,Refactor backend code,Backend,Low,Henry,In Progress,18,7,2026-04-08,2026-04-29
TASK_04660,Refactor backend code,Documentation,Critical,Bob,Pending,18,9,2026-03-05,2026-03-08
TASK_04661,Refactor backend code,Backend,Critical,Frank,On Hold,9,8,2026-02-07,2026-02-17
TASK_04662,Integrate email notifications,Database,Critical,Frank,In Progress,17,13,2026-05-18,2026-05-20
TASK_04663,Design dashboard UI,Security,Low,Charlie,On Hold,11,7,2026-01-29,2026-02-04
TASK_04664,Fix responsive layout,Bug,High,Bob,Pending,5,0,2026-07-22,2026-08-15
TASK_04665,Update project documentation,Bug,Critical,Frank,Pending,20,3,2026-03-26,2026-04-13
TASK_04666,Create REST API,Security,High,Bob,Completed,12,0,2026-05-08,2026-06-02
TASK_04667,Develop analytics dashboard,Testing,High,Emma,On Hold,19,3,2026-07-07,2026-07-22
TASK_04668,Improve application performance,Security,High,David,In Progress,2,1,2026-04-04,2026-04-10
TASK_04669,Develop user profile page,Database,High,Frank,On Hold,19,8,2026-07-22,2026-08-14
TASK_04670,Build admin panel,UI/UX,High,Alice,On Hold,16,6,2026-04-20,2026-04-23
TASK_04671,Write unit tests,Feature,High,Alice,In Progress,4,0,2026-02-12,2026-03-12
TASK_04672,Develop analytics dashboard,Documentation,Medium,Frank,In Progress,6,6,2026-03-02,2026-03-18
TASK_04673,Implement dark mode,Security,Low,Charlie,Completed,15,14,2026-06-13,2026-06-23
TASK_04674,Deploy application,Documentation,Low,Alice,Completed,3,1,2026-02-21,2026-03-02
TASK_04675,Implement dark mode,Documentation,Critical,Frank,Pending,18,2,2026-02-11,2026-03-06
TASK_04676,Deploy application,Backend,Low,Grace,Pending,6,1,2026-04-01,2026-04-17
TASK_04677,Implement payment gateway,Testing,Critical,Grace,In Progress,9,1,2026-05-11,2026-06-08
TASK_04678,Develop user profile page,DevOps,Critical,Alice,Pending,6,5,2026-03-27,2026-04-04
TASK_04679,Fix login authentication bug,Frontend,Critical,Bob,Pending,9,6,2026-02-23,2026-03-06
TASK_04680,Develop analytics dashboard,UI/UX,Low,Grace,Completed,19,17,2026-04-16,2026-04-27
TASK_04681,Deploy application,Documentation,Critical,David,In Progress,3,3,2026-05-14,2026-06-12
TASK_04682,Create REST API,Testing,Critical,Alice,Pending,17,9,2026-05-22,2026-06-20
TASK_04683,Design dashboard UI,Feature,Medium,Charlie,Completed,12,9,2026-04-28,2026-05-26
TASK_04684,Develop analytics dashboard,UI/UX,Critical,Grace,Completed,13,11,2026-04-29,2026-05-14
TASK_04685,Implement dark mode,Security,High,Emma,Pending,19,0,2026-03-05,2026-03-11
TASK_04686,Refactor backend code,Testing,High,Grace,Pending,1,0,2026-04-05,2026-04-07
TASK_04687,Develop user profile page,UI/UX,Medium,Grace,On Hold,18,11,2026-06-12,2026-06-18
TASK_04688,Develop analytics dashboard,Security,Low,Grace,On Hold,18,6,2026-07-05,2026-07-28
TASK_04689,Implement payment gateway,Documentation,High,Grace,On Hold,15,12,2026-04-17,2026-05-03
TASK_04690,Implement chatbot,Documentation,Low,Emma,Pending,4,1,2026-06-15,2026-07-14
TASK_04691,Create reports module,Testing,Critical,Grace,Pending,6,5,2026-03-24,2026-04-06
TASK_04692,Create REST API,UI/UX,Critical,Alice,In Progress,10,8,2026-05-06,2026-05-15
TASK_04693,Fix responsive layout,Database,High,Frank,Completed,3,3,2026-04-19,2026-05-07
TASK_04694,Implement dark mode,Documentation,Low,Charlie,In Progress,13,8,2026-07-11,2026-07-27
TASK_04695,Fix responsive layout,Testing,Medium,David,In Progress,19,18,2026-03-16,2026-04-05
TASK_04696,Develop analytics dashboard,Feature,High,Frank,In Progress,5,0,2026-03-05,2026-03-10
TASK_04697,Deploy application,DevOps,Medium,Alice,Pending,15,11,2026-05-24,2026-06-02
TASK_04698,Fix responsive layout,Backend,High,Bob,Completed,5,0,2026-04-15,2026-05-07
TASK_04699,Configure CI/CD pipeline,Database,Low,David,On Hold,19,12,2026-01-28,2026-02-07
TASK_04700,Integrate email notifications,DevOps,Medium,Henry,On Hold,8,4,2026-05-25,2026-06-01
TASK_04701,Optimize SQL queries,Security,Low,Bob,Completed,12,2,2026-07-07,2026-07-17
TASK_04702,Create REST API,Frontend,Medium,Henry,On Hold,1,1,2026-04-07,2026-04-16
TASK_04703,Configure CI/CD pipeline,Documentation,Medium,David,Pending,10,6,2026-05-23,2026-06-22
TASK_04704,Refactor backend code,Backend,Critical,Frank,On Hold,5,1,2026-04-09,2026-04-28
TASK_04705,Fix responsive layout,Frontend,Low,Grace,Pending,14,12,2026-05-23,2026-05-28
TASK_04706,Create reports module,Feature,Critical,Frank,In Progress,10,6,2026-07-13,2026-07-21
TASK_04707,Create REST API,UI/UX,High,Frank,In Progress,12,12,2026-05-23,2026-06-21
TASK_04708,Update project documentation,DevOps,High,Henry,In Progress,13,9,2026-03-08,2026-03-14
TASK_04709,Create reports module,Documentation,Low,Alice,In Progress,13,10,2026-03-08,2026-03-31
TASK_04710,Design dashboard UI,Database,Medium,Bob,Pending,16,16,2026-04-10,2026-05-02
TASK_04711,Implement chatbot,Security,High,David,Pending,11,8,2026-06-02,2026-06-08
TASK_04712,Deploy application,Bug,High,Charlie,On Hold,5,5,2026-06-22,2026-07-11
TASK_04713,Write unit tests,Documentation,High,Bob,In Progress,13,5,2026-04-30,2026-05-12
TASK_04714,Develop user profile page,Bug,High,Alice,In Progress,11,3,2026-01-29,2026-02-03
TASK_04715,Improve application performance,Documentation,Critical,Frank,Pending,17,12,2026-04-06,2026-04-30
TASK_04716,Implement dark mode,Database,Low,Bob,Completed,10,9,2026-02-27,2026-03-07
TASK_04717,Develop analytics dashboard,Feature,High,Charlie,On Hold,1,1,2026-02-19,2026-03-13
TASK_04718,Integrate email notifications,Backend,Medium,Bob,Pending,5,2,2026-02-14,2026-03-06
TASK_04719,Create REST API,UI/UX,Low,Grace,Pending,18,13,2026-02-02,2026-03-04
TASK_04720,Build admin panel,DevOps,Critical,Frank,On Hold,12,3,2026-04-28,2026-05-20
TASK_04721,Implement payment gateway,Database,Low,Frank,Completed,15,5,2026-05-17,2026-05-23
TASK_04722,Write unit tests,Security,Medium,David,Pending,8,0,2026-01-30,2026-02-24
TASK_04723,Create reports module,Testing,Medium,David,In Progress,10,1,2026-02-14,2026-03-04
TASK_04724,Implement chatbot,Bug,Medium,Alice,On Hold,11,9,2026-04-10,2026-05-07
TASK_04725,Add search functionality,DevOps,Medium,Emma,Pending,10,4,2026-06-27,2026-07-22
TASK_04726,Implement chatbot,Backend,Medium,Emma,On Hold,11,2,2026-06-03,2026-06-20
TASK_04727,Implement chatbot,Frontend,Low,Emma,In Progress,17,3,2026-03-07,2026-03-27
TASK_04728,Configure CI/CD pipeline,Bug,High,Frank,Completed,9,8,2026-03-07,2026-03-21
TASK_04729,Integrate email notifications,Database,Medium,Emma,Completed,4,3,2026-05-31,2026-06-26
TASK_04730,Optimize SQL queries,Feature,Medium,Grace,Completed,4,0,2026-05-17,2026-05-23
TASK_04731,Add search functionality,Documentation,Critical,Grace,Pending,10,3,2026-06-30,2026-07-26
TASK_04732,Build admin panel,Bug,Low,Emma,In Progress,13,10,2026-06-25,2026-07-17
TASK_04733,Develop analytics dashboard,Bug,Medium,Emma,In Progress,11,7,2026-07-01,2026-07-20
TASK_04734,Implement payment gateway,Database,High,Frank,On Hold,4,2,2026-05-26,2026-06-09
TASK_04735,Configure CI/CD pipeline,Testing,Low,Bob,Completed,13,2,2026-05-16,2026-06-08
TASK_04736,Integrate email notifications,Backend,Critical,Frank,Pending,8,0,2026-05-12,2026-05-29
TASK_04737,Add search functionality,Database,Medium,Bob,Completed,5,0,2026-03-29,2026-04-27
TASK_04738,Deploy application,Feature,Medium,Frank,Completed,12,10,2026-03-08,2026-03-10
TASK_04739,Implement payment gateway,Documentation,Critical,David,On Hold,1,1,2026-02-06,2026-02-26
TASK_04740,Integrate email notifications,Database,Low,Grace,Completed,15,7,2026-04-01,2026-04-04
TASK_04741,Implement payment gateway,Testing,High,Frank,Pending,1,0,2026-04-13,2026-05-01
TASK_04742,Update project documentation,Frontend,High,David,Pending,14,9,2026-06-16,2026-07-02
TASK_04743,Create reports module,Database,Medium,Grace,Completed,16,16,2026-03-28,2026-03-30
TASK_04744,Implement payment gateway,Testing,Low,Henry,Pending,16,0,2026-05-23,2026-06-17
TASK_04745,Add search functionality,Bug,Critical,Alice,On Hold,14,7,2026-04-10,2026-04-22
TASK_04746,Configure CI/CD pipeline,Frontend,High,Grace,On Hold,18,13,2026-05-07,2026-06-01
TASK_04747,Develop analytics dashboard,Testing,High,Bob,On Hold,19,19,2026-07-17,2026-07-24
TASK_04748,Refactor backend code,DevOps,Critical,Frank,On Hold,3,2,2026-05-20,2026-06-06
TASK_04749,Integrate email notifications,UI/UX,Medium,Alice,Pending,1,1,2026-06-27,2026-06-30
TASK_04750,Improve application performance,DevOps,Low,Alice,Pending,1,1,2026-03-18,2026-04-16
TASK_04751,Write unit tests,Feature,Medium,David,On Hold,15,0,2026-02-09,2026-03-09
TASK_04752,Refactor backend code,Security,High,Bob,In Progress,17,13,2026-06-25,2026-07-24
TASK_04753,Implement chatbot,Frontend,High,David,On Hold,5,0,2026-06-03,2026-06-27
TASK_04754,Create REST API,Security,Medium,Bob,Completed,1,1,2026-05-03,2026-05-10
TASK_04755,Fix responsive layout,Feature,Critical,Bob,On Hold,9,6,2026-03-17,2026-03-21
TASK_04756,Fix login authentication bug,Database,Medium,Emma,Pending,20,12,2026-07-06,2026-07-27
TASK_04757,Refactor backend code,Backend,High,Emma,In Progress,16,3,2026-06-03,2026-07-01
TASK_04758,Implement payment gateway,Documentation,Critical,Alice,In Progress,2,2,2026-03-12,2026-03-20
TASK_04759,Fix responsive layout,Feature,Low,David,Pending,2,1,2026-07-01,2026-07-31
TASK_04760,Create reports module,Documentation,Low,Frank,On Hold,10,3,2026-06-11,2026-07-03
TASK_04761,Update project documentation,UI/UX,Critical,Charlie,Pending,1,0,2026-04-23,2026-05-18
TASK_04762,Implement payment gateway,Security,Critical,David,Completed,18,15,2026-04-19,2026-05-09
TASK_04763,Fix login authentication bug,Security,Medium,Frank,In Progress,14,4,2026-02-09,2026-02-11
TASK_04764,Build admin panel,Frontend,Low,Charlie,In Progress,12,8,2026-03-03,2026-04-01
TASK_04765,Develop user profile page,UI/UX,Medium,Henry,Pending,16,16,2026-07-06,2026-07-21
TASK_04766,Design dashboard UI,Database,Medium,Frank,Completed,8,2,2026-07-24,2026-08-06
TASK_04767,Develop user profile page,DevOps,High,Bob,On Hold,18,3,2026-02-07,2026-02-11
TASK_04768,Implement payment gateway,UI/UX,Critical,Henry,In Progress,20,9,2026-03-13,2026-03-19
TASK_04769,Develop user profile page,Bug,Medium,Henry,Completed,5,3,2026-05-02,2026-05-12
TASK_04770,Design dashboard UI,DevOps,High,Henry,On Hold,6,1,2026-02-06,2026-02-20
TASK_04771,Develop user profile page,Documentation,Medium,Charlie,Completed,9,0,2026-04-21,2026-05-03
TASK_04772,Implement payment gateway,Testing,Critical,Emma,On Hold,5,2,2026-04-07,2026-05-02
TASK_04773,Develop analytics dashboard,Backend,Low,Emma,In Progress,15,11,2026-05-09,2026-05-13
TASK_04774,Fix login authentication bug,Documentation,Low,David,In Progress,4,3,2026-03-05,2026-03-19
TASK_04775,Implement chatbot,UI/UX,High,Charlie,Completed,3,3,2026-05-20,2026-05-29
TASK_04776,Implement payment gateway,Frontend,Low,Grace,Completed,15,12,2026-06-10,2026-06-17
TASK_04777,Fix responsive layout,Backend,High,Emma,In Progress,18,0,2026-04-12,2026-05-02
TASK_04778,Update project documentation,DevOps,High,Charlie,Pending,2,1,2026-05-04,2026-05-27
TASK_04779,Deploy application,Frontend,Low,Frank,On Hold,19,9,2026-05-23,2026-05-26
TASK_04780,Implement chatbot,Frontend,Critical,David,On Hold,3,2,2026-02-02,2026-02-07
TASK_04781,Fix login authentication bug,Testing,Medium,David,In Progress,16,2,2026-01-31,2026-02-02
TASK_04782,Create REST API,Backend,Low,Alice,In Progress,10,0,2026-03-02,2026-03-05
TASK_04783,Optimize SQL queries,Testing,Medium,Emma,In Progress,10,0,2026-06-13,2026-06-23
TASK_04784,Write unit tests,Frontend,Critical,Alice,Completed,7,2,2026-06-22,2026-07-08
TASK_04785,Fix login authentication bug,Testing,Medium,Charlie,In Progress,6,1,2026-06-26,2026-07-06
TASK_04786,Develop analytics dashboard,Feature,High,Frank,In Progress,11,3,2026-05-12,2026-06-08
TASK_04787,Deploy application,Bug,Low,Charlie,Pending,8,8,2026-03-09,2026-04-04
TASK_04788,Integrate email notifications,UI/UX,Low,Grace,In Progress,5,4,2026-04-06,2026-05-04
TASK_04789,Integrate email notifications,Backend,Medium,Bob,On Hold,13,9,2026-06-22,2026-07-17
TASK_04790,Fix responsive layout,Testing,High,Frank,Completed,5,3,2026-03-03,2026-03-29
TASK_04791,Refactor backend code,Documentation,Medium,Grace,Pending,19,2,2026-01-31,2026-02-17
TASK_04792,Fix login authentication bug,Frontend,Medium,Frank,On Hold,7,2,2026-02-24,2026-03-15
TASK_04793,Fix login authentication bug,Bug,High,Frank,On Hold,10,10,2026-06-19,2026-07-04
TASK_04794,Improve application performance,Database,Low,Frank,Pending,8,1,2026-07-24,2026-08-23
TASK_04795,Optimize SQL queries,DevOps,Medium,Grace,Pending,1,1,2026-05-19,2026-05-26
TASK_04796,Implement chatbot,Documentation,High,Frank,Completed,16,1,2026-06-25,2026-07-06
TASK_04797,Develop analytics dashboard,Frontend,Critical,Emma,Completed,20,9,2026-02-08,2026-02-10
TASK_04798,Fix login authentication bug,Feature,Critical,Charlie,On Hold,16,15,2026-04-03,2026-04-24
TASK_04799,Build admin panel,Documentation,Medium,David,Completed,4,3,2026-06-12,2026-06-15
TASK_04800,Create reports module,DevOps,Low,Alice,Completed,7,6,2026-06-23,2026-06-29
TASK_04801,Refactor backend code,Security,Critical,David,In Progress,18,16,2026-04-10,2026-04-30
TASK_04802,Improve application performance,Documentation,High,Charlie,Pending,19,12,2026-05-05,2026-06-03
TASK_04803,Develop analytics dashboard,Backend,High,Frank,Pending,2,1,2026-04-23,2026-05-18
TASK_04804,Develop user profile page,Security,Low,Alice,Completed,3,2,2026-05-07,2026-05-13
TASK_04805,Implement payment gateway,Bug,Critical,Grace,In Progress,6,3,2026-06-29,2026-07-03
TASK_04806,Improve application performance,Bug,Low,Grace,Completed,12,7,2026-04-02,2026-04-15
TASK_04807,Develop analytics dashboard,Feature,Medium,Henry,In Progress,7,0,2026-02-04,2026-02-15
TASK_04808,Design dashboard UI,Backend,Low,Henry,Pending,17,5,2026-04-30,2026-05-07
TASK_04809,Configure CI/CD pipeline,Frontend,Low,Charlie,Pending,6,2,2026-03-21,2026-04-09
TASK_04810,Create reports module,Frontend,High,Charlie,In Progress,14,12,2026-03-25,2026-04-20
TASK_04811,Develop user profile page,Backend,Critical,Frank,In Progress,4,1,2026-06-08,2026-06-15
TASK_04812,Update project documentation,Database,Medium,David,On Hold,10,0,2026-07-16,2026-07-20
TASK_04813,Write unit tests,Database,Medium,Alice,Completed,10,5,2026-05-16,2026-06-03
TASK_04814,Create REST API,Bug,Medium,Bob,On Hold,20,20,2026-07-12,2026-07-29
TASK_04815,Implement dark mode,Testing,Critical,Charlie,Completed,13,2,2026-05-04,2026-05-29
TASK_04816,Develop analytics dashboard,Frontend,Critical,Frank,Completed,18,0,2026-06-21,2026-07-05
TASK_04817,Refactor backend code,Frontend,Medium,Emma,In Progress,7,0,2026-05-06,2026-05-10
TASK_04818,Develop analytics dashboard,Bug,Low,Emma,In Progress,7,3,2026-03-13,2026-03-18
TASK_04819,Add search functionality,Bug,Critical,Alice,In Progress,17,0,2026-05-12,2026-06-09
TASK_04820,Build admin panel,DevOps,High,Emma,Completed,9,6,2026-03-25,2026-04-07
TASK_04821,Build admin panel,Frontend,Critical,Bob,Completed,10,7,2026-04-23,2026-05-23
TASK_04822,Create REST API,Testing,Low,David,On Hold,4,1,2026-06-20,2026-07-09
TASK_04823,Write unit tests,Backend,High,Alice,In Progress,1,0,2026-02-25,2026-03-09
TASK_04824,Update project documentation,Database,Medium,Charlie,Completed,20,16,2026-04-01,2026-04-20
TASK_04825,Implement chatbot,DevOps,Medium,Emma,In Progress,6,3,2026-03-20,2026-04-12
TASK_04826,Optimize SQL queries,UI/UX,Medium,Charlie,On Hold,11,0,2026-03-27,2026-04-22
TASK_04827,Implement payment gateway,Frontend,High,Grace,On Hold,1,1,2026-05-26,2026-06-15
TASK_04828,Improve application performance,Database,High,Emma,On Hold,4,3,2026-06-28,2026-07-06
TASK_04829,Integrate email notifications,Backend,Low,Alice,Pending,19,6,2026-06-16,2026-07-07
TASK_04830,Create reports module,Bug,Critical,Bob,On Hold,19,5,2026-02-27,2026-03-11
TASK_04831,Add search functionality,Database,High,Alice,Completed,5,4,2026-02-28,2026-03-15
TASK_04832,Design dashboard UI,Security,Medium,David,In Progress,1,1,2026-04-14,2026-05-07
TASK_04833,Configure CI/CD pipeline,DevOps,Critical,Frank,In Progress,14,10,2026-02-24,2026-03-03
TASK_04834,Optimize SQL queries,Documentation,Critical,Frank,Completed,13,8,2026-04-13,2026-05-05
TASK_04835,Write unit tests,Frontend,Critical,Bob,Pending,1,1,2026-02-27,2026-03-24
TASK_04836,Improve application performance,Bug,Critical,Grace,In Progress,18,0,2026-03-08,2026-03-10
TASK_04837,Optimize SQL queries,Backend,Critical,Grace,Completed,2,1,2026-06-12,2026-07-12
TASK_04838,Add search functionality,UI/UX,Critical,Grace,Completed,6,2,2026-07-04,2026-07-08
TASK_04839,Update project documentation,Documentation,High,Frank,In Progress,9,9,2026-07-17,2026-07-22
TASK_04840,Improve application performance,DevOps,Medium,Bob,Pending,6,2,2026-04-03,2026-04-24
TASK_04841,Add search functionality,Bug,Critical,Bob,In Progress,2,0,2026-07-21,2026-07-28
TASK_04842,Implement dark mode,Backend,Critical,Bob,Completed,10,5,2026-04-08,2026-05-02
TASK_04843,Implement chatbot,Frontend,High,Charlie,On Hold,7,2,2026-03-16,2026-03-24
TASK_04844,Fix responsive layout,Testing,Low,Frank,On Hold,12,8,2026-02-08,2026-02-28
TASK_04845,Develop user profile page,Testing,Low,Henry,On Hold,12,1,2026-04-13,2026-05-06
TASK_04846,Write unit tests,UI/UX,Low,Emma,In Progress,12,12,2026-06-12,2026-07-04
TASK_04847,Improve application performance,DevOps,Low,Frank,On Hold,11,9,2026-02-22,2026-03-23
TASK_04848,Implement payment gateway,Testing,Critical,Grace,In Progress,17,2,2026-07-09,2026-07-23
TASK_04849,Implement payment gateway,Backend,Critical,Frank,Pending,19,14,2026-06-09,2026-06-21
TASK_04850,Create reports module,Feature,High,Alice,Completed,13,10,2026-04-14,2026-04-29
TASK_04851,Deploy application,Testing,High,Bob,Completed,1,0,2026-01-28,2026-02-15
TASK_04852,Design dashboard UI,Backend,Low,Charlie,In Progress,5,2,2026-03-03,2026-03-23
TASK_04853,Optimize SQL queries,Security,Medium,Emma,On Hold,15,2,2026-01-29,2026-02-01
TASK_04854,Fix login authentication bug,DevOps,Low,Alice,Pending,16,7,2026-05-15,2026-06-01
TASK_04855,Write unit tests,Backend,Low,Grace,Completed,18,14,2026-02-12,2026-02-14
TASK_04856,Optimize SQL queries,Frontend,Low,Emma,Completed,5,5,2026-06-07,2026-06-27
TASK_04857,Fix login authentication bug,Documentation,High,Grace,Pending,13,7,2026-02-01,2026-02-26
TASK_04858,Implement dark mode,Documentation,Medium,Grace,On Hold,8,4,2026-05-08,2026-05-14
TASK_04859,Deploy application,Security,High,Alice,Completed,5,3,2026-04-24,2026-05-16
TASK_04860,Optimize SQL queries,Frontend,High,Bob,On Hold,15,13,2026-03-23,2026-03-26
TASK_04861,Fix login authentication bug,UI/UX,Medium,Grace,Pending,8,3,2026-07-05,2026-07-23
TASK_04862,Develop user profile page,Backend,Low,Frank,On Hold,2,2,2026-07-08,2026-07-24
TASK_04863,Configure CI/CD pipeline,Database,Low,Bob,Completed,8,7,2026-03-25,2026-03-30
TASK_04864,Fix responsive layout,UI/UX,Medium,Grace,Completed,15,1,2026-04-07,2026-04-27
TASK_04865,Integrate email notifications,Backend,Medium,Henry,In Progress,3,2,2026-02-28,2026-03-30
TASK_04866,Develop analytics dashboard,Database,Medium,Alice,Pending,7,4,2026-02-04,2026-02-17
TASK_04867,Deploy application,Security,Medium,Alice,Completed,2,1,2026-04-20,2026-05-02
TASK_04868,Add search functionality,Security,Critical,Henry,Pending,20,20,2026-02-12,2026-03-04
TASK_04869,Develop analytics dashboard,UI/UX,High,Henry,Pending,16,4,2026-03-28,2026-04-15
TASK_04870,Fix login authentication bug,Database,Low,Emma,Completed,19,13,2026-02-20,2026-03-01
TASK_04871,Develop analytics dashboard,Testing,Medium,Henry,Pending,1,1,2026-04-29,2026-05-20
TASK_04872,Configure CI/CD pipeline,Security,Medium,Alice,On Hold,5,5,2026-02-19,2026-03-20
TASK_04873,Integrate email notifications,Bug,Critical,David,Completed,17,17,2026-05-07,2026-05-12
TASK_04874,Implement payment gateway,Database,Low,Frank,Pending,19,2,2026-06-06,2026-06-22
TASK_04875,Implement chatbot,Documentation,Medium,Charlie,In Progress,13,7,2026-07-13,2026-08-11
TASK_04876,Optimize SQL queries,Feature,Low,Bob,In Progress,5,1,2026-05-21,2026-06-13
TASK_04877,Optimize SQL queries,UI/UX,Critical,David,Pending,13,13,2026-05-09,2026-06-05
TASK_04878,Integrate email notifications,Database,Low,Bob,Completed,2,1,2026-02-09,2026-02-13
TASK_04879,Design dashboard UI,Security,Critical,Alice,Pending,11,9,2026-02-23,2026-03-12
TASK_04880,Implement dark mode,Testing,Critical,David,Completed,15,12,2026-03-09,2026-03-24
TASK_04881,Fix login authentication bug,UI/UX,Critical,Henry,On Hold,7,7,2026-02-09,2026-03-02
TASK_04882,Integrate email notifications,Bug,High,Grace,Pending,2,2,2026-04-12,2026-04-16
TASK_04883,Design dashboard UI,Documentation,Critical,Frank,On Hold,2,2,2026-05-06,2026-06-04
TASK_04884,Develop user profile page,Frontend,Critical,Alice,Pending,20,4,2026-06-12,2026-07-05
TASK_04885,Implement payment gateway,Testing,Critical,Alice,On Hold,3,0,2026-04-14,2026-04-21
TASK_04886,Create REST API,Backend,High,Grace,In Progress,8,5,2026-06-27,2026-07-10
TASK_04887,Improve application performance,Security,Low,Bob,Pending,4,3,2026-03-04,2026-03-31
TASK_04888,Refactor backend code,UI/UX,Critical,David,In Progress,2,0,2026-02-20,2026-03-02
TASK_04889,Fix responsive layout,Bug,High,Bob,On Hold,9,8,2026-04-10,2026-04-21
TASK_04890,Build admin panel,Backend,Medium,Grace,Completed,1,1,2026-02-16,2026-02-21
TASK_04891,Optimize SQL queries,DevOps,Medium,Alice,In Progress,16,2,2026-05-11,2026-05-21
TASK_04892,Build admin panel,DevOps,High,Emma,On Hold,5,2,2026-01-31,2026-02-12
TASK_04893,Implement payment gateway,Backend,Medium,Alice,On Hold,9,1,2026-05-25,2026-06-07
TASK_04894,Implement payment gateway,Security,Critical,Emma,On Hold,5,0,2026-05-02,2026-05-08
TASK_04895,Implement chatbot,Documentation,Low,Grace,Pending,11,8,2026-04-03,2026-04-18
TASK_04896,Fix login authentication bug,Documentation,Critical,David,Completed,13,10,2026-05-15,2026-05-29
TASK_04897,Refactor backend code,Security,Medium,Bob,In Progress,7,6,2026-06-06,2026-06-16
TASK_04898,Fix responsive layout,Frontend,Critical,David,In Progress,19,11,2026-03-10,2026-03-16
TASK_04899,Add search functionality,Documentation,Critical,Charlie,In Progress,10,8,2026-03-27,2026-04-02
TASK_04900,Implement dark mode,Backend,Medium,Charlie,In Progress,6,6,2026-03-29,2026-04-03
TASK_04901,Improve application performance,Testing,Medium,Grace,In Progress,18,4,2026-03-20,2026-04-07
TASK_04902,Configure CI/CD pipeline,Testing,Critical,Grace,Pending,1,1,2026-06-26,2026-07-13
TASK_04903,Optimize SQL queries,Testing,Critical,Charlie,Completed,1,0,2026-02-17,2026-02-25
TASK_04904,Develop analytics dashboard,Backend,High,Henry,On Hold,19,8,2026-06-18,2026-06-22
TASK_04905,Fix login authentication bug,Feature,Low,Grace,Pending,19,19,2026-06-13,2026-07-09
TASK_04906,Fix login authentication bug,Documentation,Critical,Henry,Pending,19,15,2026-04-04,2026-04-16
TASK_04907,Implement chatbot,Documentation,High,Emma,Pending,18,16,2026-03-03,2026-03-06
TASK_04908,Optimize SQL queries,DevOps,Critical,Charlie,Pending,16,11,2026-04-22,2026-05-05
TASK_04909,Write unit tests,DevOps,Critical,Grace,Completed,10,1,2026-07-14,2026-07-18
TASK_04910,Fix responsive layout,Frontend,High,Charlie,Completed,7,6,2026-07-22,2026-08-04
TASK_04911,Create reports module,UI/UX,Medium,Bob,On Hold,19,0,2026-06-30,2026-07-15
TASK_04912,Deploy application,Frontend,High,Charlie,Completed,19,8,2026-02-24,2026-03-26
TASK_04913,Deploy application,Security,Low,Henry,In Progress,13,1,2026-03-19,2026-04-13
TASK_04914,Configure CI/CD pipeline,Frontend,Medium,Henry,Pending,12,7,2026-04-02,2026-04-14
TASK_04915,Add search functionality,Frontend,Critical,Frank,On Hold,13,6,2026-07-11,2026-07-17
TASK_04916,Update project documentation,Security,Medium,Emma,Completed,8,2,2026-02-21,2026-02-26
TASK_04917,Develop analytics dashboard,Documentation,Critical,Frank,In Progress,4,3,2026-05-27,2026-06-02
TASK_04918,Build admin panel,Testing,Low,Bob,Pending,6,5,2026-05-03,2026-05-10
TASK_04919,Integrate email notifications,Documentation,Medium,Frank,In Progress,15,14,2026-06-16,2026-06-20
TASK_04920,Fix responsive layout,Backend,Critical,Frank,Pending,14,6,2026-02-12,2026-02-17
TASK_04921,Develop analytics dashboard,Database,Critical,Emma,On Hold,19,9,2026-04-29,2026-05-25
TASK_04922,Develop analytics dashboard,Database,High,Alice,On Hold,13,4,2026-05-16,2026-05-28
TASK_04923,Fix responsive layout,Documentation,High,Alice,In Progress,17,2,2026-06-06,2026-06-13
TASK_04924,Add search functionality,Security,Critical,Charlie,On Hold,13,9,2026-02-17,2026-03-19
TASK_04925,Fix responsive layout,Database,Low,Alice,Pending,20,11,2026-06-05,2026-06-18
TASK_04926,Create REST API,Backend,Medium,Frank,In Progress,3,1,2026-05-12,2026-06-02
TASK_04927,Fix login authentication bug,Frontend,Critical,Alice,Pending,1,0,2026-07-07,2026-08-05
TASK_04928,Implement dark mode,Bug,Medium,Grace,In Progress,2,1,2026-05-24,2026-06-13
TASK_04929,Fix responsive layout,Feature,High,Alice,In Progress,2,1,2026-06-17,2026-07-03
TASK_04930,Fix responsive layout,DevOps,Low,Bob,Completed,16,14,2026-03-13,2026-04-07
TASK_04931,Create REST API,Database,High,Henry,Pending,6,0,2026-03-10,2026-03-29
TASK_04932,Integrate email notifications,Database,Critical,Bob,On Hold,10,5,2026-02-25,2026-03-24
TASK_04933,Build admin panel,DevOps,Medium,Bob,Pending,8,4,2026-07-15,2026-07-27
TASK_04934,Design dashboard UI,UI/UX,Low,Emma,Pending,9,8,2026-05-13,2026-06-05
TASK_04935,Fix responsive layout,UI/UX,Critical,Frank,In Progress,9,8,2026-05-20,2026-06-01
TASK_04936,Implement dark mode,UI/UX,Critical,Frank,On Hold,7,6,2026-03-09,2026-03-31
TASK_04937,Improve application performance,Documentation,Critical,Charlie,Completed,2,1,2026-03-31,2026-04-08
TASK_04938,Optimize SQL queries,Backend,High,Alice,Completed,14,5,2026-05-21,2026-05-24
TASK_04939,Write unit tests,Frontend,Critical,Frank,Completed,19,10,2026-03-10,2026-03-15
TASK_04940,Add search functionality,Feature,Medium,Bob,In Progress,3,0,2026-05-19,2026-06-02
TASK_04941,Add search functionality,UI/UX,Medium,Henry,In Progress,6,6,2026-07-26,2026-08-06
TASK_04942,Refactor backend code,Bug,Low,Henry,Pending,1,1,2026-04-18,2026-04-29
TASK_04943,Build admin panel,Database,Low,Frank,On Hold,12,10,2026-02-14,2026-02-23
TASK_04944,Optimize SQL queries,Documentation,Critical,Emma,Completed,1,0,2026-07-03,2026-07-07
TASK_04945,Write unit tests,Backend,Low,Bob,In Progress,1,0,2026-05-20,2026-06-10
TASK_04946,Fix responsive layout,DevOps,Critical,Henry,In Progress,6,1,2026-04-20,2026-04-25
TASK_04947,Fix responsive layout,UI/UX,High,David,On Hold,6,6,2026-02-08,2026-02-10
TASK_04948,Add search functionality,Feature,Critical,Henry,Completed,2,1,2026-03-09,2026-03-26
TASK_04949,Refactor backend code,Frontend,Critical,Charlie,On Hold,20,6,2026-01-31,2026-02-26
TASK_04950,Create reports module,Backend,Low,Charlie,Completed,7,6,2026-03-10,2026-03-17
TASK_04951,Create REST API,Backend,High,David,Pending,16,6,2026-06-06,2026-07-04
TASK_04952,Design dashboard UI,Frontend,High,David,In Progress,12,4,2026-05-22,2026-05-30
TASK_04953,Fix login authentication bug,Backend,Critical,David,Completed,7,0,2026-03-18,2026-04-01
TASK_04954,Create reports module,Security,Low,Bob,Completed,20,16,2026-04-06,2026-04-29
TASK_04955,Optimize SQL queries,Bug,High,Bob,In Progress,14,4,2026-06-20,2026-07-01
TASK_04956,Implement dark mode,Frontend,Medium,Grace,Completed,1,1,2026-06-03,2026-06-25
TASK_04957,Create reports module,Database,Medium,Henry,Completed,13,3,2026-05-04,2026-06-01
TASK_04958,Develop user profile page,Security,High,David,Pending,16,15,2026-05-28,2026-06-25
TASK_04959,Update project documentation,UI/UX,High,Charlie,On Hold,15,7,2026-07-15,2026-07-19
TASK_04960,Write unit tests,Frontend,Low,David,Completed,14,14,2026-05-27,2026-06-05
TASK_04961,Deploy application,Database,Low,Bob,In Progress,5,4,2026-03-05,2026-04-01
TASK_04962,Design dashboard UI,Security,Critical,Alice,Pending,3,3,2026-04-28,2026-05-01
TASK_04963,Develop analytics dashboard,Testing,Medium,Grace,Completed,17,15,2026-05-20,2026-06-03
TASK_04964,Build admin panel,Documentation,Critical,Grace,Pending,9,7,2026-06-15,2026-07-14
TASK_04965,Configure CI/CD pipeline,Documentation,Medium,David,In Progress,12,6,2026-04-03,2026-04-09
TASK_04966,Write unit tests,Documentation,Critical,Frank,On Hold,5,5,2026-03-03,2026-03-31
TASK_04967,Develop user profile page,Testing,Low,Bob,On Hold,10,2,2026-03-28,2026-04-25
TASK_04968,Configure CI/CD pipeline,Documentation,Low,Grace,On Hold,15,2,2026-03-23,2026-04-11
TASK_04969,Design dashboard UI,Bug,Low,Charlie,Pending,8,4,2026-04-27,2026-05-12
TASK_04970,Create reports module,Documentation,Medium,Emma,Pending,19,5,2026-03-29,2026-04-28
TASK_04971,Implement dark mode,Security,High,Henry,On Hold,17,8,2026-04-07,2026-04-15
TASK_04972,Build admin panel,Bug,Critical,David,In Progress,10,6,2026-07-17,2026-07-24
TASK_04973,Fix responsive layout,DevOps,Low,David,Pending,16,14,2026-02-01,2026-02-16
TASK_04974,Refactor backend code,Testing,High,Emma,In Progress,19,7,2026-06-29,2026-07-27
TASK_04975,Improve application performance,UI/UX,Low,Frank,Completed,16,6,2026-04-13,2026-04-19
TASK_04976,Develop analytics dashboard,Testing,Medium,Henry,Pending,9,5,2026-03-01,2026-03-26
TASK_04977,Develop analytics dashboard,Frontend,High,Emma,On Hold,1,0,2026-06-29,2026-07-03
TASK_04978,Develop analytics dashboard,Feature,Medium,Alice,Pending,7,3,2026-04-15,2026-04-24
TASK_04979,Fix responsive layout,Database,Medium,Grace,Completed,20,4,2026-03-18,2026-04-01
TASK_04980,Improve application performance,Database,High,Alice,On Hold,15,10,2026-03-12,2026-04-01
TASK_04981,Integrate email notifications,UI/UX,Low,Frank,On Hold,6,3,2026-05-05,2026-05-30
TASK_04982,Configure CI/CD pipeline,Feature,High,Emma,Completed,11,5,2026-05-19,2026-05-28
TASK_04983,Implement payment gateway,UI/UX,Medium,Alice,On Hold,20,9,2026-02-15,2026-03-16
TASK_04984,Add search functionality,Security,High,Emma,On Hold,13,6,2026-02-13,2026-03-03
TASK_04985,Deploy application,Testing,Low,Grace,On Hold,10,9,2026-02-18,2026-02-23
TASK_04986,Fix login authentication bug,Feature,Low,Grace,Completed,16,3,2026-06-10,2026-07-01
TASK_04987,Create reports module,Bug,High,Henry,Completed,10,7,2026-07-08,2026-07-30
TASK_04988,Create reports module,DevOps,Low,Charlie,On Hold,6,2,2026-04-26,2026-05-13
TASK_04989,Configure CI/CD pipeline,Feature,Critical,Frank,On Hold,14,8,2026-01-30,2026-02-02
TASK_04990,Integrate email notifications,Feature,Low,Emma,Pending,18,10,2026-05-01,2026-05-12
TASK_04991,Add search functionality,DevOps,Critical,Henry,Pending,17,16,2026-05-10,2026-06-05
TASK_04992,Create REST API,Security,Critical,Grace,On Hold,19,2,2026-05-28,2026-06-06
TASK_04993,Implement payment gateway,Feature,High,David,In Progress,9,7,2026-02-20,2026-03-17
TASK_04994,Refactor backend code,Frontend,Medium,Emma,On Hold,19,7,2026-05-17,2026-05-27
TASK_04995,Create reports module,Security,Critical,Emma,In Progress,8,0,2026-02-27,2026-03-14
TASK_04996,Create reports module,Documentation,High,Charlie,Completed,19,2,2026-04-16,2026-05-06
TASK_04997,Fix login authentication bug,Testing,Critical,David,Completed,16,11,2026-07-17,2026-08-07
TASK_04998,Improve application performance,Documentation,Low,Frank,Pending,1,1,2026-06-24,2026-07-17
TASK_04999,Optimize SQL queries,UI/UX,Medium,Emma,Pending,5,5,2026-04-06,2026-04-17
TASK_05000,Design dashboard UI,Documentation,Critical,Alice,Completed,2,1,2026-04-01,2026-04-16
TASK_05001,Deploy application,Documentation,Critical,David,On Hold,5,4,2026-04-15,2026-05-10
TASK_05002,Design dashboard UI,Security,Medium,Henry,In Progress,13,7,2026-02-04,2026-02-19
TASK_05003,Write unit tests,Bug,Medium,Grace,On Hold,8,5,2026-02-21,2026-03-13
TASK_05004,Write unit tests,Bug,Low,Grace,On Hold,20,2,2026-03-03,2026-03-28
TASK_05005,Develop user profile page,Documentation,Medium,Emma,Pending,2,0,2026-06-25,2026-06-27
TASK_05006,Develop analytics dashboard,Feature,Medium,Henry,Completed,6,5,2026-06-25,2026-07-20
TASK_05007,Develop user profile page,Testing,Medium,Alice,In Progress,10,0,2026-04-15,2026-05-07
TASK_05008,Integrate email notifications,Database,Medium,Bob,On Hold,4,0,2026-06-12,2026-06-25
TASK_05009,Fix login authentication bug,Database,Medium,Frank,Pending,3,2,2026-03-14,2026-03-23
TASK_05010,Write unit tests,Frontend,Critical,David,Pending,3,0,2026-05-16,2026-05-23
TASK_05011,Update project documentation,Security,Critical,Frank,On Hold,17,14,2026-02-13,2026-02-26
TASK_05012,Implement payment gateway,Feature,Medium,David,Pending,3,2,2026-05-24,2026-06-07
TASK_05013,Improve application performance,Bug,Low,Emma,Completed,8,3,2026-06-01,2026-06-29
TASK_05014,Build admin panel,Documentation,Critical,Grace,On Hold,10,10,2026-03-18,2026-03-24
TASK_05015,Design dashboard UI,Feature,Medium,Frank,Completed,10,0,2026-06-08,2026-06-16
TASK_05016,Implement chatbot,Testing,Medium,Bob,On Hold,19,1,2026-05-24,2026-06-21
TASK_05017,Optimize SQL queries,Backend,High,Emma,In Progress,16,7,2026-06-21,2026-07-04
TASK_05018,Fix responsive layout,Frontend,Medium,Henry,Pending,2,0,2026-02-03,2026-02-15
TASK_05019,Optimize SQL queries,Feature,High,Frank,In Progress,19,5,2026-02-26,2026-03-20
TASK_05020,Refactor backend code,Testing,Low,Henry,Completed,2,1,2026-06-07,2026-06-10
TASK_05021,Develop user profile page,UI/UX,Critical,Henry,On Hold,17,7,2026-07-19,2026-08-08
TASK_05022,Implement dark mode,Database,Low,Charlie,In Progress,16,0,2026-07-16,2026-08-05
TASK_05023,Deploy application,UI/UX,Medium,Grace,Completed,9,9,2026-05-07,2026-05-10
TASK_05024,Implement chatbot,Backend,Critical,Frank,In Progress,14,14,2026-04-21,2026-05-12
TASK_05025,Add search functionality,Feature,Medium,Charlie,In Progress,8,5,2026-05-08,2026-05-29
TASK_05026,Fix login authentication bug,Frontend,High,David,In Progress,2,2,2026-03-07,2026-03-29
TASK_05027,Configure CI/CD pipeline,Database,Low,Alice,In Progress,18,0,2026-03-02,2026-03-12
TASK_05028,Implement payment gateway,UI/UX,Medium,Frank,Pending,8,7,2026-02-12,2026-03-03
TASK_05029,Configure CI/CD pipeline,Documentation,Medium,Emma,Pending,17,6,2026-03-18,2026-04-06
TASK_05030,Fix responsive layout,Testing,Medium,Grace,In Progress,12,0,2026-02-03,2026-02-09
TASK_05031,Create reports module,Security,Critical,Emma,Pending,4,3,2026-07-11,2026-07-23
TASK_05032,Design dashboard UI,Testing,Critical,Henry,In Progress,19,11,2026-05-27,2026-06-02
TASK_05033,Implement payment gateway,Documentation,High,Frank,On Hold,7,3,2026-02-01,2026-02-09
TASK_05034,Implement payment gateway,Bug,Low,Charlie,Pending,12,11,2026-03-22,2026-04-17
TASK_05035,Implement payment gateway,DevOps,High,Frank,In Progress,10,5,2026-03-08,2026-03-31
TASK_05036,Develop analytics dashboard,UI/UX,Low,Henry,Completed,18,18,2026-01-28,2026-02-08
TASK_05037,Refactor backend code,Backend,Medium,Emma,In Progress,18,6,2026-05-05,2026-05-10
TASK_05038,Develop user profile page,Security,High,Charlie,In Progress,6,2,2026-04-20,2026-05-19
TASK_05039,Refactor backend code,Security,Critical,Henry,On Hold,6,1,2026-05-23,2026-05-27
TASK_05040,Develop analytics dashboard,Bug,Critical,Emma,On Hold,18,14,2026-04-29,2026-05-26
TASK_05041,Update project documentation,Feature,Medium,Charlie,On Hold,18,3,2026-05-25,2026-05-31
TASK_05042,Deploy application,Bug,Medium,Emma,In Progress,20,13,2026-02-07,2026-03-07
TASK_05043,Deploy application,Documentation,High,Bob,Pending,15,5,2026-05-02,2026-05-23
TASK_05044,Fix responsive layout,Bug,Critical,Frank,In Progress,6,4,2026-02-16,2026-02-19
TASK_05045,Integrate email notifications,DevOps,Medium,Bob,Completed,16,0,2026-07-07,2026-07-13
TASK_05046,Fix responsive layout,Feature,Medium,Bob,On Hold,19,6,2026-06-22,2026-06-25
TASK_05047,Fix responsive layout,DevOps,Medium,Grace,On Hold,8,0,2026-04-20,2026-05-04
TASK_05048,Build admin panel,Frontend,Low,Grace,On Hold,4,2,2026-05-01,2026-05-12
TASK_05049,Configure CI/CD pipeline,Feature,Medium,Bob,In Progress,6,0,2026-02-20,2026-03-06
TASK_05050,Optimize SQL queries,Backend,Medium,Alice,On Hold,6,4,2026-03-04,2026-03-30
TASK_05051,Implement chatbot,Documentation,Critical,Grace,On Hold,4,1,2026-04-12,2026-04-30
TASK_05052,Deploy application,Frontend,Medium,Emma,Pending,9,8,2026-03-04,2026-03-29
TASK_05053,Implement dark mode,Database,Critical,Bob,In Progress,13,3,2026-03-29,2026-04-21
TASK_05054,Update project documentation,Bug,Medium,Henry,Completed,5,2,2026-02-07,2026-02-20
TASK_05055,Write unit tests,Backend,Critical,Henry,In Progress,17,6,2026-04-02,2026-04-19
TASK_05056,Implement chatbot,Feature,High,Alice,Pending,3,1,2026-05-01,2026-05-22
TASK_05057,Improve application performance,Frontend,Critical,Emma,On Hold,12,4,2026-07-07,2026-07-22
TASK_05058,Add search functionality,Frontend,Critical,Emma,In Progress,3,1,2026-04-17,2026-04-21
TASK_05059,Create reports module,Backend,High,Emma,In Progress,20,20,2026-05-03,2026-05-24
TASK_05060,Integrate email notifications,Database,High,Henry,Completed,17,10,2026-05-15,2026-05-24
TASK_05061,Build admin panel,Documentation,High,Charlie,Completed,1,0,2026-02-25,2026-03-23
TASK_05062,Design dashboard UI,Security,Low,Bob,In Progress,12,1,2026-05-15,2026-06-07
TASK_05063,Write unit tests,Testing,High,David,Pending,6,4,2026-07-24,2026-07-26
TASK_05064,Create reports module,Backend,High,Bob,On Hold,16,5,2026-02-21,2026-03-03
TASK_05065,Deploy application,Documentation,High,Charlie,On Hold,17,8,2026-04-02,2026-05-01
TASK_05066,Fix login authentication bug,Bug,Low,Emma,Completed,7,2,2026-03-21,2026-03-29
TASK_05067,Fix login authentication bug,Backend,Critical,Grace,In Progress,18,12,2026-07-13,2026-07-19
TASK_05068,Implement dark mode,Database,Critical,Bob,On Hold,4,1,2026-03-09,2026-04-03
TASK_05069,Build admin panel,Backend,Low,Charlie,Pending,1,1,2026-03-28,2026-04-27
TASK_05070,Configure CI/CD pipeline,Bug,High,Bob,In Progress,10,7,2026-02-17,2026-03-13
TASK_05071,Build admin panel,Database,Low,Alice,In Progress,18,9,2026-05-05,2026-05-30
TASK_05072,Refactor backend code,Security,High,David,In Progress,4,2,2026-06-13,2026-06-22
TASK_05073,Optimize SQL queries,DevOps,Low,Alice,Completed,11,11,2026-07-05,2026-07-23
TASK_05074,Refactor backend code,Backend,Critical,Henry,Pending,14,14,2026-06-19,2026-07-16
TASK_05075,Refactor backend code,Bug,Medium,David,Completed,11,9,2026-06-08,2026-06-20
TASK_05076,Implement payment gateway,DevOps,Medium,Frank,In Progress,10,5,2026-03-05,2026-04-02
TASK_05077,Refactor backend code,Feature,Medium,Grace,In Progress,18,17,2026-02-07,2026-02-16
TASK_05078,Refactor backend code,UI/UX,Low,Emma,Pending,8,5,2026-03-06,2026-04-04
TASK_05079,Configure CI/CD pipeline,Feature,Low,Henry,Pending,18,9,2026-02-27,2026-03-25
TASK_05080,Integrate email notifications,Database,Critical,Charlie,Pending,14,11,2026-02-14,2026-02-25
TASK_05081,Develop user profile page,Security,Medium,Henry,Completed,13,1,2026-02-25,2026-03-09
TASK_05082,Fix responsive layout,Documentation,High,Charlie,On Hold,7,7,2026-04-27,2026-05-24
TASK_05083,Build admin panel,Bug,Low,Henry,Pending,8,1,2026-02-01,2026-02-21
TASK_05084,Add search functionality,Documentation,Medium,Frank,Pending,10,2,2026-06-13,2026-07-12
TASK_05085,Deploy application,Database,High,Henry,In Progress,18,17,2026-02-23,2026-03-10
TASK_05086,Develop analytics dashboard,Feature,Critical,Bob,Pending,15,11,2026-02-25,2026-03-21
TASK_05087,Fix login authentication bug,Feature,Low,Bob,On Hold,5,1,2026-06-04,2026-06-21
TASK_05088,Configure CI/CD pipeline,Testing,Low,David,Completed,9,5,2026-07-18,2026-07-25
TASK_05089,Implement chatbot,Feature,Critical,Alice,In Progress,8,0,2026-05-31,2026-06-20
TASK_05090,Implement payment gateway,Frontend,Medium,Bob,Pending,18,1,2026-03-02,2026-03-09
TASK_05091,Fix responsive layout,Database,High,Alice,On Hold,15,3,2026-06-08,2026-07-01
TASK_05092,Update project documentation,Database,Medium,Bob,Pending,15,4,2026-03-16,2026-04-14
TASK_05093,Create reports module,Documentation,Medium,Charlie,Completed,11,11,2026-07-12,2026-07-19
TASK_05094,Implement chatbot,Backend,High,Grace,In Progress,3,1,2026-06-09,2026-06-13
TASK_05095,Create REST API,Documentation,Medium,Frank,Pending,19,6,2026-04-24,2026-05-09
TASK_05096,Develop analytics dashboard,Feature,Critical,Emma,Pending,6,3,2026-05-29,2026-06-09
TASK_05097,Deploy application,Frontend,Low,Bob,Completed,19,8,2026-07-01,2026-07-11
TASK_05098,Create REST API,Security,Low,Alice,Completed,9,4,2026-05-21,2026-06-14
TASK_05099,Develop user profile page,Testing,Low,Charlie,On Hold,16,13,2026-04-07,2026-04-12
TASK_05100,Integrate email notifications,UI/UX,High,Alice,In Progress,17,0,2026-02-19,2026-02-28
TASK_05101,Implement chatbot,Security,Low,Grace,In Progress,2,0,2026-05-29,2026-05-31
TASK_05102,Optimize SQL queries,Testing,Medium,Frank,On Hold,2,2,2026-02-02,2026-02-08
TASK_05103,Fix login authentication bug,Bug,High,Frank,In Progress,5,3,2026-05-12,2026-05-17
TASK_05104,Add search functionality,DevOps,High,David,Pending,16,1,2026-07-01,2026-07-14
TASK_05105,Build admin panel,Backend,Medium,Emma,In Progress,18,12,2026-05-03,2026-06-01
TASK_05106,Build admin panel,Security,Low,Bob,Pending,16,2,2026-02-09,2026-02-16
TASK_05107,Update project documentation,Frontend,Low,Grace,In Progress,18,5,2026-06-08,2026-06-16
TASK_05108,Implement payment gateway,Backend,High,Frank,In Progress,7,7,2026-04-18,2026-05-16
TASK_05109,Develop analytics dashboard,Database,Medium,Emma,In Progress,10,8,2026-03-16,2026-04-11
TASK_05110,Integrate email notifications,Backend,High,Frank,In Progress,16,8,2026-03-12,2026-03-18
TASK_05111,Fix login authentication bug,UI/UX,Medium,Grace,On Hold,7,1,2026-07-20,2026-08-10
TASK_05112,Fix login authentication bug,Security,Low,Henry,On Hold,14,6,2026-03-20,2026-04-05
TASK_05113,Create REST API,Feature,Medium,Emma,On Hold,16,2,2026-01-30,2026-02-02
TASK_05114,Implement dark mode,Testing,Critical,Henry,In Progress,15,9,2026-07-23,2026-08-12
TASK_05115,Design dashboard UI,Testing,Medium,Charlie,In Progress,12,4,2026-04-04,2026-05-02
TASK_05116,Refactor backend code,DevOps,Low,Frank,In Progress,6,1,2026-07-02,2026-07-13
TASK_05117,Write unit tests,Backend,High,Charlie,Pending,19,11,2026-01-29,2026-02-24
TASK_05118,Integrate email notifications,Documentation,Low,Bob,On Hold,6,4,2026-03-17,2026-04-09
TASK_05119,Improve application performance,Documentation,Medium,Alice,Completed,13,1,2026-03-14,2026-04-12
TASK_05120,Fix login authentication bug,Documentation,High,Bob,In Progress,20,20,2026-05-07,2026-05-10
TASK_05121,Configure CI/CD pipeline,Backend,Medium,Charlie,On Hold,11,1,2026-03-17,2026-03-25
TASK_05122,Deploy application,Database,Medium,Bob,On Hold,1,0,2026-03-27,2026-04-08
TASK_05123,Implement chatbot,Database,High,Emma,Pending,18,12,2026-02-08,2026-03-02
TASK_05124,Implement chatbot,Frontend,Low,Emma,Pending,5,0,2026-03-05,2026-03-12
TASK_05125,Build admin panel,Documentation,Medium,Frank,In Progress,4,4,2026-07-06,2026-07-17
TASK_05126,Build admin panel,Frontend,Medium,Alice,On Hold,7,7,2026-07-01,2026-07-24
TASK_05127,Implement chatbot,DevOps,High,Bob,Completed,9,4,2026-04-27,2026-05-14
TASK_05128,Implement chatbot,Security,Low,Henry,Pending,20,10,2026-04-30,2026-05-25
TASK_05129,Design dashboard UI,Testing,Critical,Frank,In Progress,7,2,2026-07-26,2026-08-05
TASK_05130,Refactor backend code,UI/UX,Medium,Charlie,Completed,3,2,2026-04-30,2026-05-25
TASK_05131,Write unit tests,Database,Critical,David,On Hold,10,7,2026-04-27,2026-05-24
TASK_05132,Implement payment gateway,Security,Low,Grace,Completed,18,1,2026-03-28,2026-04-14
TASK_05133,Fix responsive layout,UI/UX,High,Charlie,On Hold,9,0,2026-05-21,2026-05-30
TASK_05134,Refactor backend code,Security,Critical,Charlie,In Progress,17,11,2026-07-10,2026-07-27
TASK_05135,Develop user profile page,Documentation,Low,Charlie,Completed,8,6,2026-02-16,2026-03-16
TASK_05136,Improve application performance,DevOps,Low,Alice,Pending,18,3,2026-07-05,2026-08-01
TASK_05137,Fix responsive layout,Frontend,Medium,Henry,In Progress,2,2,2026-02-10,2026-03-06
TASK_05138,Create REST API,Backend,Low,Charlie,In Progress,1,1,2026-07-17,2026-07-31
TASK_05139,Refactor backend code,Testing,Low,Henry,Completed,4,0,2026-07-22,2026-08-15
TASK_05140,Develop user profile page,Feature,Low,Alice,On Hold,16,5,2026-02-06,2026-02-20
TASK_05141,Update project documentation,DevOps,Critical,Alice,Completed,9,6,2026-04-17,2026-05-09
TASK_05142,Implement dark mode,Frontend,Medium,Frank,On Hold,13,7,2026-07-15,2026-08-04
TASK_05143,Write unit tests,Testing,Medium,Frank,Pending,19,19,2026-04-03,2026-04-18
TASK_05144,Deploy application,Backend,Low,Frank,In Progress,10,0,2026-03-01,2026-03-11
TASK_05145,Add search functionality,Security,Critical,Alice,Completed,12,5,2026-07-04,2026-07-18
TASK_05146,Fix login authentication bug,DevOps,Low,Henry,On Hold,10,1,2026-01-31,2026-03-02
TASK_05147,Create REST API,Documentation,High,Charlie,On Hold,14,1,2026-03-19,2026-04-02
TASK_05148,Add search functionality,Frontend,High,Charlie,Pending,13,11,2026-04-09,2026-04-20
TASK_05149,Write unit tests,Frontend,Low,Frank,Completed,1,0,2026-06-12,2026-06-30
TASK_05150,Write unit tests,Documentation,High,Bob,In Progress,15,8,2026-06-01,2026-06-14
TASK_05151,Develop user profile page,Database,High,Grace,Completed,4,3,2026-07-20,2026-08-15
TASK_05152,Integrate email notifications,Documentation,Medium,Grace,On Hold,4,0,2026-03-18,2026-04-02
TASK_05153,Deploy application,Documentation,Critical,Emma,On Hold,16,11,2026-02-01,2026-02-25
TASK_05154,Deploy application,Bug,Low,Bob,In Progress,10,6,2026-03-18,2026-03-28
TASK_05155,Improve application performance,Bug,High,Charlie,Completed,20,12,2026-02-22,2026-03-08
TASK_05156,Implement dark mode,Frontend,Medium,Emma,Pending,13,6,2026-03-04,2026-03-19
TASK_05157,Fix login authentication bug,UI/UX,High,Frank,Completed,5,3,2026-06-07,2026-06-10
TASK_05158,Implement chatbot,Backend,Medium,Alice,In Progress,1,1,2026-05-02,2026-05-08
TASK_05159,Build admin panel,Database,High,Charlie,On Hold,2,1,2026-06-03,2026-07-03
TASK_05160,Build admin panel,Documentation,Critical,Alice,Completed,14,5,2026-07-03,2026-08-01
TASK_05161,Develop analytics dashboard,Documentation,High,Bob,Completed,10,3,2026-07-15,2026-07-20
TASK_05162,Fix responsive layout,Feature,Medium,Alice,In Progress,12,6,2026-03-19,2026-04-01
TASK_05163,Integrate email notifications,Documentation,High,Charlie,Completed,8,6,2026-05-23,2026-05-26
TASK_05164,Create REST API,Feature,Medium,Henry,On Hold,12,6,2026-03-05,2026-03-09
TASK_05165,Update project documentation,Feature,High,Alice,On Hold,3,0,2026-05-28,2026-05-31
TASK_05166,Integrate email notifications,Database,High,David,In Progress,6,4,2026-04-06,2026-04-27
TASK_05167,Deploy application,Testing,Low,Bob,Pending,20,3,2026-06-30,2026-07-26
TASK_05168,Create reports module,Documentation,Medium,Frank,On Hold,6,0,2026-05-14,2026-06-10
TASK_05169,Implement payment gateway,Feature,Low,Frank,On Hold,16,4,2026-04-01,2026-05-01
TASK_05170,Implement chatbot,UI/UX,Low,Emma,Pending,18,15,2026-02-23,2026-03-05
TASK_05171,Update project documentation,UI/UX,High,Grace,In Progress,2,0,2026-04-22,2026-04-26
TASK_05172,Implement dark mode,Frontend,Low,Emma,In Progress,17,14,2026-06-08,2026-06-15
TASK_05173,Configure CI/CD pipeline,Bug,High,Emma,Pending,16,9,2026-02-14,2026-03-04
TASK_05174,Optimize SQL queries,Bug,Low,Frank,Completed,9,1,2026-02-06,2026-02-15
TASK_05175,Fix login authentication bug,DevOps,Critical,David,On Hold,14,11,2026-02-14,2026-02-24
TASK_05176,Write unit tests,Documentation,Low,Emma,Completed,9,7,2026-05-11,2026-05-21
TASK_05177,Develop analytics dashboard,Feature,High,Frank,Pending,16,2,2026-07-08,2026-08-01
TASK_05178,Create reports module,Bug,Critical,David,Completed,6,1,2026-05-18,2026-06-14
TASK_05179,Develop analytics dashboard,UI/UX,Low,Grace,In Progress,20,6,2026-04-20,2026-04-29
TASK_05180,Configure CI/CD pipeline,Backend,Medium,Henry,In Progress,1,1,2026-01-28,2026-02-08
TASK_05181,Create REST API,Backend,Critical,Charlie,On Hold,8,6,2026-01-30,2026-02-17
TASK_05182,Write unit tests,Security,Low,Frank,On Hold,19,3,2026-05-19,2026-05-31
TASK_05183,Design dashboard UI,Security,Medium,David,On Hold,9,6,2026-02-09,2026-02-28
TASK_05184,Create reports module,Frontend,Medium,Grace,Completed,12,10,2026-05-24,2026-06-03
TASK_05185,Design dashboard UI,Feature,Low,David,Pending,3,0,2026-04-16,2026-05-06
TASK_05186,Integrate email notifications,UI/UX,Low,Bob,Pending,6,5,2026-06-26,2026-07-04
TASK_05187,Improve application performance,Bug,Medium,Charlie,On Hold,1,0,2026-07-15,2026-07-24
TASK_05188,Add search functionality,Database,Medium,David,Completed,1,1,2026-02-09,2026-03-06
TASK_05189,Refactor backend code,DevOps,Critical,Frank,On Hold,17,15,2026-06-10,2026-06-14
TASK_05190,Deploy application,Security,Medium,David,In Progress,4,3,2026-03-29,2026-04-13
TASK_05191,Implement dark mode,Feature,Critical,Emma,On Hold,8,1,2026-03-23,2026-04-04
TASK_05192,Optimize SQL queries,DevOps,High,Emma,In Progress,7,0,2026-03-01,2026-03-07
TASK_05193,Optimize SQL queries,UI/UX,Low,David,In Progress,16,9,2026-05-07,2026-06-02
TASK_05194,Build admin panel,Testing,Low,Frank,Completed,5,4,2026-05-30,2026-06-05
TASK_05195,Fix login authentication bug,Bug,Medium,Emma,In Progress,4,0,2026-06-17,2026-07-04
TASK_05196,Integrate email notifications,UI/UX,Medium,Bob,In Progress,12,10,2026-03-27,2026-04-07
TASK_05197,Create reports module,DevOps,High,Henry,On Hold,15,3,2026-06-30,2026-07-24
TASK_05198,Develop analytics dashboard,Backend,Medium,Frank,Pending,13,1,2026-02-08,2026-03-07
TASK_05199,Refactor backend code,Documentation,Low,Grace,Pending,10,0,2026-05-04,2026-05-12
TASK_05200,Write unit tests,DevOps,Medium,Charlie,Pending,16,15,2026-03-28,2026-04-22
TASK_05201,Add search functionality,Frontend,Critical,Grace,On Hold,12,5,2026-02-11,2026-02-21
TASK_05202,Refactor backend code,Testing,Critical,Emma,On Hold,3,1,2026-05-19,2026-06-08
TASK_05203,Develop user profile page,UI/UX,High,Grace,In Progress,17,9,2026-05-22,2026-06-10
TASK_05204,Deploy application,Backend,High,Bob,On Hold,5,2,2026-05-26,2026-06-23
TASK_05205,Build admin panel,Documentation,High,Emma,Completed,10,6,2026-07-15,2026-08-01
TASK_05206,Fix login authentication bug,Testing,Medium,David,Pending,5,2,2026-01-30,2026-02-22
TASK_05207,Update project documentation,Feature,Low,Emma,Completed,10,10,2026-02-14,2026-03-05
TASK_05208,Implement dark mode,Bug,High,David,Completed,3,2,2026-04-05,2026-04-17
TASK_05209,Fix login authentication bug,Database,Critical,Charlie,Completed,9,4,2026-07-01,2026-07-17
TASK_05210,Build admin panel,UI/UX,Low,Bob,Completed,1,1,2026-07-11,2026-07-21
TASK_05211,Build admin panel,Database,High,Alice,On Hold,3,1,2026-05-27,2026-06-11
TASK_05212,Refactor backend code,DevOps,Critical,Henry,Pending,15,9,2026-04-27,2026-05-16
TASK_05213,Improve application performance,UI/UX,Medium,Emma,Completed,14,14,2026-05-18,2026-05-26
TASK_05214,Create REST API,UI/UX,Low,Emma,On Hold,20,17,2026-07-25,2026-08-22
TASK_05215,Design dashboard UI,Bug,Low,Grace,Pending,13,8,2026-05-14,2026-05-23
TASK_05216,Update project documentation,Frontend,Critical,David,Pending,7,1,2026-06-08,2026-06-20
TASK_05217,Deploy application,Frontend,Medium,Frank,Completed,15,4,2026-07-25,2026-07-29
TASK_05218,Build admin panel,Database,Critical,Bob,On Hold,4,0,2026-04-02,2026-04-25
TASK_05219,Add search functionality,Backend,Low,Henry,In Progress,17,6,2026-03-11,2026-03-17
TASK_05220,Fix responsive layout,Security,High,Alice,Completed,12,11,2026-03-23,2026-04-07
TASK_05221,Integrate email notifications,Security,High,Henry,In Progress,12,1,2026-05-25,2026-06-10
TASK_05222,Optimize SQL queries,Feature,Critical,Charlie,Pending,17,9,2026-02-21,2026-03-17
TASK_05223,Develop analytics dashboard,Backend,Critical,Alice,In Progress,13,11,2026-04-21,2026-05-07
TASK_05224,Design dashboard UI,Bug,Critical,David,Completed,5,3,2026-02-25,2026-02-28
TASK_05225,Update project documentation,Security,Critical,Alice,Completed,12,2,2026-04-03,2026-04-13
TASK_05226,Add search functionality,Security,Critical,David,On Hold,1,1,2026-07-19,2026-08-08
TASK_05227,Fix responsive layout,DevOps,Low,Charlie,Pending,11,10,2026-06-24,2026-07-12
TASK_05228,Implement chatbot,Database,Medium,Alice,On Hold,7,3,2026-03-18,2026-04-14
TASK_05229,Build admin panel,Testing,High,Alice,In Progress,9,1,2026-07-03,2026-07-31
TASK_05230,Improve application performance,Security,Medium,Charlie,On Hold,17,12,2026-05-23,2026-06-01
TASK_05231,Optimize SQL queries,Feature,Critical,Henry,Completed,9,4,2026-06-22,2026-07-02
TASK_05232,Integrate email notifications,Database,Medium,Henry,Completed,1,0,2026-02-15,2026-03-13
TASK_05233,Configure CI/CD pipeline,Bug,High,Bob,Completed,5,1,2026-02-17,2026-02-23
TASK_05234,Refactor backend code,DevOps,Critical,Alice,Pending,20,13,2026-02-04,2026-02-07
TASK_05235,Implement chatbot,Testing,High,Charlie,On Hold,19,18,2026-02-11,2026-03-04
TASK_05236,Implement chatbot,Testing,High,Grace,Completed,19,17,2026-07-04,2026-07-13
TASK_05237,Add search functionality,Frontend,Medium,Emma,Completed,2,0,2026-03-15,2026-04-12
TASK_05238,Design dashboard UI,UI/UX,Low,Emma,On Hold,18,4,2026-06-22,2026-07-01
TASK_05239,Write unit tests,Frontend,Critical,Charlie,On Hold,18,8,2026-02-27,2026-03-29
TASK_05240,Develop analytics dashboard,Backend,Critical,Frank,On Hold,1,0,2026-03-26,2026-04-07
TASK_05241,Implement dark mode,Database,Medium,Emma,Completed,6,6,2026-06-07,2026-06-16
TASK_05242,Add search functionality,Documentation,Low,David,On Hold,14,4,2026-06-12,2026-06-20
TASK_05243,Build admin panel,UI/UX,Critical,Frank,On Hold,9,0,2026-06-02,2026-06-08
TASK_05244,Update project documentation,Bug,Low,Grace,In Progress,12,5,2026-03-14,2026-03-25
TASK_05245,Implement dark mode,DevOps,Low,Bob,Completed,10,0,2026-03-30,2026-04-03
TASK_05246,Deploy application,DevOps,Critical,Bob,Pending,13,8,2026-05-07,2026-05-15
TASK_05247,Update project documentation,Security,Critical,Bob,On Hold,15,7,2026-07-19,2026-08-12
TASK_05248,Implement dark mode,Database,Low,Henry,Completed,3,3,2026-06-04,2026-06-20
TASK_05249,Improve application performance,Frontend,Medium,David,Completed,15,3,2026-04-30,2026-05-12
TASK_05250,Implement chatbot,Backend,Critical,Alice,On Hold,6,2,2026-01-30,2026-03-01
TASK_05251,Optimize SQL queries,Backend,High,Grace,Completed,2,2,2026-03-26,2026-04-05
TASK_05252,Fix responsive layout,DevOps,Low,Henry,Completed,1,0,2026-02-07,2026-02-19
TASK_05253,Implement chatbot,Testing,High,Charlie,On Hold,20,10,2026-02-01,2026-02-12
TASK_05254,Optimize SQL queries,DevOps,High,Charlie,On Hold,4,3,2026-07-17,2026-07-19
TASK_05255,Develop analytics dashboard,Security,High,Charlie,Completed,12,5,2026-05-17,2026-05-21
TASK_05256,Write unit tests,Database,Medium,Frank,Pending,5,0,2026-03-19,2026-03-31
TASK_05257,Optimize SQL queries,Testing,Critical,Grace,On Hold,18,4,2026-03-10,2026-03-13
TASK_05258,Implement dark mode,Database,Critical,Charlie,In Progress,13,5,2026-04-21,2026-05-13
TASK_05259,Optimize SQL queries,Bug,High,Alice,Pending,7,6,2026-06-15,2026-07-14
TASK_05260,Improve application performance,Testing,High,Frank,Pending,10,9,2026-05-06,2026-06-01
TASK_05261,Create reports module,Frontend,High,Frank,Pending,8,3,2026-04-15,2026-05-04
TASK_05262,Improve application performance,Documentation,Medium,Grace,On Hold,20,9,2026-07-11,2026-08-09
TASK_05263,Configure CI/CD pipeline,Bug,Medium,David,Pending,11,7,2026-02-26,2026-03-16
TASK_05264,Fix login authentication bug,UI/UX,High,David,On Hold,10,8,2026-06-28,2026-06-30
TASK_05265,Refactor backend code,Documentation,Critical,Charlie,On Hold,18,18,2026-03-09,2026-03-13
TASK_05266,Develop user profile page,Documentation,High,David,In Progress,20,7,2026-07-06,2026-07-09
TASK_05267,Implement payment gateway,Frontend,High,Charlie,In Progress,5,1,2026-06-05,2026-06-13
TASK_05268,Fix login authentication bug,Documentation,Critical,Henry,Completed,7,3,2026-04-24,2026-05-14
TASK_05269,Fix login authentication bug,UI/UX,High,Charlie,Completed,9,8,2026-05-29,2026-06-01
TASK_05270,Write unit tests,Bug,Critical,Frank,On Hold,1,1,2026-07-19,2026-08-08
TASK_05271,Design dashboard UI,UI/UX,Medium,David,Pending,12,12,2026-07-08,2026-07-24
TASK_05272,Optimize SQL queries,UI/UX,High,Grace,In Progress,18,3,2026-04-08,2026-04-30
TASK_05273,Configure CI/CD pipeline,Testing,Critical,Emma,In Progress,13,3,2026-02-27,2026-03-16
TASK_05274,Implement payment gateway,Database,Low,Alice,In Progress,5,5,2026-05-05,2026-05-18
TASK_05275,Fix responsive layout,Database,Low,Charlie,On Hold,20,19,2026-07-14,2026-07-17
TASK_05276,Refactor backend code,Security,Low,Charlie,Completed,15,7,2026-07-23,2026-08-12
TASK_05277,Optimize SQL queries,Backend,High,Alice,Completed,3,0,2026-02-14,2026-02-20
TASK_05278,Add search functionality,Database,Medium,Alice,In Progress,3,1,2026-03-16,2026-03-24
TASK_05279,Integrate email notifications,Backend,High,David,Completed,15,1,2026-04-06,2026-04-11
TASK_05280,Design dashboard UI,Bug,Low,Alice,In Progress,11,7,2026-05-30,2026-06-22
TASK_05281,Integrate email notifications,Bug,Medium,Alice,Completed,14,9,2026-04-20,2026-04-25
TASK_05282,Fix login authentication bug,Frontend,High,Bob,Completed,20,17,2026-05-29,2026-06-23
TASK_05283,Integrate email notifications,DevOps,Critical,Henry,Completed,15,3,2026-05-25,2026-06-05
TASK_05284,Improve application performance,Frontend,High,Charlie,On Hold,14,12,2026-02-22,2026-03-12
TASK_05285,Design dashboard UI,Feature,Low,Grace,Pending,3,2,2026-05-24,2026-06-11
TASK_05286,Deploy application,Database,Low,Henry,Pending,2,0,2026-04-19,2026-05-19
TASK_05287,Implement chatbot,Feature,Low,David,Pending,18,15,2026-06-17,2026-07-13
TASK_05288,Optimize SQL queries,Feature,Critical,Bob,On Hold,2,1,2026-04-25,2026-05-06
TASK_05289,Fix login authentication bug,Bug,Low,Alice,On Hold,16,16,2026-02-22,2026-03-07
TASK_05290,Add search functionality,Database,High,Alice,On Hold,10,4,2026-02-24,2026-03-20
TASK_05291,Implement dark mode,Security,Low,Charlie,In Progress,8,0,2026-03-22,2026-04-20
TASK_05292,Improve application performance,Feature,Critical,David,In Progress,7,1,2026-06-23,2026-07-15
TASK_05293,Implement payment gateway,Bug,Medium,Grace,Completed,10,6,2026-06-24,2026-07-13
TASK_05294,Design dashboard UI,Documentation,Critical,Bob,In Progress,20,1,2026-03-11,2026-03-20
TASK_05295,Configure CI/CD pipeline,Backend,Low,Charlie,Completed,4,3,2026-07-02,2026-07-15
TASK_05296,Optimize SQL queries,Bug,High,Charlie,Pending,6,5,2026-05-31,2026-06-15
TASK_05297,Create reports module,Bug,Critical,Emma,On Hold,8,6,2026-06-02,2026-06-21
TASK_05298,Fix responsive layout,Bug,High,Frank,Pending,15,13,2026-04-10,2026-04-29
TASK_05299,Deploy application,Database,Medium,David,In Progress,9,0,2026-07-12,2026-07-23
TASK_05300,Write unit tests,Frontend,Medium,Charlie,In Progress,2,2,2026-04-24,2026-05-21
TASK_05301,Implement chatbot,Backend,Low,Frank,On Hold,18,1,2026-03-15,2026-03-30
TASK_05302,Update project documentation,Documentation,High,Charlie,On Hold,6,0,2026-07-08,2026-07-24
TASK_05303,Implement dark mode,Frontend,Medium,David,Completed,18,7,2026-02-03,2026-02-11
TASK_05304,Fix responsive layout,Feature,High,Charlie,Completed,7,1,2026-03-07,2026-03-23
TASK_05305,Fix responsive layout,Backend,High,Bob,Pending,3,0,2026-06-23,2026-06-26
TASK_05306,Write unit tests,Frontend,Critical,Grace,Completed,4,3,2026-03-30,2026-04-11
TASK_05307,Add search functionality,Backend,Low,Frank,On Hold,15,14,2026-05-21,2026-06-12
TASK_05308,Optimize SQL queries,DevOps,Low,Emma,Pending,17,13,2026-03-21,2026-04-06
TASK_05309,Implement payment gateway,Bug,Critical,Grace,Pending,6,0,2026-07-01,2026-07-10
TASK_05310,Fix login authentication bug,Backend,Low,David,Pending,17,6,2026-05-04,2026-05-11
TASK_05311,Create reports module,Security,Medium,Frank,Completed,17,13,2026-05-13,2026-05-31
TASK_05312,Design dashboard UI,Security,High,Charlie,In Progress,14,1,2026-05-09,2026-05-14
TASK_05313,Deploy application,Testing,Low,Emma,Completed,4,0,2026-06-19,2026-07-01
TASK_05314,Configure CI/CD pipeline,UI/UX,Critical,David,Pending,11,2,2026-07-23,2026-08-12
TASK_05315,Design dashboard UI,Security,Medium,Charlie,Completed,12,5,2026-03-17,2026-03-23
TASK_05316,Refactor backend code,Bug,High,Charlie,In Progress,19,16,2026-02-11,2026-03-08
TASK_05317,Fix responsive layout,Feature,High,Emma,On Hold,17,11,2026-05-21,2026-05-26
TASK_05318,Deploy application,DevOps,Medium,Henry,On Hold,4,1,2026-06-09,2026-07-06
TASK_05319,Fix responsive layout,Documentation,Medium,David,In Progress,18,3,2026-05-23,2026-06-11
TASK_05320,Add search functionality,Database,Medium,Emma,On Hold,12,9,2026-03-27,2026-03-30
TASK_05321,Improve application performance,Database,Critical,Charlie,In Progress,7,6,2026-06-26,2026-07-15
TASK_05322,Write unit tests,Frontend,Medium,Emma,Pending,19,2,2026-07-12,2026-08-09
TASK_05323,Update project documentation,Bug,Critical,Frank,In Progress,15,12,2026-05-18,2026-05-31
TASK_05324,Add search functionality,DevOps,Critical,Alice,Completed,17,12,2026-04-03,2026-04-22
TASK_05325,Create reports module,Bug,High,Henry,On Hold,3,1,2026-04-07,2026-05-02
TASK_05326,Fix login authentication bug,DevOps,Low,David,Pending,3,3,2026-04-17,2026-05-02
TASK_05327,Implement payment gateway,UI/UX,Low,Emma,On Hold,2,1,2026-02-24,2026-03-01
TASK_05328,Fix responsive layout,Bug,Low,Charlie,In Progress,9,7,2026-07-18,2026-07-20
TASK_05329,Update project documentation,Frontend,Critical,Frank,Pending,15,11,2026-06-27,2026-07-19
TASK_05330,Develop user profile page,Security,Medium,Henry,In Progress,19,14,2026-06-11,2026-07-08
TASK_05331,Create reports module,Security,Low,Henry,On Hold,11,2,2026-06-15,2026-07-07
TASK_05332,Develop analytics dashboard,Documentation,High,Bob,Completed,5,2,2026-03-07,2026-04-03
TASK_05333,Develop analytics dashboard,Database,High,Alice,Pending,9,5,2026-01-28,2026-02-07
TASK_05334,Configure CI/CD pipeline,Documentation,Low,Frank,On Hold,7,5,2026-06-19,2026-07-15
TASK_05335,Create REST API,Database,High,David,In Progress,7,1,2026-02-08,2026-02-26
TASK_05336,Configure CI/CD pipeline,UI/UX,High,Alice,On Hold,2,0,2026-06-02,2026-06-21
TASK_05337,Optimize SQL queries,Backend,High,David,On Hold,4,3,2026-02-04,2026-02-21
TASK_05338,Create reports module,Feature,Medium,Grace,Pending,16,16,2026-03-22,2026-03-31
TASK_05339,Fix responsive layout,Feature,Critical,David,In Progress,16,5,2026-06-13,2026-07-09
TASK_05340,Create REST API,Feature,Low,Alice,Pending,17,14,2026-04-11,2026-04-17
TASK_05341,Create REST API,Frontend,Low,Alice,Completed,10,9,2026-05-31,2026-06-15
TASK_05342,Integrate email notifications,Backend,Medium,Bob,Pending,7,5,2026-03-07,2026-03-24
TASK_05343,Refactor backend code,UI/UX,Medium,Charlie,Pending,11,4,2026-05-11,2026-05-22
TASK_05344,Develop analytics dashboard,Security,Medium,Emma,Completed,10,3,2026-02-18,2026-02-24
TASK_05345,Write unit tests,Frontend,High,Charlie,In Progress,4,0,2026-07-22,2026-08-10
TASK_05346,Build admin panel,Feature,High,Charlie,Pending,17,1,2026-06-23,2026-07-05
TASK_05347,Implement payment gateway,Documentation,High,Henry,Pending,3,2,2026-05-16,2026-05-31
TASK_05348,Develop analytics dashboard,Frontend,High,Charlie,Completed,20,5,2026-06-27,2026-07-04
TASK_05349,Build admin panel,Database,Medium,Alice,On Hold,6,1,2026-03-29,2026-04-07
TASK_05350,Deploy application,Documentation,High,Bob,In Progress,3,1,2026-06-19,2026-06-27
TASK_05351,Configure CI/CD pipeline,Database,High,Alice,Pending,11,2,2026-03-30,2026-04-12
TASK_05352,Add search functionality,Feature,Critical,Alice,Pending,19,14,2026-03-31,2026-04-17
TASK_05353,Optimize SQL queries,Security,Critical,Charlie,On Hold,1,1,2026-07-18,2026-08-17
TASK_05354,Deploy application,Backend,Medium,Emma,In Progress,1,1,2026-04-18,2026-05-15
TASK_05355,Implement chatbot,Documentation,Critical,David,In Progress,15,6,2026-03-24,2026-04-23
TASK_05356,Configure CI/CD pipeline,UI/UX,High,David,Pending,9,8,2026-02-20,2026-02-22
TASK_05357,Build admin panel,DevOps,Critical,Charlie,In Progress,5,3,2026-06-28,2026-07-26
TASK_05358,Develop user profile page,Feature,Medium,Alice,In Progress,14,3,2026-03-05,2026-04-03
TASK_05359,Fix responsive layout,UI/UX,Critical,Bob,Completed,5,5,2026-03-14,2026-04-01
TASK_05360,Design dashboard UI,Bug,Medium,Emma,On Hold,6,3,2026-06-07,2026-07-06
TASK_05361,Add search functionality,DevOps,Medium,Bob,Completed,12,10,2026-06-22,2026-06-28
TASK_05362,Create reports module,Security,Low,Emma,Pending,19,18,2026-03-04,2026-03-14
TASK_05363,Add search functionality,Documentation,Medium,Grace,Completed,16,8,2026-03-29,2026-04-12
TASK_05364,Develop analytics dashboard,Frontend,High,Frank,In Progress,5,4,2026-04-22,2026-05-15
TASK_05365,Implement payment gateway,Security,Low,Henry,In Progress,10,3,2026-03-15,2026-04-13
TASK_05366,Add search functionality,UI/UX,Medium,Alice,In Progress,11,5,2026-05-30,2026-06-18
TASK_05367,Fix login authentication bug,Documentation,Medium,Charlie,Completed,10,7,2026-06-22,2026-07-12
TASK_05368,Implement dark mode,Testing,Critical,Charlie,Completed,4,3,2026-04-19,2026-05-10
TASK_05369,Develop analytics dashboard,Feature,Critical,Alice,On Hold,8,5,2026-07-17,2026-08-05
TASK_05370,Optimize SQL queries,Database,Critical,Bob,Completed,12,12,2026-02-01,2026-02-28
TASK_05371,Implement payment gateway,Frontend,Medium,Grace,Pending,1,1,2026-03-12,2026-03-18
TASK_05372,Implement dark mode,UI/UX,High,Emma,Completed,3,2,2026-02-11,2026-02-18
TASK_05373,Implement payment gateway,Testing,High,Bob,Pending,17,7,2026-06-13,2026-06-29
TASK_05374,Implement payment gateway,DevOps,Medium,Bob,Completed,10,8,2026-05-05,2026-05-17
TASK_05375,Implement payment gateway,UI/UX,Medium,Grace,Completed,17,7,2026-03-11,2026-04-10
TASK_05376,Create REST API,Backend,Medium,David,In Progress,10,5,2026-02-19,2026-02-28
TASK_05377,Create REST API,Documentation,Medium,Bob,In Progress,10,7,2026-06-16,2026-07-03
TASK_05378,Fix responsive layout,Testing,Medium,Emma,On Hold,5,0,2026-07-14,2026-07-23
TASK_05379,Fix responsive layout,Feature,Critical,Bob,In Progress,8,0,2026-05-19,2026-05-21
TASK_05380,Implement payment gateway,Documentation,High,David,In Progress,19,0,2026-02-01,2026-02-20
TASK_05381,Write unit tests,UI/UX,Low,Alice,On Hold,13,9,2026-06-08,2026-06-22
TASK_05382,Integrate email notifications,Database,Critical,Bob,On Hold,6,3,2026-05-17,2026-06-12
TASK_05383,Write unit tests,Bug,High,Bob,Completed,19,1,2026-06-07,2026-06-29
TASK_05384,Create reports module,Documentation,High,Grace,Pending,6,6,2026-06-04,2026-07-01
TASK_05385,Create reports module,DevOps,Medium,David,In Progress,6,6,2026-07-10,2026-07-13
TASK_05386,Improve application performance,Documentation,High,David,On Hold,2,0,2026-04-24,2026-04-29
TASK_05387,Create reports module,Database,High,Bob,Completed,15,0,2026-03-31,2026-04-11
TASK_05388,Fix responsive layout,Feature,Medium,Alice,In Progress,19,1,2026-04-04,2026-04-24
TASK_05389,Develop analytics dashboard,DevOps,Medium,Bob,Completed,18,6,2026-05-25,2026-06-06
TASK_05390,Design dashboard UI,UI/UX,Low,Grace,On Hold,19,3,2026-03-02,2026-03-05
TASK_05391,Design dashboard UI,Bug,High,Frank,In Progress,17,0,2026-02-17,2026-03-10
TASK_05392,Optimize SQL queries,UI/UX,High,Grace,On Hold,15,4,2026-06-12,2026-07-06
TASK_05393,Refactor backend code,Bug,Low,Alice,Completed,2,0,2026-05-17,2026-05-27
TASK_05394,Create reports module,Documentation,Medium,Emma,In Progress,7,7,2026-05-01,2026-05-25
TASK_05395,Deploy application,Frontend,High,Bob,Completed,16,4,2026-05-21,2026-06-02
TASK_05396,Refactor backend code,Feature,Critical,Alice,On Hold,4,1,2026-02-06,2026-03-04
TASK_05397,Build admin panel,DevOps,Medium,Emma,On Hold,4,0,2026-07-06,2026-07-18
TASK_05398,Implement chatbot,Frontend,Low,Henry,Pending,18,16,2026-02-10,2026-03-06
TASK_05399,Implement payment gateway,Security,Critical,Grace,Completed,10,5,2026-05-06,2026-05-13
TASK_05400,Implement chatbot,UI/UX,Critical,Bob,In Progress,15,1,2026-06-17,2026-06-23
TASK_05401,Implement dark mode,UI/UX,Low,Emma,Completed,19,13,2026-04-20,2026-05-08
TASK_05402,Deploy application,Backend,Medium,Emma,On Hold,6,4,2026-05-07,2026-05-28
TASK_05403,Deploy application,Security,Low,David,In Progress,7,4,2026-07-25,2026-07-29
TASK_05404,Build admin panel,Backend,High,Frank,Completed,18,0,2026-04-26,2026-05-12
TASK_05405,Write unit tests,Bug,Critical,Frank,Pending,2,0,2026-05-17,2026-06-12
TASK_05406,Write unit tests,Testing,High,Henry,Pending,11,5,2026-02-23,2026-02-25
TASK_05407,Improve application performance,Database,High,David,In Progress,14,0,2026-07-12,2026-07-30
TASK_05408,Create reports module,Backend,Low,Charlie,Completed,7,1,2026-05-22,2026-05-30
TASK_05409,Update project documentation,Feature,Medium,Henry,Pending,10,8,2026-05-01,2026-05-08
TASK_05410,Develop user profile page,DevOps,High,Grace,On Hold,16,12,2026-05-01,2026-05-08
TASK_05411,Integrate email notifications,UI/UX,Medium,Henry,Completed,4,1,2026-02-09,2026-03-01
TASK_05412,Implement chatbot,Security,High,Alice,In Progress,7,6,2026-03-24,2026-04-14
TASK_05413,Deploy application,Frontend,High,Alice,Completed,12,9,2026-05-19,2026-06-17
TASK_05414,Develop user profile page,Frontend,Low,Emma,Completed,6,6,2026-05-07,2026-05-23
TASK_05415,Integrate email notifications,Bug,High,Frank,Completed,17,1,2026-04-21,2026-05-12
TASK_05416,Create reports module,Bug,Critical,Charlie,In Progress,3,3,2026-05-30,2026-06-14
TASK_05417,Optimize SQL queries,Feature,Low,Bob,On Hold,19,4,2026-02-01,2026-02-05
TASK_05418,Fix login authentication bug,Security,Low,Frank,On Hold,9,4,2026-05-21,2026-06-08
TASK_05419,Build admin panel,Security,Critical,David,On Hold,1,1,2026-07-20,2026-08-03
TASK_05420,Deploy application,Feature,Medium,Alice,In Progress,6,1,2026-05-23,2026-06-10
TASK_05421,Configure CI/CD pipeline,Database,Low,Alice,Pending,14,5,2026-02-22,2026-03-22
TASK_05422,Refactor backend code,UI/UX,Low,Henry,In Progress,18,1,2026-06-16,2026-06-24
TASK_05423,Develop user profile page,Frontend,High,David,In Progress,2,0,2026-02-03,2026-03-05
TASK_05424,Develop analytics dashboard,Security,High,Emma,In Progress,11,10,2026-05-25,2026-06-11
TASK_05425,Integrate email notifications,Backend,High,Frank,On Hold,5,2,2026-02-23,2026-03-18
TASK_05426,Develop analytics dashboard,Backend,Medium,David,Completed,20,18,2026-02-06,2026-03-02
TASK_05427,Refactor backend code,Documentation,High,Grace,Completed,2,2,2026-06-17,2026-06-27
TASK_05428,Integrate email notifications,Documentation,High,Grace,Completed,14,6,2026-03-09,2026-03-29
TASK_05429,Deploy application,Frontend,High,Frank,Pending,18,13,2026-03-07,2026-03-14
TASK_05430,Optimize SQL queries,Security,Low,Alice,Completed,3,3,2026-05-22,2026-06-03
TASK_05431,Create REST API,Backend,Medium,David,Completed,9,2,2026-04-24,2026-04-26
TASK_05432,Build admin panel,Backend,Medium,Henry,On Hold,10,10,2026-02-14,2026-03-15
TASK_05433,Implement payment gateway,Feature,Medium,Grace,Pending,18,8,2026-05-11,2026-05-19
TASK_05434,Implement payment gateway,Bug,Medium,Charlie,Completed,20,17,2026-06-13,2026-06-17
TASK_05435,Develop user profile page,Database,Critical,Frank,Completed,13,10,2026-06-02,2026-06-14
TASK_05436,Create REST API,UI/UX,High,Henry,In Progress,2,2,2026-03-24,2026-04-22
TASK_05437,Deploy application,Security,Low,Alice,On Hold,6,2,2026-05-30,2026-06-12
TASK_05438,Develop user profile page,Testing,High,Frank,In Progress,11,0,2026-05-29,2026-06-19
TASK_05439,Implement chatbot,Backend,Medium,Bob,Completed,16,14,2026-05-18,2026-05-29
TASK_05440,Implement chatbot,Frontend,Medium,Alice,Pending,10,6,2026-05-22,2026-05-29
TASK_05441,Configure CI/CD pipeline,Testing,Medium,Bob,On Hold,11,0,2026-02-19,2026-02-23
TASK_05442,Optimize SQL queries,Bug,Low,Grace,Completed,2,0,2026-03-16,2026-04-11
TASK_05443,Create REST API,Security,Critical,Frank,Pending,16,10,2026-02-24,2026-03-13
TASK_05444,Deploy application,Backend,Medium,Grace,On Hold,15,13,2026-04-10,2026-05-10
TASK_05445,Configure CI/CD pipeline,Database,Critical,Alice,Pending,15,13,2026-02-27,2026-03-06
TASK_05446,Add search functionality,UI/UX,Medium,Bob,Pending,3,1,2026-05-08,2026-06-01
TASK_05447,Refactor backend code,Feature,Critical,Frank,On Hold,2,0,2026-04-15,2026-05-03
TASK_05448,Improve application performance,UI/UX,Critical,Grace,In Progress,3,3,2026-04-27,2026-04-29
TASK_05449,Implement chatbot,Documentation,High,Charlie,Pending,7,7,2026-07-04,2026-08-01
TASK_05450,Write unit tests,DevOps,Medium,Charlie,Pending,3,0,2026-02-10,2026-03-11
TASK_05451,Create REST API,Frontend,Medium,Henry,In Progress,14,2,2026-02-20,2026-03-07
TASK_05452,Fix responsive layout,UI/UX,High,David,Completed,12,1,2026-06-13,2026-07-01
TASK_05453,Optimize SQL queries,Testing,High,David,Completed,15,14,2026-04-30,2026-05-11
TASK_05454,Configure CI/CD pipeline,Backend,Low,Charlie,Completed,14,8,2026-02-22,2026-03-22
TASK_05455,Deploy application,Database,High,Henry,On Hold,10,10,2026-06-11,2026-07-02
TASK_05456,Fix login authentication bug,Backend,Low,Henry,On Hold,5,5,2026-03-07,2026-03-28
TASK_05457,Implement chatbot,Security,Medium,Bob,On Hold,9,7,2026-07-02,2026-07-17
TASK_05458,Develop analytics dashboard,Security,Low,Bob,Pending,16,14,2026-03-16,2026-03-23
TASK_05459,Deploy application,Testing,Low,Emma,On Hold,1,0,2026-05-03,2026-05-20
TASK_05460,Implement chatbot,Feature,Critical,Bob,Pending,11,10,2026-04-30,2026-05-02
TASK_05461,Write unit tests,Backend,Low,Alice,Completed,11,8,2026-07-23,2026-08-18
TASK_05462,Implement dark mode,Feature,Critical,Charlie,In Progress,19,2,2026-04-26,2026-05-20
TASK_05463,Add search functionality,Bug,Low,Grace,Pending,8,4,2026-05-14,2026-05-16
TASK_05464,Add search functionality,Feature,Medium,Charlie,On Hold,2,1,2026-04-17,2026-05-08
TASK_05465,Refactor backend code,Backend,Low,Henry,In Progress,5,1,2026-05-19,2026-06-10
TASK_05466,Configure CI/CD pipeline,Feature,Medium,Frank,Pending,19,13,2026-06-19,2026-07-01
TASK_05467,Design dashboard UI,Backend,Medium,Frank,On Hold,20,9,2026-02-03,2026-02-09
TASK_05468,Configure CI/CD pipeline,DevOps,Low,Henry,On Hold,14,14,2026-06-17,2026-07-05
TASK_05469,Create REST API,Documentation,Low,Frank,In Progress,1,1,2026-03-25,2026-04-22
TASK_05470,Optimize SQL queries,Feature,Low,Emma,Pending,14,1,2026-06-10,2026-06-22
TASK_05471,Develop analytics dashboard,Testing,Medium,Alice,In Progress,15,14,2026-02-06,2026-02-19
TASK_05472,Write unit tests,Documentation,High,Charlie,Pending,11,10,2026-04-30,2026-05-25
TASK_05473,Create reports module,Bug,Critical,Frank,Completed,5,0,2026-04-26,2026-05-19
TASK_05474,Design dashboard UI,Database,Medium,Bob,In Progress,16,4,2026-06-24,2026-07-04
TASK_05475,Create REST API,Testing,Medium,Grace,Completed,14,8,2026-06-18,2026-07-13
TASK_05476,Implement payment gateway,Database,Critical,Emma,In Progress,5,4,2026-01-31,2026-02-06
TASK_05477,Build admin panel,Testing,Critical,Bob,On Hold,7,3,2026-03-16,2026-04-05
TASK_05478,Implement chatbot,Frontend,Low,Henry,Pending,17,1,2026-07-07,2026-08-06
TASK_05479,Implement payment gateway,Feature,High,Bob,Pending,15,2,2026-06-05,2026-06-12
TASK_05480,Build admin panel,Testing,Low,Alice,In Progress,1,0,2026-03-29,2026-04-20
TASK_05481,Implement dark mode,Backend,High,Alice,In Progress,10,6,2026-03-10,2026-03-25
TASK_05482,Improve application performance,Security,Medium,Grace,Completed,14,10,2026-02-11,2026-02-26
TASK_05483,Fix login authentication bug,Database,Low,Frank,Completed,12,4,2026-04-18,2026-05-04
TASK_05484,Implement payment gateway,Feature,Critical,Charlie,Completed,14,7,2026-06-09,2026-06-13
TASK_05485,Implement chatbot,Documentation,Low,David,On Hold,13,11,2026-04-22,2026-04-27
TASK_05486,Integrate email notifications,DevOps,Low,Emma,In Progress,7,7,2026-02-06,2026-03-06
TASK_05487,Create reports module,Database,Critical,Charlie,In Progress,18,11,2026-03-18,2026-04-07
TASK_05488,Implement chatbot,UI/UX,Low,Alice,In Progress,15,0,2026-05-11,2026-05-22
TASK_05489,Integrate email notifications,Backend,Medium,Bob,Completed,11,4,2026-05-04,2026-06-03
TASK_05490,Update project documentation,Bug,Critical,Henry,In Progress,17,2,2026-07-23,2026-08-12
TASK_05491,Implement payment gateway,Database,Low,Bob,In Progress,11,9,2026-03-02,2026-03-16
TASK_05492,Implement payment gateway,DevOps,Critical,David,In Progress,14,12,2026-04-11,2026-04-16
TASK_05493,Configure CI/CD pipeline,Testing,Critical,Henry,Pending,16,13,2026-05-15,2026-05-24
TASK_05494,Create reports module,Documentation,Critical,Alice,Completed,18,18,2026-04-26,2026-05-09
TASK_05495,Implement dark mode,Documentation,Medium,David,Pending,13,7,2026-05-09,2026-05-25
TASK_05496,Update project documentation,Backend,Low,Henry,Pending,19,1,2026-04-17,2026-05-08
TASK_05497,Deploy application,Frontend,Critical,Henry,In Progress,9,6,2026-03-06,2026-03-14
TASK_05498,Build admin panel,Testing,Critical,Bob,Pending,16,11,2026-06-09,2026-06-29
TASK_05499,Develop user profile page,UI/UX,Medium,Grace,Completed,2,2,2026-06-25,2026-07-15
TASK_05500,Update project documentation,Frontend,Medium,Grace,Pending,15,9,2026-06-10,2026-06-12
TASK_05501,Fix login authentication bug,DevOps,Critical,David,Pending,13,1,2026-06-02,2026-06-16
TASK_05502,Refactor backend code,Backend,Medium,Grace,In Progress,3,1,2026-04-02,2026-04-26
TASK_05503,Write unit tests,Testing,Low,Grace,On Hold,11,4,2026-05-14,2026-05-30
TASK_05504,Implement payment gateway,Database,High,David,Pending,17,1,2026-02-21,2026-03-16
TASK_05505,Implement chatbot,Bug,Low,Henry,In Progress,11,5,2026-04-16,2026-04-24
TASK_05506,Develop user profile page,Documentation,Medium,David,Completed,9,3,2026-02-20,2026-03-01
TASK_05507,Design dashboard UI,Frontend,High,Alice,In Progress,3,2,2026-03-30,2026-04-01
TASK_05508,Update project documentation,Testing,Critical,David,In Progress,16,12,2026-03-22,2026-04-17
TASK_05509,Update project documentation,DevOps,Low,Charlie,In Progress,15,13,2026-06-14,2026-07-07
TASK_05510,Fix login authentication bug,UI/UX,Low,David,In Progress,18,16,2026-07-23,2026-08-22
TASK_05511,Integrate email notifications,Frontend,Critical,Grace,Completed,4,1,2026-06-14,2026-06-24
TASK_05512,Integrate email notifications,Feature,Critical,Charlie,Completed,19,1,2026-04-16,2026-05-03
TASK_05513,Build admin panel,Backend,Low,Frank,On Hold,15,2,2026-02-13,2026-02-16
TASK_05514,Build admin panel,Testing,Medium,Emma,On Hold,9,5,2026-04-07,2026-04-14
TASK_05515,Optimize SQL queries,Documentation,Low,Henry,Pending,17,9,2026-03-07,2026-03-18
TASK_05516,Develop analytics dashboard,DevOps,Low,Bob,On Hold,4,3,2026-04-13,2026-04-23
TASK_05517,Fix responsive layout,DevOps,Medium,Grace,On Hold,4,2,2026-07-03,2026-07-25
TASK_05518,Fix responsive layout,Backend,Low,Charlie,Pending,18,11,2026-04-24,2026-05-04
TASK_05519,Configure CI/CD pipeline,Database,High,Grace,Completed,19,8,2026-06-19,2026-07-13
TASK_05520,Integrate email notifications,Feature,Low,Grace,In Progress,8,6,2026-03-09,2026-04-08
TASK_05521,Refactor backend code,DevOps,High,Alice,In Progress,1,0,2026-06-11,2026-06-19
TASK_05522,Create reports module,Feature,High,Frank,In Progress,10,5,2026-07-17,2026-08-04
TASK_05523,Develop analytics dashboard,DevOps,Medium,Charlie,Pending,16,16,2026-04-06,2026-04-19
TASK_05524,Improve application performance,Testing,Medium,Charlie,Completed,8,5,2026-02-19,2026-03-04
TASK_05525,Develop user profile page,Documentation,Medium,David,Pending,6,1,2026-03-10,2026-04-05
TASK_05526,Update project documentation,Backend,Medium,Charlie,Completed,7,6,2026-04-26,2026-05-08
TASK_05527,Improve application performance,Testing,Medium,Emma,On Hold,10,1,2026-06-13,2026-07-12
TASK_05528,Add search functionality,Backend,Medium,Charlie,Pending,19,12,2026-05-27,2026-06-03
TASK_05529,Deploy application,Bug,Medium,Charlie,On Hold,11,1,2026-03-29,2026-04-23
TASK_05530,Improve application performance,Security,Critical,Henry,Pending,17,13,2026-03-15,2026-03-25
TASK_05531,Create reports module,Security,Critical,Charlie,Completed,15,12,2026-03-02,2026-03-25
TASK_05532,Configure CI/CD pipeline,Testing,Medium,Bob,On Hold,3,3,2026-05-23,2026-06-17
TASK_05533,Add search functionality,UI/UX,High,Grace,Completed,7,4,2026-03-05,2026-03-20
TASK_05534,Optimize SQL queries,Bug,Critical,Grace,In Progress,9,4,2026-07-24,2026-08-12
TASK_05535,Optimize SQL queries,Feature,Medium,Frank,On Hold,15,5,2026-02-08,2026-02-19
TASK_05536,Develop analytics dashboard,Security,High,David,Pending,15,9,2026-02-17,2026-02-27
TASK_05537,Update project documentation,Backend,Medium,Emma,In Progress,10,4,2026-06-06,2026-06-10
TASK_05538,Develop analytics dashboard,Documentation,Low,David,In Progress,13,7,2026-06-16,2026-07-01
TASK_05539,Implement chatbot,Security,Critical,Henry,Completed,6,3,2026-06-21,2026-07-14
TASK_05540,Fix login authentication bug,Security,Critical,Frank,On Hold,20,0,2026-07-18,2026-07-30
TASK_05541,Implement payment gateway,Security,Low,Henry,Pending,17,13,2026-06-23,2026-06-29
TASK_05542,Implement dark mode,DevOps,Low,David,Completed,2,1,2026-02-07,2026-03-02
TASK_05543,Integrate email notifications,Testing,Critical,Henry,Completed,17,14,2026-02-01,2026-02-14
TASK_05544,Optimize SQL queries,UI/UX,High,Charlie,Completed,10,7,2026-04-05,2026-04-17
TASK_05545,Fix responsive layout,UI/UX,Medium,Henry,Pending,15,1,2026-04-16,2026-05-01
TASK_05546,Fix login authentication bug,Testing,Critical,David,On Hold,4,3,2026-05-24,2026-06-13
TASK_05547,Add search functionality,Bug,Low,Emma,In Progress,4,0,2026-04-30,2026-05-19
TASK_05548,Create reports module,Backend,Critical,Frank,Pending,2,0,2026-07-16,2026-07-19
TASK_05549,Deploy application,Documentation,High,David,Completed,20,9,2026-04-10,2026-05-10
TASK_05550,Integrate email notifications,DevOps,Critical,Henry,On Hold,15,4,2026-01-31,2026-02-04
TASK_05551,Deploy application,Bug,Medium,David,In Progress,6,0,2026-07-18,2026-08-15
TASK_05552,Configure CI/CD pipeline,Testing,Critical,Charlie,In Progress,8,6,2026-03-31,2026-04-18
TASK_05553,Optimize SQL queries,Documentation,Low,Emma,Pending,8,3,2026-01-29,2026-02-13
TASK_05554,Refactor backend code,Database,Medium,Alice,In Progress,1,1,2026-05-14,2026-05-29
TASK_05555,Integrate email notifications,UI/UX,Low,Frank,In Progress,20,3,2026-04-27,2026-05-18
TASK_05556,Write unit tests,Backend,Low,Alice,Pending,9,5,2026-04-01,2026-04-16
TASK_05557,Build admin panel,Security,Low,Charlie,On Hold,19,8,2026-02-03,2026-03-01
TASK_05558,Update project documentation,Bug,High,Alice,In Progress,6,0,2026-06-17,2026-06-22
TASK_05559,Optimize SQL queries,Backend,Critical,Alice,Completed,14,5,2026-02-28,2026-03-06
TASK_05560,Implement dark mode,Database,Low,Frank,In Progress,5,0,2026-04-23,2026-05-14
TASK_05561,Deploy application,UI/UX,Medium,Charlie,Completed,6,4,2026-07-04,2026-07-16
TASK_05562,Implement chatbot,UI/UX,Low,Grace,On Hold,20,6,2026-05-10,2026-05-12
TASK_05563,Deploy application,Testing,Low,Bob,Completed,13,5,2026-06-21,2026-06-23
TASK_05564,Fix login authentication bug,DevOps,Medium,Bob,Completed,5,3,2026-02-11,2026-03-04
TASK_05565,Update project documentation,Frontend,High,Alice,Completed,16,13,2026-07-22,2026-08-11
TASK_05566,Update project documentation,Security,Low,Charlie,In Progress,5,4,2026-02-05,2026-02-08
TASK_05567,Write unit tests,Backend,Critical,Grace,On Hold,9,9,2026-02-01,2026-02-18
TASK_05568,Implement chatbot,Bug,High,David,Pending,11,5,2026-06-20,2026-07-16
TASK_05569,Create REST API,Frontend,Medium,David,Pending,11,5,2026-03-31,2026-04-08
TASK_05570,Write unit tests,Database,High,Grace,Completed,5,2,2026-02-12,2026-02-19
TASK_05571,Develop analytics dashboard,Feature,Low,Emma,Pending,9,7,2026-07-26,2026-08-01
TASK_05572,Develop analytics dashboard,Backend,Medium,Henry,Completed,19,8,2026-04-29,2026-05-23
TASK_05573,Develop user profile page,Security,High,Emma,Completed,5,3,2026-01-30,2026-02-21
TASK_05574,Improve application performance,UI/UX,High,Charlie,In Progress,15,15,2026-02-15,2026-03-09
TASK_05575,Build admin panel,Backend,Critical,Henry,Pending,9,9,2026-07-15,2026-07-18
TASK_05576,Create REST API,Database,High,Alice,Pending,4,3,2026-07-07,2026-07-20
TASK_05577,Refactor backend code,Bug,Critical,Grace,Pending,18,13,2026-03-09,2026-03-14
TASK_05578,Fix login authentication bug,Database,High,Henry,Pending,2,2,2026-07-03,2026-07-14
TASK_05579,Implement dark mode,Bug,Low,David,Completed,7,1,2026-06-27,2026-07-20
TASK_05580,Write unit tests,Bug,Critical,Henry,In Progress,9,0,2026-07-23,2026-07-28
TASK_05581,Update project documentation,UI/UX,Low,Alice,In Progress,10,4,2026-03-06,2026-03-18
TASK_05582,Fix login authentication bug,Bug,High,Grace,Completed,19,6,2026-01-29,2026-02-12
TASK_05583,Build admin panel,Security,Critical,Bob,In Progress,15,8,2026-04-02,2026-04-09
TASK_05584,Fix responsive layout,Documentation,Medium,Charlie,Pending,7,7,2026-04-26,2026-05-16
TASK_05585,Write unit tests,Documentation,Critical,Bob,In Progress,8,2,2026-05-31,2026-06-03
TASK_05586,Build admin panel,DevOps,Low,Emma,Completed,6,3,2026-04-25,2026-05-11
TASK_05587,Update project documentation,Backend,Medium,Henry,Completed,18,16,2026-03-22,2026-04-17
TASK_05588,Create REST API,UI/UX,Low,Alice,Completed,15,4,2026-02-05,2026-02-10
TASK_05589,Implement chatbot,Documentation,High,Henry,On Hold,5,3,2026-06-06,2026-06-29
TASK_05590,Create reports module,Backend,Medium,Frank,Pending,13,3,2026-05-22,2026-06-20
TASK_05591,Refactor backend code,UI/UX,Critical,Charlie,In Progress,16,3,2026-02-20,2026-03-18
TASK_05592,Design dashboard UI,DevOps,Medium,Bob,Pending,16,7,2026-04-24,2026-05-15
TASK_05593,Deploy application,DevOps,Medium,Emma,On Hold,5,1,2026-03-15,2026-04-06
TASK_05594,Write unit tests,UI/UX,High,Alice,In Progress,11,4,2026-02-15,2026-03-17
TASK_05595,Create reports module,Security,High,Alice,On Hold,4,0,2026-05-04,2026-05-27
TASK_05596,Write unit tests,DevOps,High,Alice,In Progress,5,0,2026-04-14,2026-05-06
TASK_05597,Integrate email notifications,Feature,Critical,Alice,In Progress,20,12,2026-06-14,2026-06-29
TASK_05598,Develop analytics dashboard,Testing,Critical,Frank,Completed,12,12,2026-07-15,2026-07-23
TASK_05599,Develop analytics dashboard,Bug,Critical,Emma,On Hold,18,8,2026-05-20,2026-06-08
TASK_05600,Implement chatbot,UI/UX,Low,Bob,Completed,7,5,2026-04-02,2026-04-27
TASK_05601,Improve application performance,UI/UX,Medium,Bob,Completed,16,12,2026-07-17,2026-08-03
TASK_05602,Optimize SQL queries,Bug,Low,David,On Hold,1,1,2026-03-21,2026-04-03
TASK_05603,Write unit tests,Feature,Low,Grace,On Hold,17,17,2026-07-03,2026-07-29
TASK_05604,Fix responsive layout,Backend,Critical,Grace,In Progress,15,4,2026-03-29,2026-04-28
TASK_05605,Configure CI/CD pipeline,Backend,Medium,Grace,Pending,16,15,2026-02-02,2026-02-26
TASK_05606,Implement payment gateway,Feature,Critical,Frank,In Progress,2,2,2026-04-17,2026-05-06
TASK_05607,Create REST API,Testing,High,David,Completed,10,10,2026-06-23,2026-07-05
TASK_05608,Add search functionality,DevOps,Medium,David,On Hold,4,4,2026-05-25,2026-06-10
TASK_05609,Configure CI/CD pipeline,UI/UX,Low,Grace,In Progress,17,17,2026-07-10,2026-07-16
TASK_05610,Fix login authentication bug,Documentation,High,Henry,On Hold,2,1,2026-06-10,2026-06-30
TASK_05611,Write unit tests,Backend,Critical,Bob,Pending,19,18,2026-04-25,2026-05-19
TASK_05612,Optimize SQL queries,DevOps,Low,Frank,In Progress,7,5,2026-02-28,2026-03-16
TASK_05613,Update project documentation,UI/UX,Medium,Bob,Pending,12,3,2026-02-21,2026-03-23
TASK_05614,Develop analytics dashboard,DevOps,High,Grace,In Progress,12,9,2026-02-28,2026-03-05
TASK_05615,Optimize SQL queries,Backend,Low,Bob,In Progress,4,4,2026-06-01,2026-06-16
TASK_05616,Develop analytics dashboard,Documentation,High,Alice,On Hold,14,14,2026-04-09,2026-04-16
TASK_05617,Write unit tests,Frontend,High,Frank,On Hold,6,0,2026-05-14,2026-05-28
TASK_05618,Configure CI/CD pipeline,Database,Low,Frank,Pending,11,8,2026-06-16,2026-07-08
TASK_05619,Configure CI/CD pipeline,UI/UX,Critical,Henry,Pending,5,2,2026-05-16,2026-05-27
TASK_05620,Fix login authentication bug,DevOps,High,Alice,Completed,12,12,2026-04-13,2026-05-10
TASK_05621,Develop user profile page,Feature,High,Henry,In Progress,2,1,2026-02-17,2026-02-25
TASK_05622,Develop user profile page,Documentation,High,Grace,Completed,3,3,2026-06-11,2026-06-28
TASK_05623,Implement chatbot,Documentation,Low,Charlie,On Hold,11,3,2026-04-11,2026-05-06
TASK_05624,Develop analytics dashboard,Feature,Medium,Frank,Pending,19,2,2026-07-21,2026-07-31
TASK_05625,Implement dark mode,Security,Low,Grace,Pending,11,8,2026-02-01,2026-02-12
TASK_05626,Deploy application,Backend,Medium,Grace,On Hold,6,6,2026-03-09,2026-03-15
TASK_05627,Develop analytics dashboard,DevOps,Low,Frank,Pending,17,8,2026-02-09,2026-02-13
TASK_05628,Integrate email notifications,Feature,Critical,Frank,On Hold,14,6,2026-03-14,2026-03-24
TASK_05629,Integrate email notifications,DevOps,High,Emma,Completed,16,15,2026-05-03,2026-05-20
TASK_05630,Refactor backend code,Frontend,Critical,Grace,Pending,14,13,2026-05-20,2026-06-14
TASK_05631,Deploy application,Security,Low,Alice,In Progress,8,0,2026-05-09,2026-05-22
TASK_05632,Optimize SQL queries,DevOps,High,Frank,Pending,20,16,2026-04-06,2026-04-17
TASK_05633,Develop user profile page,Testing,Medium,Bob,Completed,1,1,2026-03-05,2026-03-30
TASK_05634,Implement dark mode,Testing,Low,Frank,Pending,5,2,2026-05-02,2026-05-07
TASK_05635,Build admin panel,Security,Low,Charlie,On Hold,8,6,2026-05-04,2026-06-03
TASK_05636,Configure CI/CD pipeline,Documentation,High,Henry,Pending,8,6,2026-04-19,2026-04-27
TASK_05637,Implement payment gateway,DevOps,High,Henry,Completed,5,5,2026-02-09,2026-03-09
TASK_05638,Build admin panel,Feature,Medium,Emma,In Progress,19,10,2026-06-30,2026-07-23
TASK_05639,Optimize SQL queries,Testing,Medium,Charlie,On Hold,3,3,2026-05-16,2026-06-07
TASK_05640,Implement chatbot,Documentation,Medium,Alice,In Progress,11,0,2026-04-30,2026-05-07
TASK_05641,Implement dark mode,Security,High,Emma,Completed,14,11,2026-05-11,2026-06-01
TASK_05642,Add search functionality,Testing,Critical,Frank,In Progress,17,16,2026-05-26,2026-06-07
TASK_05643,Develop analytics dashboard,UI/UX,Medium,Frank,Completed,11,4,2026-02-16,2026-03-05
TASK_05644,Add search functionality,DevOps,Critical,Alice,Pending,2,2,2026-07-05,2026-07-29
TASK_05645,Design dashboard UI,Database,Critical,Bob,Completed,11,2,2026-03-30,2026-04-12
TASK_05646,Integrate email notifications,Security,Low,Bob,Completed,17,8,2026-07-14,2026-08-04
TASK_05647,Implement payment gateway,Feature,High,Frank,On Hold,17,7,2026-02-14,2026-02-19
TASK_05648,Refactor backend code,DevOps,High,David,Completed,17,14,2026-05-02,2026-05-17
TASK_05649,Implement payment gateway,Bug,Low,Henry,Completed,17,7,2026-02-09,2026-03-11
TASK_05650,Update project documentation,Frontend,Critical,David,In Progress,17,13,2026-05-01,2026-05-08
TASK_05651,Add search functionality,Testing,Critical,Henry,Pending,17,4,2026-07-11,2026-07-14
TASK_05652,Implement payment gateway,Database,High,Henry,Completed,16,4,2026-07-06,2026-07-27
TASK_05653,Implement chatbot,Database,High,Grace,In Progress,6,1,2026-06-09,2026-06-19
TASK_05654,Configure CI/CD pipeline,UI/UX,High,Charlie,On Hold,7,7,2026-07-05,2026-08-03
TASK_05655,Integrate email notifications,Feature,High,Charlie,Completed,20,7,2026-04-03,2026-04-08
TASK_05656,Refactor backend code,DevOps,Critical,Charlie,Completed,20,11,2026-07-26,2026-08-22
TASK_05657,Fix login authentication bug,Documentation,Medium,Alice,Pending,1,0,2026-02-02,2026-02-22
TASK_05658,Refactor backend code,DevOps,Critical,Emma,In Progress,1,1,2026-01-29,2026-02-22
TASK_05659,Add search functionality,Bug,Medium,Henry,In Progress,18,6,2026-06-01,2026-06-22
TASK_05660,Build admin panel,Database,Medium,David,In Progress,6,5,2026-05-10,2026-05-25
TASK_05661,Build admin panel,Security,High,Frank,Pending,11,1,2026-02-23,2026-03-08
TASK_05662,Create reports module,Frontend,Medium,Charlie,On Hold,20,8,2026-04-21,2026-05-17
TASK_05663,Deploy application,Frontend,Medium,Henry,Completed,17,2,2026-07-09,2026-08-02
TASK_05664,Implement chatbot,Backend,Low,Alice,In Progress,2,2,2026-05-26,2026-06-09
TASK_05665,Implement chatbot,Database,Critical,Alice,Pending,18,6,2026-07-25,2026-08-14
TASK_05666,Configure CI/CD pipeline,Testing,Low,Frank,Pending,6,6,2026-03-18,2026-03-27
TASK_05667,Deploy application,Testing,Critical,Emma,Pending,18,7,2026-06-19,2026-06-29
TASK_05668,Write unit tests,UI/UX,Low,Grace,On Hold,7,1,2026-07-06,2026-08-04
TASK_05669,Implement payment gateway,Security,Low,Grace,Pending,9,2,2026-05-11,2026-05-28
TASK_05670,Fix login authentication bug,Database,Low,Bob,In Progress,1,1,2026-04-08,2026-04-15
TASK_05671,Build admin panel,DevOps,Critical,David,Pending,14,9,2026-05-01,2026-05-16
TASK_05672,Write unit tests,Backend,Medium,Charlie,On Hold,11,5,2026-04-13,2026-05-03
TASK_05673,Fix responsive layout,UI/UX,High,Emma,Completed,2,1,2026-03-22,2026-04-04
TASK_05674,Write unit tests,Feature,Critical,Charlie,Completed,5,0,2026-02-01,2026-02-08
TASK_05675,Update project documentation,Feature,Low,Alice,Completed,19,8,2026-07-22,2026-08-20
TASK_05676,Implement payment gateway,Frontend,Critical,Henry,On Hold,17,2,2026-07-11,2026-08-06
TASK_05677,Fix login authentication bug,Backend,Critical,Henry,On Hold,2,1,2026-05-13,2026-05-16
TASK_05678,Implement chatbot,Database,Medium,Bob,In Progress,12,3,2026-04-27,2026-05-05
TASK_05679,Update project documentation,DevOps,Medium,Charlie,Completed,4,4,2026-02-16,2026-02-28
TASK_05680,Improve application performance,UI/UX,Low,Alice,Completed,7,7,2026-06-08,2026-06-22
TASK_05681,Create REST API,Database,High,David,Pending,8,8,2026-03-25,2026-04-07
TASK_05682,Improve application performance,Backend,Medium,Charlie,On Hold,18,5,2026-03-22,2026-04-06
TASK_05683,Refactor backend code,DevOps,High,Alice,On Hold,9,7,2026-02-26,2026-03-22
TASK_05684,Write unit tests,UI/UX,Low,David,In Progress,17,11,2026-02-08,2026-02-20
TASK_05685,Write unit tests,Feature,High,Charlie,Completed,12,1,2026-06-19,2026-07-05
TASK_05686,Integrate email notifications,Frontend,High,Charlie,Completed,15,10,2026-04-02,2026-05-01
TASK_05687,Create reports module,Database,High,David,In Progress,11,9,2026-04-09,2026-05-05
TASK_05688,Deploy application,Bug,Medium,Charlie,On Hold,15,8,2026-05-04,2026-05-09
TASK_05689,Add search functionality,Security,Low,Emma,On Hold,14,5,2026-05-05,2026-05-26
TASK_05690,Design dashboard UI,Security,Medium,Emma,Pending,14,4,2026-06-28,2026-07-25
TASK_05691,Fix responsive layout,Testing,High,Alice,Completed,7,3,2026-06-30,2026-07-18
TASK_05692,Update project documentation,Security,Critical,Emma,Completed,8,1,2026-03-12,2026-04-07
TASK_05693,Create reports module,Testing,Critical,Charlie,On Hold,2,0,2026-03-10,2026-03-26
TASK_05694,Create REST API,Backend,Medium,Emma,On Hold,8,4,2026-06-10,2026-06-26
TASK_05695,Integrate email notifications,Security,Medium,Grace,Completed,3,3,2026-07-26,2026-08-09
TASK_05696,Implement dark mode,Security,Low,Grace,On Hold,6,6,2026-02-08,2026-03-04
TASK_05697,Develop user profile page,Testing,Medium,David,In Progress,10,4,2026-07-17,2026-08-01
TASK_05698,Deploy application,Security,Medium,Charlie,In Progress,2,0,2026-03-27,2026-04-11
TASK_05699,Fix responsive layout,UI/UX,High,Alice,Completed,17,3,2026-06-11,2026-06-25
TASK_05700,Fix login authentication bug,Documentation,Medium,Emma,In Progress,7,0,2026-07-20,2026-08-16
TASK_05701,Configure CI/CD pipeline,Database,Critical,Frank,On Hold,10,2,2026-04-24,2026-05-04
TASK_05702,Add search functionality,Testing,Critical,Henry,In Progress,18,16,2026-07-23,2026-08-17
TASK_05703,Implement chatbot,Testing,Medium,Bob,Pending,12,10,2026-07-14,2026-07-22
TASK_05704,Fix responsive layout,Testing,Critical,Emma,On Hold,1,1,2026-03-12,2026-03-30
TASK_05705,Write unit tests,Frontend,Medium,Alice,Pending,13,8,2026-07-05,2026-07-21
TASK_05706,Implement payment gateway,Security,Critical,Henry,In Progress,4,0,2026-04-11,2026-05-06
TASK_05707,Design dashboard UI,Feature,High,Alice,In Progress,19,1,2026-07-10,2026-07-31
TASK_05708,Integrate email notifications,Database,High,Bob,On Hold,4,2,2026-05-01,2026-05-09
TASK_05709,Implement payment gateway,Backend,Medium,David,Pending,11,6,2026-07-26,2026-08-10
TASK_05710,Design dashboard UI,Bug,Low,Bob,On Hold,5,2,2026-06-18,2026-07-03
TASK_05711,Integrate email notifications,Frontend,High,Grace,Pending,17,3,2026-02-20,2026-03-16
TASK_05712,Develop analytics dashboard,Testing,Low,Grace,On Hold,20,2,2026-03-08,2026-03-10
TASK_05713,Configure CI/CD pipeline,Testing,Critical,Charlie,On Hold,5,3,2026-03-28,2026-04-15
TASK_05714,Fix login authentication bug,Testing,Medium,David,Completed,13,4,2026-03-16,2026-03-31
TASK_05715,Configure CI/CD pipeline,Security,Medium,Henry,Completed,10,9,2026-06-17,2026-07-10
TASK_05716,Update project documentation,Testing,Medium,Henry,On Hold,1,1,2026-03-07,2026-03-20
TASK_05717,Design dashboard UI,Testing,Critical,Frank,In Progress,19,10,2026-02-20,2026-02-26
TASK_05718,Refactor backend code,UI/UX,Critical,Frank,Completed,9,6,2026-03-18,2026-04-07
TASK_05719,Improve application performance,Feature,Low,Grace,Completed,5,2,2026-04-12,2026-05-07
TASK_05720,Fix responsive layout,Frontend,Critical,David,Pending,15,3,2026-07-25,2026-08-21
TASK_05721,Create REST API,Testing,Critical,Charlie,On Hold,15,10,2026-06-24,2026-06-28
TASK_05722,Implement dark mode,UI/UX,Critical,Charlie,Pending,19,8,2026-06-27,2026-07-24
TASK_05723,Implement dark mode,UI/UX,Critical,David,Pending,20,4,2026-02-03,2026-03-03
TASK_05724,Develop user profile page,Frontend,Low,Grace,Completed,4,3,2026-03-04,2026-03-12
TASK_05725,Update project documentation,DevOps,High,Charlie,In Progress,11,4,2026-07-01,2026-07-11
TASK_05726,Deploy application,Security,Low,David,On Hold,1,1,2026-05-25,2026-06-23
TASK_05727,Implement payment gateway,Frontend,Critical,Charlie,Completed,8,2,2026-06-27,2026-06-30
TASK_05728,Design dashboard UI,Backend,Medium,Henry,In Progress,20,14,2026-05-26,2026-06-19
TASK_05729,Implement chatbot,Backend,Medium,David,Completed,14,11,2026-05-18,2026-06-09
TASK_05730,Integrate email notifications,Security,Medium,Emma,In Progress,5,4,2026-05-16,2026-05-22
TASK_05731,Refactor backend code,Database,Low,Alice,In Progress,6,4,2026-03-26,2026-04-08
TASK_05732,Implement chatbot,Security,Low,Frank,Completed,2,0,2026-07-23,2026-07-28
TASK_05733,Build admin panel,Documentation,Low,Emma,Pending,5,2,2026-03-27,2026-04-03
TASK_05734,Develop analytics dashboard,Database,Low,Charlie,Pending,20,6,2026-07-19,2026-08-14
TASK_05735,Create REST API,Testing,High,Alice,In Progress,2,0,2026-03-09,2026-04-03
TASK_05736,Deploy application,Feature,Low,Emma,In Progress,11,1,2026-02-10,2026-02-14
TASK_05737,Develop user profile page,Frontend,High,Charlie,Pending,20,11,2026-04-18,2026-05-08
TASK_05738,Deploy application,Database,High,Grace,In Progress,9,9,2026-04-03,2026-04-21
TASK_05739,Fix login authentication bug,Feature,Medium,Emma,On Hold,15,12,2026-04-16,2026-05-07
TASK_05740,Add search functionality,Documentation,Low,David,Completed,17,10,2026-03-03,2026-03-18
TASK_05741,Write unit tests,UI/UX,Low,David,In Progress,5,4,2026-07-11,2026-08-02
TASK_05742,Build admin panel,Testing,Medium,Emma,Completed,12,11,2026-06-22,2026-07-02
TASK_05743,Design dashboard UI,Backend,High,Bob,In Progress,20,7,2026-07-26,2026-08-05
TASK_05744,Implement dark mode,Security,Medium,Henry,In Progress,16,0,2026-07-11,2026-07-27
TASK_05745,Update project documentation,Backend,High,Charlie,In Progress,18,18,2026-05-10,2026-05-31
TASK_05746,Add search functionality,Testing,Critical,Charlie,Pending,14,3,2026-04-22,2026-05-09
TASK_05747,Create REST API,Feature,Medium,Frank,In Progress,3,2,2026-03-29,2026-04-03
TASK_05748,Implement payment gateway,Security,High,Alice,On Hold,5,5,2026-02-06,2026-02-27
TASK_05749,Deploy application,Feature,Medium,Grace,Completed,11,9,2026-04-28,2026-05-10
TASK_05750,Deploy application,Feature,Critical,Frank,Pending,10,5,2026-03-04,2026-03-17
TASK_05751,Improve application performance,Documentation,Low,Bob,In Progress,13,13,2026-03-07,2026-03-23
TASK_05752,Integrate email notifications,Frontend,Low,Frank,Pending,6,0,2026-07-24,2026-08-20
TASK_05753,Develop analytics dashboard,Bug,High,Bob,Completed,1,0,2026-06-12,2026-06-23
TASK_05754,Optimize SQL queries,Bug,Medium,Emma,In Progress,4,1,2026-05-04,2026-05-15
TASK_05755,Create reports module,Backend,Low,Alice,Pending,11,7,2026-05-11,2026-05-26
TASK_05756,Improve application performance,Database,High,Grace,Pending,12,11,2026-05-05,2026-05-18
TASK_05757,Optimize SQL queries,Bug,High,Charlie,Pending,14,12,2026-04-09,2026-04-26
TASK_05758,Build admin panel,Backend,Medium,Emma,On Hold,9,3,2026-03-19,2026-04-11
TASK_05759,Fix login authentication bug,Testing,High,Frank,In Progress,2,2,2026-01-29,2026-02-17
TASK_05760,Build admin panel,UI/UX,Low,Alice,On Hold,10,3,2026-02-07,2026-02-26
TASK_05761,Develop user profile page,Database,Low,Frank,Pending,5,3,2026-07-15,2026-07-29
TASK_05762,Optimize SQL queries,Frontend,Critical,Frank,On Hold,1,0,2026-04-17,2026-05-06
TASK_05763,Implement dark mode,Backend,High,Frank,Pending,1,0,2026-06-18,2026-07-13
TASK_05764,Update project documentation,Security,Low,Bob,On Hold,14,6,2026-02-10,2026-02-23
TASK_05765,Create REST API,Frontend,Critical,Frank,On Hold,7,2,2026-02-05,2026-02-12
TASK_05766,Implement chatbot,Documentation,High,Frank,In Progress,19,1,2026-07-03,2026-07-21
TASK_05767,Write unit tests,Security,Low,Emma,In Progress,1,0,2026-04-22,2026-05-06
TASK_05768,Implement dark mode,DevOps,High,Charlie,In Progress,11,9,2026-07-12,2026-07-31
TASK_05769,Implement chatbot,Frontend,High,Grace,Completed,7,5,2026-04-22,2026-05-15
TASK_05770,Create REST API,UI/UX,Critical,David,In Progress,16,9,2026-03-05,2026-04-04
TASK_05771,Deploy application,Bug,Low,Emma,On Hold,19,6,2026-02-16,2026-03-05
TASK_05772,Create REST API,Feature,High,David,In Progress,13,8,2026-07-11,2026-08-01
TASK_05773,Develop user profile page,Feature,Low,Frank,In Progress,15,9,2026-01-29,2026-02-28
TASK_05774,Configure CI/CD pipeline,Testing,Medium,Emma,In Progress,20,15,2026-07-14,2026-07-25
TASK_05775,Add search functionality,Bug,Critical,Alice,Pending,3,3,2026-06-27,2026-07-18
TASK_05776,Design dashboard UI,UI/UX,Medium,Henry,In Progress,6,6,2026-05-24,2026-06-14
TASK_05777,Develop analytics dashboard,Database,Medium,Frank,Pending,15,9,2026-05-10,2026-05-28
TASK_05778,Create reports module,Bug,Low,Henry,On Hold,17,12,2026-06-01,2026-06-23
TASK_05779,Fix login authentication bug,DevOps,Medium,Frank,Pending,12,12,2026-06-07,2026-07-01
TASK_05780,Configure CI/CD pipeline,Backend,Low,Bob,On Hold,11,9,2026-06-29,2026-07-26
TASK_05781,Fix login authentication bug,Security,Critical,Emma,In Progress,7,1,2026-06-13,2026-06-16
TASK_05782,Create reports module,Documentation,Medium,Henry,Pending,17,3,2026-07-04,2026-07-29
TASK_05783,Develop user profile page,Feature,Medium,Alice,Completed,14,12,2026-05-01,2026-05-10
TASK_05784,Develop user profile page,UI/UX,High,Grace,On Hold,6,4,2026-03-04,2026-03-29
TASK_05785,Add search functionality,Documentation,Critical,Frank,Pending,3,3,2026-06-22,2026-07-04
TASK_05786,Design dashboard UI,Backend,High,Emma,On Hold,7,3,2026-03-26,2026-03-28
TASK_05787,Implement dark mode,Documentation,High,Alice,Completed,6,1,2026-03-01,2026-03-30
TASK_05788,Develop analytics dashboard,Database,Low,Emma,Pending,19,5,2026-07-16,2026-07-27
TASK_05789,Fix responsive layout,DevOps,Low,Alice,On Hold,19,7,2026-06-08,2026-06-16
TASK_05790,Develop user profile page,Backend,High,Charlie,On Hold,10,10,2026-02-04,2026-02-20
TASK_05791,Write unit tests,Feature,Critical,David,Completed,19,18,2026-02-12,2026-03-02
TASK_05792,Refactor backend code,Backend,Low,Alice,Completed,17,1,2026-06-16,2026-06-20
TASK_05793,Refactor backend code,Testing,Medium,Bob,Pending,4,0,2026-06-08,2026-06-27
TASK_05794,Implement payment gateway,Security,Critical,David,Completed,13,12,2026-06-17,2026-06-30
TASK_05795,Fix responsive layout,Database,Low,Frank,Completed,5,3,2026-04-04,2026-04-18
TASK_05796,Refactor backend code,Security,High,Alice,On Hold,20,5,2026-04-24,2026-05-05
TASK_05797,Fix responsive layout,Security,Medium,Grace,Completed,12,11,2026-05-23,2026-05-26
TASK_05798,Develop user profile page,Testing,Low,Grace,On Hold,20,7,2026-05-10,2026-05-16
TASK_05799,Implement payment gateway,Security,High,Grace,Completed,2,2,2026-06-13,2026-07-10
TASK_05800,Integrate email notifications,Database,Critical,Emma,On Hold,19,7,2026-04-10,2026-04-12
TASK_05801,Add search functionality,UI/UX,Medium,David,Pending,9,9,2026-02-09,2026-02-27
TASK_05802,Develop analytics dashboard,Security,Low,Bob,Pending,2,2,2026-02-08,2026-02-20
TASK_05803,Configure CI/CD pipeline,DevOps,Medium,Emma,On Hold,19,0,2026-04-24,2026-04-26
TASK_05804,Fix login authentication bug,Database,Medium,Grace,On Hold,6,3,2026-06-19,2026-06-29
TASK_05805,Update project documentation,Security,High,Emma,Pending,3,0,2026-02-15,2026-03-03
TASK_05806,Refactor backend code,Testing,Low,David,Pending,5,2,2026-03-09,2026-03-30
TASK_05807,Fix responsive layout,UI/UX,Low,Frank,In Progress,18,15,2026-06-28,2026-07-22
TASK_05808,Create REST API,Testing,Medium,Alice,Pending,11,5,2026-05-30,2026-06-15
TASK_05809,Fix login authentication bug,Bug,Medium,Grace,Completed,5,2,2026-07-24,2026-08-05
TASK_05810,Implement dark mode,Security,High,Frank,In Progress,17,16,2026-04-09,2026-04-21
TASK_05811,Refactor backend code,Database,High,Alice,On Hold,1,0,2026-06-14,2026-06-23
TASK_05812,Fix responsive layout,Testing,Medium,Charlie,In Progress,12,1,2026-06-30,2026-07-10
TASK_05813,Develop analytics dashboard,Bug,High,Charlie,In Progress,13,2,2026-05-10,2026-06-05
TASK_05814,Implement dark mode,Security,Critical,Bob,Completed,2,0,2026-02-10,2026-02-20
TASK_05815,Configure CI/CD pipeline,Security,Low,Grace,On Hold,3,0,2026-03-30,2026-04-02
TASK_05816,Implement dark mode,Documentation,Low,David,In Progress,13,12,2026-05-25,2026-06-13
TASK_05817,Implement chatbot,UI/UX,Low,Charlie,Pending,1,1,2026-06-08,2026-07-01
TASK_05818,Implement dark mode,DevOps,Medium,Grace,Pending,11,5,2026-04-18,2026-05-16
TASK_05819,Create reports module,Backend,Critical,Henry,In Progress,2,0,2026-03-03,2026-03-22
TASK_05820,Implement chatbot,Security,High,Frank,Pending,14,14,2026-07-24,2026-07-30
TASK_05821,Create reports module,Frontend,Critical,Alice,On Hold,5,5,2026-02-06,2026-02-08
TASK_05822,Design dashboard UI,Frontend,Medium,Alice,Pending,20,20,2026-02-28,2026-03-02
TASK_05823,Implement dark mode,Testing,Critical,Emma,Pending,19,0,2026-06-12,2026-07-05
TASK_05824,Update project documentation,Documentation,Medium,Henry,On Hold,7,6,2026-05-01,2026-05-26
TASK_05825,Develop analytics dashboard,Database,Critical,Charlie,Pending,15,6,2026-04-02,2026-04-24
TASK_05826,Build admin panel,Database,Low,Charlie,Pending,1,0,2026-05-01,2026-05-19
TASK_05827,Design dashboard UI,Feature,Medium,David,Pending,12,3,2026-03-19,2026-03-25
TASK_05828,Refactor backend code,DevOps,Critical,Bob,Completed,11,8,2026-06-18,2026-06-29
TASK_05829,Implement payment gateway,Documentation,Low,David,In Progress,4,2,2026-05-20,2026-05-30
TASK_05830,Refactor backend code,Backend,Medium,Emma,Completed,13,2,2026-04-02,2026-04-23
TASK_05831,Implement payment gateway,UI/UX,Critical,Frank,Pending,11,8,2026-06-09,2026-06-14
TASK_05832,Implement chatbot,Database,Medium,Emma,In Progress,14,13,2026-04-14,2026-05-14
TASK_05833,Create REST API,Bug,Low,David,In Progress,9,9,2026-03-02,2026-03-23
TASK_05834,Implement payment gateway,Database,High,Alice,Completed,6,3,2026-02-01,2026-03-02
TASK_05835,Implement dark mode,Backend,Low,Henry,On Hold,7,2,2026-05-08,2026-06-02
TASK_05836,Design dashboard UI,Testing,High,Frank,Completed,20,5,2026-02-12,2026-02-22
TASK_05837,Build admin panel,Backend,High,Alice,Completed,19,18,2026-06-17,2026-06-23
TASK_05838,Improve application performance,Testing,Medium,Alice,Completed,10,3,2026-06-10,2026-06-27
TASK_05839,Create reports module,Database,Critical,Charlie,Completed,18,3,2026-06-14,2026-06-28
TASK_05840,Fix login authentication bug,Database,High,Emma,Pending,20,10,2026-02-17,2026-03-19
TASK_05841,Create reports module,Frontend,Critical,David,On Hold,14,6,2026-03-02,2026-03-08
TASK_05842,Improve application performance,Bug,High,Henry,On Hold,4,1,2026-03-26,2026-04-25
TASK_05843,Integrate email notifications,UI/UX,Low,Henry,Completed,7,5,2026-07-16,2026-08-02
TASK_05844,Design dashboard UI,DevOps,Critical,Frank,Pending,18,15,2026-05-20,2026-05-23
TASK_05845,Improve application performance,Bug,Medium,Grace,Completed,4,0,2026-07-15,2026-08-08
TASK_05846,Update project documentation,DevOps,High,Grace,Pending,16,15,2026-02-17,2026-03-01
TASK_05847,Develop analytics dashboard,Database,Critical,Charlie,On Hold,18,5,2026-06-13,2026-06-23
TASK_05848,Fix login authentication bug,Feature,Low,Henry,Completed,17,14,2026-04-02,2026-04-24
TASK_05849,Fix login authentication bug,Testing,Medium,Bob,In Progress,16,6,2026-05-25,2026-06-14
TASK_05850,Build admin panel,Database,Medium,Emma,In Progress,1,1,2026-07-19,2026-07-31
TASK_05851,Design dashboard UI,Frontend,Medium,Frank,Pending,4,3,2026-02-05,2026-02-27
TASK_05852,Implement dark mode,Bug,Low,Charlie,In Progress,18,16,2026-07-04,2026-07-06
TASK_05853,Implement chatbot,Database,Low,Charlie,Completed,16,2,2026-07-06,2026-07-13
TASK_05854,Write unit tests,Frontend,Critical,Alice,Pending,17,11,2026-06-14,2026-07-08
TASK_05855,Design dashboard UI,Frontend,Low,Emma,In Progress,9,7,2026-04-24,2026-04-29
TASK_05856,Integrate email notifications,Testing,Critical,Henry,Pending,15,6,2026-05-26,2026-06-01
TASK_05857,Fix responsive layout,UI/UX,Critical,Grace,On Hold,5,4,2026-06-04,2026-06-25
TASK_05858,Write unit tests,Bug,Low,Frank,Pending,6,5,2026-06-06,2026-06-12
TASK_05859,Create reports module,Testing,Low,Emma,Pending,8,6,2026-06-26,2026-07-17
TASK_05860,Add search functionality,Bug,Medium,Bob,Pending,14,13,2026-02-09,2026-03-05
TASK_05861,Deploy application,Frontend,Low,Henry,Pending,4,2,2026-06-26,2026-07-13
TASK_05862,Integrate email notifications,Security,High,Frank,Completed,10,9,2026-02-24,2026-03-01
TASK_05863,Develop user profile page,Frontend,Low,Bob,Pending,1,1,2026-06-09,2026-07-02
TASK_05864,Integrate email notifications,Feature,Medium,Emma,Completed,20,5,2026-07-11,2026-07-16
TASK_05865,Write unit tests,Security,Low,Grace,Pending,9,2,2026-02-01,2026-02-11
TASK_05866,Implement payment gateway,Database,Critical,Henry,Completed,2,0,2026-04-08,2026-05-05
TASK_05867,Optimize SQL queries,Backend,High,Emma,Pending,3,3,2026-04-08,2026-04-27
TASK_05868,Create REST API,DevOps,Critical,David,In Progress,17,17,2026-06-03,2026-06-23
TASK_05869,Update project documentation,Bug,Low,Alice,Completed,2,2,2026-03-13,2026-03-23
TASK_05870,Create REST API,Bug,Medium,Bob,Completed,3,0,2026-04-30,2026-05-13
TASK_05871,Implement payment gateway,Bug,Critical,Henry,In Progress,3,0,2026-02-03,2026-02-24
TASK_05872,Develop analytics dashboard,Feature,Critical,Henry,Pending,19,2,2026-03-26,2026-03-29
TASK_05873,Implement payment gateway,Backend,Critical,David,Pending,9,3,2026-05-18,2026-06-17
TASK_05874,Improve application performance,UI/UX,High,Charlie,Pending,20,1,2026-04-20,2026-04-29
TASK_05875,Deploy application,Testing,Low,Alice,On Hold,2,2,2026-04-29,2026-05-18
TASK_05876,Create reports module,DevOps,High,David,In Progress,19,0,2026-03-22,2026-04-08
TASK_05877,Design dashboard UI,UI/UX,Medium,Charlie,Completed,2,2,2026-03-01,2026-03-10
TASK_05878,Design dashboard UI,Database,Critical,Charlie,Completed,15,1,2026-05-30,2026-06-03
TASK_05879,Implement payment gateway,Documentation,Critical,Henry,Completed,18,12,2026-03-06,2026-03-20
TASK_05880,Write unit tests,Feature,Critical,Henry,On Hold,3,0,2026-06-10,2026-06-12
TASK_05881,Build admin panel,Feature,Medium,Alice,Pending,13,5,2026-03-04,2026-03-08
TASK_05882,Configure CI/CD pipeline,Feature,Critical,Charlie,Pending,12,4,2026-04-23,2026-05-06
TASK_05883,Fix login authentication bug,Security,Low,David,Completed,14,1,2026-05-27,2026-06-21
TASK_05884,Optimize SQL queries,DevOps,Medium,Henry,Pending,4,2,2026-03-01,2026-03-09
TASK_05885,Optimize SQL queries,Security,Critical,Henry,In Progress,11,0,2026-02-17,2026-03-15
TASK_05886,Deploy application,Frontend,Low,Henry,In Progress,4,4,2026-02-28,2026-03-28
TASK_05887,Update project documentation,Feature,Medium,Alice,Completed,19,11,2026-06-22,2026-07-02
TASK_05888,Build admin panel,DevOps,Low,Emma,On Hold,2,1,2026-05-18,2026-06-11
TASK_05889,Implement dark mode,DevOps,Medium,Frank,On Hold,18,16,2026-05-06,2026-05-10
TASK_05890,Develop analytics dashboard,Bug,Low,Henry,Pending,1,0,2026-07-04,2026-07-20
TASK_05891,Improve application performance,Documentation,Critical,Henry,On Hold,6,3,2026-07-11,2026-07-22
TASK_05892,Design dashboard UI,Database,Low,David,Completed,2,1,2026-07-24,2026-08-22
TASK_05893,Implement dark mode,Frontend,Medium,Henry,Pending,12,6,2026-03-30,2026-04-05
TASK_05894,Configure CI/CD pipeline,Backend,High,Charlie,Completed,14,1,2026-04-08,2026-04-29
TASK_05895,Create reports module,Testing,Low,Frank,Completed,8,2,2026-02-16,2026-03-15
TASK_05896,Write unit tests,Frontend,High,Grace,Pending,14,5,2026-02-02,2026-02-17
TASK_05897,Create REST API,Security,Low,Bob,In Progress,16,10,2026-01-29,2026-02-05
TASK_05898,Update project documentation,Bug,High,Alice,Completed,20,10,2026-02-21,2026-03-10
TASK_05899,Implement payment gateway,Security,Low,Frank,On Hold,17,16,2026-03-04,2026-03-13
TASK_05900,Improve application performance,DevOps,Medium,Alice,On Hold,18,17,2026-04-01,2026-04-10
TASK_05901,Create reports module,Frontend,High,Frank,Completed,4,4,2026-05-28,2026-06-12
TASK_05902,Refactor backend code,Documentation,Medium,Grace,In Progress,14,11,2026-03-25,2026-04-21
TASK_05903,Update project documentation,Testing,Medium,David,Completed,6,2,2026-06-24,2026-07-23
TASK_05904,Deploy application,Backend,Low,Alice,Pending,11,2,2026-05-18,2026-05-22
TASK_05905,Deploy application,DevOps,Medium,David,Pending,19,18,2026-03-11,2026-04-04
TASK_05906,Implement chatbot,Bug,Medium,Alice,On Hold,11,7,2026-05-24,2026-05-29
TASK_05907,Refactor backend code,Backend,Medium,Grace,On Hold,7,2,2026-04-13,2026-04-15
TASK_05908,Fix responsive layout,Testing,Low,Charlie,In Progress,9,6,2026-02-19,2026-02-28
TASK_05909,Fix responsive layout,Database,Critical,Henry,On Hold,7,5,2026-05-24,2026-06-03
TASK_05910,Refactor backend code,Documentation,Critical,Charlie,Completed,19,13,2026-05-17,2026-05-21
TASK_05911,Write unit tests,Backend,Medium,David,Completed,4,2,2026-06-06,2026-06-19
TASK_05912,Integrate email notifications,Feature,Critical,Charlie,In Progress,3,1,2026-05-22,2026-06-12
TASK_05913,Update project documentation,Testing,Low,Frank,In Progress,18,6,2026-03-16,2026-03-24
TASK_05914,Implement dark mode,Bug,High,Henry,In Progress,16,4,2026-03-25,2026-03-28
TASK_05915,Write unit tests,Database,High,Henry,On Hold,15,4,2026-03-05,2026-04-04
TASK_05916,Refactor backend code,Bug,Critical,Charlie,On Hold,8,6,2026-07-10,2026-07-17
TASK_05917,Create REST API,Bug,High,Henry,In Progress,8,8,2026-02-23,2026-03-12
TASK_05918,Implement payment gateway,Frontend,Medium,David,On Hold,7,3,2026-04-19,2026-04-28
TASK_05919,Build admin panel,Documentation,Critical,Grace,In Progress,8,1,2026-03-31,2026-04-05
TASK_05920,Optimize SQL queries,Backend,Low,Alice,Pending,6,3,2026-05-05,2026-05-28
TASK_05921,Update project documentation,Security,Low,Grace,In Progress,9,0,2026-06-08,2026-06-18
TASK_05922,Update project documentation,Backend,Critical,Frank,Pending,13,11,2026-02-15,2026-03-12
TASK_05923,Configure CI/CD pipeline,Backend,High,Frank,Pending,7,1,2026-07-21,2026-08-03
TASK_05924,Add search functionality,Database,Low,David,Pending,15,10,2026-07-07,2026-07-24
TASK_05925,Implement dark mode,UI/UX,Low,Frank,Pending,10,6,2026-03-15,2026-03-19
TASK_05926,Create REST API,Security,Critical,Grace,On Hold,14,4,2026-03-09,2026-03-27
TASK_05927,Create REST API,Testing,High,Charlie,Completed,9,1,2026-02-25,2026-03-26
TASK_05928,Create reports module,Database,Critical,Alice,In Progress,14,1,2026-05-25,2026-06-15
TASK_05929,Design dashboard UI,Documentation,Critical,Alice,Pending,11,4,2026-02-11,2026-02-25
TASK_05930,Integrate email notifications,Frontend,High,Charlie,In Progress,4,0,2026-05-19,2026-05-25
TASK_05931,Deploy application,Documentation,Low,Charlie,Pending,11,9,2026-06-05,2026-07-04
TASK_05932,Implement payment gateway,Security,Medium,David,In Progress,2,0,2026-03-19,2026-04-06
TASK_05933,Integrate email notifications,DevOps,High,Emma,Pending,8,7,2026-03-26,2026-04-23
TASK_05934,Fix responsive layout,Feature,Critical,Alice,On Hold,11,3,2026-07-12,2026-07-18
TASK_05935,Fix login authentication bug,Backend,High,Grace,On Hold,18,1,2026-04-06,2026-04-25
TASK_05936,Improve application performance,Bug,Low,Bob,Pending,17,13,2026-02-03,2026-02-09
TASK_05937,Create reports module,Security,Low,Frank,On Hold,13,13,2026-07-26,2026-07-30
TASK_05938,Update project documentation,Database,Medium,Grace,Completed,16,1,2026-02-07,2026-02-24
TASK_05939,Fix responsive layout,Bug,Low,Alice,On Hold,9,1,2026-02-09,2026-02-17
TASK_05940,Update project documentation,Backend,Medium,Emma,In Progress,2,2,2026-03-06,2026-03-09
TASK_05941,Develop analytics dashboard,Database,High,Frank,Pending,6,1,2026-05-09,2026-05-14
TASK_05942,Create REST API,Feature,Medium,David,Completed,6,2,2026-06-25,2026-07-12
TASK_05943,Deploy application,Testing,Critical,Alice,Pending,3,3,2026-05-25,2026-06-07
TASK_05944,Implement dark mode,Testing,High,Emma,Completed,15,3,2026-06-14,2026-06-22
TASK_05945,Refactor backend code,Database,Medium,David,On Hold,18,16,2026-06-27,2026-07-16
TASK_05946,Develop analytics dashboard,UI/UX,High,Grace,Pending,5,2,2026-05-08,2026-05-11
TASK_05947,Build admin panel,Feature,Medium,Henry,Pending,9,7,2026-05-30,2026-06-04
TASK_05948,Develop analytics dashboard,Frontend,Medium,Alice,Completed,9,3,2026-02-16,2026-02-20
TASK_05949,Implement payment gateway,Testing,Critical,Henry,On Hold,1,1,2026-07-06,2026-07-23
TASK_05950,Deploy application,Testing,Critical,Charlie,Completed,9,1,2026-07-22,2026-07-26
TASK_05951,Add search functionality,Frontend,Low,Emma,Completed,5,4,2026-04-27,2026-05-25
TASK_05952,Improve application performance,Feature,Medium,Emma,Completed,7,0,2026-03-20,2026-04-08
TASK_05953,Implement payment gateway,Frontend,High,Grace,In Progress,8,6,2026-06-16,2026-07-09
TASK_05954,Develop analytics dashboard,Database,Low,David,Completed,14,4,2026-03-06,2026-03-21
TASK_05955,Implement chatbot,Testing,Low,Bob,In Progress,16,6,2026-02-14,2026-03-13
TASK_05956,Fix responsive layout,Testing,High,Grace,In Progress,3,1,2026-05-19,2026-06-03
TASK_05957,Create reports module,Database,Critical,Grace,Pending,7,1,2026-07-01,2026-07-11
TASK_05958,Develop user profile page,DevOps,High,Charlie,In Progress,9,0,2026-06-15,2026-07-01
TASK_05959,Design dashboard UI,Testing,High,Grace,Pending,2,1,2026-05-02,2026-05-10
TASK_05960,Write unit tests,Testing,Critical,Frank,In Progress,4,4,2026-01-29,2026-02-20
TASK_05961,Implement chatbot,Documentation,Low,Alice,On Hold,1,1,2026-06-25,2026-07-07
TASK_05962,Update project documentation,Security,Medium,Grace,On Hold,17,11,2026-06-07,2026-06-22
TASK_05963,Improve application performance,Security,Medium,Charlie,Pending,9,1,2026-07-03,2026-07-28
TASK_05964,Design dashboard UI,Frontend,Medium,Frank,Pending,13,6,2026-04-12,2026-04-20
TASK_05965,Fix responsive layout,UI/UX,High,Alice,In Progress,10,0,2026-02-15,2026-02-25
TASK_05966,Design dashboard UI,UI/UX,Critical,Alice,Pending,5,0,2026-03-16,2026-04-01
TASK_05967,Improve application performance,Security,Low,Alice,In Progress,8,0,2026-06-13,2026-07-12
TASK_05968,Fix login authentication bug,Testing,Critical,Bob,On Hold,17,8,2026-02-23,2026-03-14
TASK_05969,Fix login authentication bug,Bug,Low,Grace,Completed,3,2,2026-02-23,2026-02-28
TASK_05970,Design dashboard UI,Security,Medium,Frank,Completed,19,5,2026-05-24,2026-06-20
TASK_05971,Create REST API,Frontend,Medium,David,On Hold,19,7,2026-02-23,2026-03-18
TASK_05972,Deploy application,Frontend,High,Bob,On Hold,12,11,2026-07-09,2026-07-27
TASK_05973,Implement dark mode,Database,Medium,Grace,On Hold,20,19,2026-05-05,2026-05-19
TASK_05974,Refactor backend code,Feature,Critical,Alice,On Hold,10,4,2026-06-09,2026-07-05
TASK_05975,Create reports module,DevOps,Medium,Grace,Completed,13,13,2026-06-04,2026-07-04
TASK_05976,Develop analytics dashboard,Frontend,Critical,Alice,On Hold,10,0,2026-04-25,2026-05-19
TASK_05977,Optimize SQL queries,Feature,Low,Grace,Pending,7,2,2026-03-07,2026-03-28
TASK_05978,Deploy application,Backend,Critical,Alice,Pending,9,9,2026-02-22,2026-02-28
TASK_05979,Configure CI/CD pipeline,UI/UX,Critical,Frank,On Hold,2,2,2026-02-03,2026-02-24
TASK_05980,Create reports module,Security,High,Henry,On Hold,1,1,2026-06-27,2026-07-16
TASK_05981,Build admin panel,Testing,High,Henry,In Progress,4,2,2026-03-13,2026-04-09
TASK_05982,Implement dark mode,Frontend,Low,Henry,On Hold,15,9,2026-03-21,2026-03-26
TASK_05983,Deploy application,UI/UX,High,Charlie,In Progress,17,17,2026-05-14,2026-06-10
TASK_05984,Configure CI/CD pipeline,Testing,Critical,Alice,On Hold,5,3,2026-03-01,2026-03-28
TASK_05985,Integrate email notifications,DevOps,Medium,Grace,In Progress,5,2,2026-05-04,2026-05-26
TASK_05986,Create reports module,DevOps,Critical,Frank,Completed,10,7,2026-06-18,2026-07-17
TASK_05987,Optimize SQL queries,UI/UX,Low,Charlie,In Progress,3,0,2026-05-24,2026-06-18
TASK_05988,Implement payment gateway,Documentation,Medium,Charlie,Pending,1,1,2026-04-18,2026-05-02
TASK_05989,Deploy application,DevOps,High,Emma,Pending,5,3,2026-06-22,2026-07-08
TASK_05990,Fix responsive layout,Database,Low,Bob,In Progress,13,3,2026-04-14,2026-05-06
TASK_05991,Develop user profile page,UI/UX,Low,Emma,Completed,7,5,2026-06-15,2026-07-02
TASK_05992,Optimize SQL queries,Testing,Critical,David,Pending,18,13,2026-04-03,2026-04-30
TASK_05993,Refactor backend code,Bug,Low,Emma,Completed,6,5,2026-04-21,2026-05-14
TASK_05994,Add search functionality,Feature,Medium,Alice,Pending,1,1,2026-05-13,2026-05-17
TASK_05995,Deploy application,Documentation,High,Charlie,Pending,16,7,2026-01-31,2026-02-27
TASK_05996,Write unit tests,Database,Low,Grace,Completed,18,18,2026-06-04,2026-06-18
TASK_05997,Refactor backend code,Frontend,Critical,Frank,Pending,6,0,2026-06-23,2026-07-01
TASK_05998,Fix login authentication bug,DevOps,Critical,Charlie,On Hold,19,12,2026-03-15,2026-03-21
TASK_05999,Create reports module,Database,Medium,Bob,Completed,9,1,2026-06-22,2026-07-05
TASK_06000,Configure CI/CD pipeline,Frontend,High,Bob,Pending,11,8,2026-07-09,2026-07-21
TASK_06001,Design dashboard UI,Feature,Low,Frank,On Hold,15,4,2026-05-11,2026-05-29
TASK_06002,Integrate email notifications,Testing,Low,Frank,On Hold,19,15,2026-04-04,2026-04-26
TASK_06003,Build admin panel,Documentation,High,Emma,Pending,5,4,2026-05-19,2026-05-31
TASK_06004,Deploy application,DevOps,Medium,Frank,In Progress,8,2,2026-02-19,2026-03-05
TASK_06005,Create REST API,Backend,High,Charlie,In Progress,3,2,2026-03-12,2026-03-25
TASK_06006,Improve application performance,DevOps,Medium,Emma,Completed,14,13,2026-03-23,2026-04-16
TASK_06007,Develop user profile page,Frontend,Critical,Emma,Completed,17,16,2026-05-10,2026-06-05
TASK_06008,Integrate email notifications,Backend,Medium,Henry,Completed,3,3,2026-01-29,2026-02-16
TASK_06009,Fix login authentication bug,Backend,Medium,David,Completed,13,3,2026-07-24,2026-08-04
TASK_06010,Fix login authentication bug,Bug,Medium,Frank,Pending,10,0,2026-06-03,2026-06-12
TASK_06011,Build admin panel,DevOps,High,Alice,On Hold,20,4,2026-04-19,2026-04-28
TASK_06012,Develop user profile page,UI/UX,Low,Alice,In Progress,1,0,2026-04-29,2026-05-23
TASK_06013,Configure CI/CD pipeline,Backend,High,Emma,Pending,4,2,2026-06-22,2026-07-14
TASK_06014,Fix responsive layout,Database,Low,Henry,Pending,16,4,2026-07-01,2026-07-31
TASK_06015,Add search functionality,Testing,Medium,Emma,Pending,7,3,2026-04-08,2026-04-11
TASK_06016,Develop analytics dashboard,Feature,Medium,Bob,On Hold,20,8,2026-03-15,2026-03-27
TASK_06017,Implement chatbot,Backend,Medium,Henry,In Progress,6,4,2026-06-25,2026-07-16
TASK_06018,Configure CI/CD pipeline,Backend,Low,Frank,Completed,8,4,2026-07-03,2026-07-19
TASK_06019,Write unit tests,DevOps,Medium,Henry,On Hold,20,20,2026-02-10,2026-02-23
TASK_06020,Add search functionality,Frontend,Critical,Bob,In Progress,18,12,2026-03-04,2026-03-14
TASK_06021,Write unit tests,Feature,Critical,Alice,Pending,13,9,2026-04-15,2026-05-12
TASK_06022,Deploy application,Bug,Low,Grace,On Hold,6,6,2026-03-21,2026-03-26
TASK_06023,Integrate email notifications,Frontend,Medium,Charlie,Completed,4,4,2026-06-08,2026-06-19
TASK_06024,Improve application performance,UI/UX,Low,Frank,Pending,1,1,2026-03-06,2026-03-23
TASK_06025,Build admin panel,Feature,Medium,Frank,Completed,14,0,2026-02-19,2026-03-03
TASK_06026,Create reports module,DevOps,Critical,Henry,Completed,5,3,2026-03-22,2026-04-21
TASK_06027,Improve application performance,DevOps,Critical,David,In Progress,16,10,2026-04-26,2026-05-14
TASK_06028,Design dashboard UI,Testing,Critical,Henry,On Hold,11,11,2026-05-11,2026-06-01
TASK_06029,Fix responsive layout,UI/UX,Critical,Alice,In Progress,10,8,2026-02-10,2026-02-26
TASK_06030,Develop user profile page,Security,Low,Frank,Completed,4,1,2026-03-21,2026-04-20
TASK_06031,Build admin panel,Backend,High,Alice,Pending,15,7,2026-07-05,2026-07-09
TASK_06032,Optimize SQL queries,Documentation,Low,Bob,Pending,10,4,2026-05-25,2026-05-31
TASK_06033,Build admin panel,Database,Low,Charlie,Completed,20,4,2026-05-31,2026-06-03
TASK_06034,Integrate email notifications,Security,Low,Charlie,On Hold,16,1,2026-04-29,2026-05-02
TASK_06035,Design dashboard UI,Database,Low,Frank,In Progress,6,6,2026-07-15,2026-08-01
TASK_06036,Optimize SQL queries,UI/UX,Critical,Charlie,Completed,1,0,2026-07-08,2026-07-26
TASK_06037,Implement payment gateway,Backend,Critical,Grace,On Hold,4,4,2026-02-16,2026-03-11
TASK_06038,Implement chatbot,Testing,High,Charlie,In Progress,18,17,2026-07-05,2026-07-26
TASK_06039,Improve application performance,Bug,Low,Henry,On Hold,19,2,2026-02-06,2026-02-26
TASK_06040,Configure CI/CD pipeline,Frontend,High,David,Pending,18,1,2026-03-16,2026-04-12
TASK_06041,Fix responsive layout,Security,Low,Bob,Pending,18,3,2026-04-28,2026-05-02
TASK_06042,Write unit tests,Security,Medium,David,Pending,13,4,2026-07-12,2026-07-24
TASK_06043,Develop analytics dashboard,DevOps,High,Grace,Completed,5,5,2026-03-13,2026-04-03
TASK_06044,Develop user profile page,Frontend,Critical,Henry,Completed,10,1,2026-04-17,2026-04-22
TASK_06045,Implement chatbot,Backend,Medium,Frank,Completed,6,2,2026-07-22,2026-08-05
TASK_06046,Design dashboard UI,Testing,Critical,Emma,Pending,12,3,2026-07-25,2026-08-01
TASK_06047,Add search functionality,Database,High,Charlie,On Hold,20,4,2026-04-01,2026-04-15
TASK_06048,Create reports module,Frontend,Critical,Grace,Completed,5,5,2026-02-14,2026-02-27
TASK_06049,Fix responsive layout,Frontend,Critical,Bob,In Progress,20,5,2026-06-12,2026-06-22
TASK_06050,Update project documentation,Database,High,Alice,Pending,5,0,2026-05-17,2026-05-25
TASK_06051,Refactor backend code,DevOps,Low,Henry,In Progress,19,7,2026-07-23,2026-08-05
TASK_06052,Create REST API,Testing,Medium,Frank,In Progress,13,13,2026-06-30,2026-07-22
TASK_06053,Optimize SQL queries,Testing,High,Charlie,On Hold,8,0,2026-02-05,2026-03-02
TASK_06054,Refactor backend code,DevOps,Low,Emma,On Hold,20,2,2026-03-13,2026-03-15
TASK_06055,Improve application performance,Feature,Low,Henry,Completed,5,5,2026-04-05,2026-05-03
TASK_06056,Add search functionality,Database,Medium,Henry,In Progress,1,0,2026-06-13,2026-07-02
TASK_06057,Refactor backend code,Backend,Critical,David,Pending,2,0,2026-02-11,2026-02-18
TASK_06058,Design dashboard UI,Database,Medium,Frank,Completed,18,17,2026-04-22,2026-05-10
TASK_06059,Configure CI/CD pipeline,UI/UX,Medium,Henry,In Progress,9,2,2026-02-17,2026-03-09
TASK_06060,Implement chatbot,UI/UX,Low,Frank,In Progress,9,3,2026-04-25,2026-05-05
TASK_06061,Implement chatbot,Backend,Critical,Grace,On Hold,14,2,2026-02-01,2026-02-24
TASK_06062,Add search functionality,Database,High,Frank,Completed,16,13,2026-05-19,2026-05-24
TASK_06063,Refactor backend code,Bug,High,Bob,In Progress,20,20,2026-05-06,2026-05-25
TASK_06064,Update project documentation,Testing,Low,Frank,On Hold,9,0,2026-04-28,2026-05-04
TASK_06065,Integrate email notifications,Backend,Medium,Charlie,Pending,15,15,2026-03-01,2026-03-12
TASK_06066,Fix responsive layout,Database,High,Bob,Pending,11,6,2026-02-13,2026-03-04
TASK_06067,Develop analytics dashboard,UI/UX,Medium,Frank,On Hold,2,0,2026-02-10,2026-03-12
TASK_06068,Optimize SQL queries,Feature,Low,Grace,Pending,8,0,2026-02-06,2026-02-08
TASK_06069,Write unit tests,Database,Low,Charlie,Completed,1,0,2026-07-09,2026-08-03
TASK_06070,Create REST API,UI/UX,High,Charlie,Pending,17,14,2026-03-01,2026-03-18
TASK_06071,Add search functionality,Bug,Low,Emma,Pending,17,11,2026-03-14,2026-03-24
TASK_06072,Deploy application,DevOps,High,David,Pending,13,9,2026-02-24,2026-03-05
TASK_06073,Improve application performance,Security,High,Bob,Pending,12,11,2026-03-15,2026-04-06
TASK_06074,Implement payment gateway,Frontend,Low,Henry,Pending,12,4,2026-03-21,2026-04-02
TASK_06075,Fix responsive layout,Bug,Critical,Frank,Pending,9,5,2026-03-01,2026-03-06
TASK_06076,Add search functionality,Database,High,Alice,Pending,8,2,2026-02-05,2026-02-09
TASK_06077,Develop user profile page,DevOps,Critical,David,Completed,17,13,2026-06-17,2026-07-07
TASK_06078,Create REST API,Documentation,High,Charlie,Pending,1,1,2026-06-01,2026-06-19
TASK_06079,Refactor backend code,Backend,Medium,Grace,In Progress,2,2,2026-02-07,2026-02-10
TASK_06080,Build admin panel,Database,High,Frank,In Progress,6,6,2026-03-23,2026-03-31
TASK_06081,Develop analytics dashboard,Database,Low,Bob,On Hold,12,3,2026-06-05,2026-06-16
TASK_06082,Develop user profile page,Frontend,Low,Bob,On Hold,6,1,2026-05-27,2026-06-03
TASK_06083,Design dashboard UI,Database,Medium,David,Pending,3,2,2026-03-24,2026-04-10
TASK_06084,Refactor backend code,Bug,Low,Emma,In Progress,3,1,2026-02-03,2026-02-09
TASK_06085,Add search functionality,Feature,Medium,Frank,In Progress,16,6,2026-03-05,2026-03-10
TASK_06086,Write unit tests,Frontend,Medium,Henry,On Hold,8,2,2026-07-24,2026-08-23
TASK_06087,Develop user profile page,Database,Critical,Frank,Completed,18,18,2026-03-26,2026-04-15
TASK_06088,Implement chatbot,Backend,Low,Alice,Pending,9,4,2026-02-10,2026-03-06
TASK_06089,Configure CI/CD pipeline,Database,Medium,Alice,Pending,17,14,2026-02-15,2026-02-23
TASK_06090,Deploy application,Documentation,Critical,Grace,Pending,12,10,2026-04-21,2026-05-09
TASK_06091,Create reports module,Frontend,Medium,Alice,Pending,9,5,2026-05-06,2026-06-04
TASK_06092,Add search functionality,Security,High,Emma,In Progress,3,1,2026-01-30,2026-03-01
TASK_06093,Implement chatbot,Database,Low,Frank,Pending,5,1,2026-06-17,2026-06-30
TASK_06094,Develop user profile page,Backend,High,Frank,Pending,7,4,2026-07-08,2026-08-02
TASK_06095,Optimize SQL queries,Testing,High,David,On Hold,9,6,2026-07-11,2026-08-10
TASK_06096,Create REST API,Database,Low,Henry,Pending,8,4,2026-02-26,2026-03-14
TASK_06097,Fix responsive layout,Testing,Medium,Alice,On Hold,18,1,2026-01-28,2026-02-24
TASK_06098,Implement payment gateway,DevOps,Medium,Bob,Pending,9,2,2026-07-09,2026-07-20
TASK_06099,Implement dark mode,Bug,Critical,David,Pending,10,9,2026-04-26,2026-04-30
TASK_06100,Implement payment gateway,Documentation,Low,David,On Hold,5,5,2026-03-28,2026-04-11
TASK_06101,Design dashboard UI,UI/UX,Critical,Charlie,In Progress,13,11,2026-02-08,2026-02-23
TASK_06102,Design dashboard UI,Security,Medium,Bob,In Progress,16,14,2026-03-19,2026-04-18
TASK_06103,Add search functionality,Bug,High,Alice,Completed,5,1,2026-06-18,2026-06-29
TASK_06104,Build admin panel,Backend,Critical,Frank,Completed,1,0,2026-03-09,2026-04-04
TASK_06105,Design dashboard UI,Database,Critical,Emma,On Hold,3,1,2026-05-10,2026-06-02
TASK_06106,Create reports module,Frontend,Low,Frank,Pending,20,16,2026-04-16,2026-04-28
TASK_06107,Develop user profile page,Security,Medium,David,Completed,7,5,2026-02-16,2026-03-01
TASK_06108,Integrate email notifications,Security,Critical,Emma,On Hold,5,4,2026-05-30,2026-06-15
TASK_06109,Implement chatbot,UI/UX,High,David,Completed,3,3,2026-05-12,2026-06-09
TASK_06110,Design dashboard UI,Bug,High,Henry,In Progress,13,8,2026-02-28,2026-03-12
TASK_06111,Add search functionality,Security,Low,Emma,Completed,1,1,2026-06-30,2026-07-25
TASK_06112,Implement dark mode,DevOps,Medium,Emma,In Progress,6,1,2026-02-07,2026-02-25
TASK_06113,Develop analytics dashboard,Bug,Low,David,On Hold,19,4,2026-07-24,2026-08-16
TASK_06114,Configure CI/CD pipeline,Security,Low,Alice,On Hold,4,4,2026-02-05,2026-02-11
TASK_06115,Create reports module,Documentation,Medium,Bob,On Hold,15,4,2026-02-11,2026-03-11
TASK_06116,Integrate email notifications,Feature,High,Emma,Pending,19,3,2026-03-06,2026-03-17
TASK_06117,Implement dark mode,Feature,Critical,Frank,Completed,1,1,2026-04-06,2026-04-28
TASK_06118,Refactor backend code,Bug,Critical,Charlie,Pending,16,11,2026-07-01,2026-07-24
TASK_06119,Create REST API,DevOps,Low,Alice,On Hold,12,0,2026-06-16,2026-07-09
TASK_06120,Write unit tests,Backend,Low,Bob,In Progress,17,1,2026-04-04,2026-04-09
TASK_06121,Create REST API,Bug,Low,David,On Hold,7,4,2026-07-20,2026-08-06
TASK_06122,Implement payment gateway,Backend,Low,Bob,On Hold,6,5,2026-06-07,2026-06-23
TASK_06123,Implement dark mode,Database,High,Bob,Pending,9,1,2026-05-24,2026-06-21
TASK_06124,Fix login authentication bug,Testing,Low,Frank,Pending,2,0,2026-06-13,2026-07-09
TASK_06125,Implement dark mode,DevOps,High,Grace,On Hold,4,2,2026-03-02,2026-03-10
TASK_06126,Implement chatbot,Backend,Medium,Alice,Pending,8,7,2026-04-17,2026-04-22
TASK_06127,Build admin panel,Feature,Low,Grace,Pending,19,2,2026-03-13,2026-03-25
TASK_06128,Implement chatbot,Database,High,Henry,Pending,7,1,2026-03-31,2026-04-28
TASK_06129,Refactor backend code,Security,Medium,Henry,In Progress,4,4,2026-04-10,2026-04-25
TASK_06130,Refactor backend code,Database,Critical,Alice,In Progress,13,10,2026-06-28,2026-07-04
TASK_06131,Implement dark mode,Security,Critical,Grace,On Hold,10,10,2026-03-31,2026-04-18
TASK_06132,Create REST API,Frontend,Critical,Henry,In Progress,17,14,2026-05-15,2026-05-27
TASK_06133,Implement payment gateway,Security,Medium,Frank,Completed,10,3,2026-06-17,2026-07-02
TASK_06134,Refactor backend code,Documentation,Medium,David,Pending,15,13,2026-05-13,2026-06-11
TASK_06135,Add search functionality,Testing,High,Henry,In Progress,18,15,2026-07-05,2026-07-20
TASK_06136,Develop analytics dashboard,UI/UX,Low,Grace,On Hold,12,8,2026-07-05,2026-07-19
TASK_06137,Fix responsive layout,Feature,Medium,David,In Progress,12,5,2026-07-18,2026-07-25
TASK_06138,Refactor backend code,Testing,High,Emma,On Hold,16,11,2026-04-26,2026-05-08
TASK_06139,Create REST API,Frontend,Low,Henry,On Hold,5,3,2026-07-16,2026-07-22
TASK_06140,Develop user profile page,Feature,Low,Grace,Completed,13,4,2026-05-22,2026-05-31
TASK_06141,Develop analytics dashboard,Security,Medium,Charlie,On Hold,20,0,2026-01-28,2026-02-26
TASK_06142,Create reports module,UI/UX,Low,Emma,Completed,8,2,2026-04-14,2026-04-21
TASK_06143,Improve application performance,Database,Medium,Emma,Completed,4,4,2026-02-19,2026-03-10
TASK_06144,Refactor backend code,Database,Medium,Henry,Completed,20,3,2026-06-05,2026-06-16
TASK_06145,Create reports module,Backend,Low,Bob,Completed,18,6,2026-05-19,2026-06-05
TASK_06146,Develop user profile page,Feature,Critical,David,In Progress,8,7,2026-07-11,2026-07-25
TASK_06147,Integrate email notifications,Bug,Medium,Frank,On Hold,19,2,2026-03-19,2026-04-12
TASK_06148,Implement payment gateway,Bug,High,Grace,On Hold,7,2,2026-04-29,2026-05-24
TASK_06149,Write unit tests,Bug,Critical,Alice,In Progress,9,1,2026-02-05,2026-02-17
TASK_06150,Optimize SQL queries,DevOps,Low,Frank,On Hold,11,8,2026-05-23,2026-06-18
TASK_06151,Refactor backend code,Bug,High,Alice,In Progress,9,4,2026-06-22,2026-07-21
TASK_06152,Write unit tests,Documentation,Low,David,Completed,9,0,2026-05-07,2026-05-29
TASK_06153,Integrate email notifications,Frontend,Medium,Emma,On Hold,19,1,2026-06-21,2026-07-05
TASK_06154,Update project documentation,DevOps,Critical,David,On Hold,20,17,2026-05-10,2026-05-15
TASK_06155,Optimize SQL queries,Frontend,Low,Alice,In Progress,10,6,2026-06-05,2026-06-26
TASK_06156,Fix responsive layout,Bug,High,Charlie,Completed,9,3,2026-03-11,2026-04-04
TASK_06157,Design dashboard UI,DevOps,Critical,Emma,On Hold,5,0,2026-03-01,2026-03-04
TASK_06158,Create REST API,Documentation,Critical,Alice,Pending,1,0,2026-03-19,2026-04-08
TASK_06159,Implement dark mode,Database,Critical,Bob,Completed,3,2,2026-04-09,2026-04-12
TASK_06160,Fix login authentication bug,Database,Critical,Frank,Completed,19,17,2026-05-23,2026-06-07
TASK_06161,Refactor backend code,Backend,Critical,Bob,On Hold,9,5,2026-07-11,2026-07-26
TASK_06162,Implement payment gateway,Security,Medium,David,On Hold,5,2,2026-01-30,2026-02-01
TASK_06163,Build admin panel,UI/UX,Critical,Emma,Completed,11,6,2026-06-02,2026-06-08
TASK_06164,Develop user profile page,Bug,High,David,Completed,4,3,2026-04-26,2026-05-07
TASK_06165,Create REST API,Feature,High,Alice,Completed,2,0,2026-06-23,2026-07-11
TASK_06166,Add search functionality,UI/UX,High,Charlie,Completed,20,14,2026-02-17,2026-03-03
TASK_06167,Develop analytics dashboard,Security,High,Grace,Pending,3,1,2026-04-18,2026-04-20
TASK_06168,Fix login authentication bug,Frontend,Critical,Charlie,Pending,14,7,2026-04-23,2026-05-08
TASK_06169,Develop user profile page,Feature,High,Henry,In Progress,19,19,2026-02-01,2026-02-07
TASK_06170,Add search functionality,Security,Low,David,On Hold,10,5,2026-02-02,2026-02-26
TASK_06171,Optimize SQL queries,Documentation,Medium,Bob,Pending,2,0,2026-03-18,2026-03-22
TASK_06172,Refactor backend code,UI/UX,Critical,Emma,In Progress,20,11,2026-03-17,2026-03-26
TASK_06173,Update project documentation,Frontend,Medium,Henry,Pending,15,3,2026-02-21,2026-03-02
TASK_06174,Develop analytics dashboard,DevOps,Medium,Henry,In Progress,2,0,2026-05-13,2026-05-20
TASK_06175,Implement chatbot,Security,Medium,Emma,Completed,15,14,2026-06-28,2026-07-15
TASK_06176,Design dashboard UI,Security,Critical,Charlie,Completed,4,1,2026-04-23,2026-05-05
TASK_06177,Implement chatbot,Documentation,High,Frank,Pending,6,2,2026-03-21,2026-04-14
TASK_06178,Deploy application,Frontend,Low,Emma,In Progress,8,7,2026-06-10,2026-06-25
TASK_06179,Implement chatbot,Database,Low,Alice,Pending,18,16,2026-04-17,2026-05-04
TASK_06180,Develop user profile page,Security,Medium,Charlie,In Progress,18,12,2026-04-04,2026-04-24
TASK_06181,Implement chatbot,Documentation,High,Alice,On Hold,7,3,2026-05-15,2026-05-29
TASK_06182,Write unit tests,Testing,Low,Grace,In Progress,16,16,2026-05-15,2026-06-14
TASK_06183,Optimize SQL queries,Testing,Medium,Alice,Pending,17,15,2026-04-18,2026-05-10
TASK_06184,Fix login authentication bug,Documentation,Critical,Frank,Pending,18,13,2026-05-01,2026-05-03
TASK_06185,Configure CI/CD pipeline,Feature,Low,Bob,Completed,9,4,2026-05-20,2026-06-04
TASK_06186,Integrate email notifications,Feature,Low,Alice,On Hold,10,3,2026-03-24,2026-04-21
TASK_06187,Create REST API,DevOps,Low,Henry,Completed,2,0,2026-03-05,2026-04-01
TASK_06188,Develop user profile page,Backend,High,Charlie,In Progress,6,1,2026-07-01,2026-07-08
TASK_06189,Implement dark mode,Frontend,Low,David,Completed,9,1,2026-06-20,2026-07-01
TASK_06190,Add search functionality,UI/UX,Critical,Frank,On Hold,5,4,2026-04-18,2026-04-21
TASK_06191,Build admin panel,Backend,Low,Grace,Pending,2,2,2026-03-03,2026-03-08
TASK_06192,Integrate email notifications,UI/UX,Medium,Frank,In Progress,19,6,2026-03-16,2026-03-30
TASK_06193,Create reports module,Bug,Medium,Emma,Pending,12,4,2026-02-08,2026-02-16
TASK_06194,Fix responsive layout,Feature,High,Grace,In Progress,1,1,2026-02-13,2026-02-16
TASK_06195,Integrate email notifications,DevOps,Low,Bob,In Progress,14,3,2026-06-22,2026-07-15
TASK_06196,Build admin panel,Security,High,Henry,On Hold,1,0,2026-03-02,2026-03-14
TASK_06197,Implement chatbot,Testing,High,Alice,On Hold,17,1,2026-04-28,2026-05-06
TASK_06198,Create reports module,Backend,Medium,Grace,In Progress,14,0,2026-02-11,2026-02-23
TASK_06199,Create reports module,Testing,Critical,Grace,Completed,8,3,2026-03-09,2026-03-13
TASK_06200,Implement dark mode,UI/UX,Medium,Grace,In Progress,17,13,2026-03-27,2026-04-11
TASK_06201,Create REST API,Frontend,High,Emma,In Progress,12,8,2026-03-02,2026-03-28
TASK_06202,Build admin panel,DevOps,Medium,Henry,On Hold,3,2,2026-02-20,2026-03-16
TASK_06203,Fix responsive layout,Documentation,Medium,Emma,On Hold,12,7,2026-03-09,2026-03-27
TASK_06204,Write unit tests,Database,Low,Charlie,Pending,2,1,2026-03-02,2026-03-08
TASK_06205,Implement payment gateway,UI/UX,High,Frank,In Progress,18,8,2026-05-22,2026-05-31
TASK_06206,Configure CI/CD pipeline,Security,Low,David,Completed,8,8,2026-03-09,2026-03-30
TASK_06207,Implement chatbot,Database,Medium,Grace,In Progress,14,7,2026-06-12,2026-06-19
TASK_06208,Implement payment gateway,Bug,Low,Frank,On Hold,12,12,2026-07-25,2026-08-17
TASK_06209,Implement dark mode,Documentation,Critical,Alice,On Hold,15,13,2026-03-11,2026-03-15
TASK_06210,Refactor backend code,Feature,High,Emma,In Progress,12,0,2026-06-09,2026-06-28
TASK_06211,Build admin panel,Bug,High,Alice,On Hold,14,3,2026-05-02,2026-05-16
TASK_06212,Build admin panel,DevOps,Low,Henry,In Progress,13,11,2026-02-20,2026-03-08
TASK_06213,Deploy application,Feature,Critical,Alice,In Progress,20,7,2026-03-09,2026-03-11
TASK_06214,Build admin panel,Bug,Medium,Bob,Pending,1,0,2026-07-20,2026-08-06
TASK_06215,Implement chatbot,Security,Critical,David,On Hold,14,8,2026-02-14,2026-03-07
TASK_06216,Develop analytics dashboard,Backend,Critical,Grace,In Progress,17,17,2026-04-19,2026-05-13
TASK_06217,Fix login authentication bug,Security,High,Henry,On Hold,7,5,2026-04-10,2026-04-17
TASK_06218,Configure CI/CD pipeline,Feature,Medium,Alice,Pending,8,1,2026-04-21,2026-05-04
TASK_06219,Update project documentation,Security,Low,Frank,Pending,9,3,2026-05-24,2026-06-06
TASK_06220,Optimize SQL queries,DevOps,Medium,Alice,In Progress,7,5,2026-06-16,2026-07-05
TASK_06221,Create REST API,Testing,Critical,Charlie,Completed,2,0,2026-04-08,2026-04-12
TASK_06222,Fix login authentication bug,Testing,Low,Henry,Completed,19,7,2026-06-27,2026-07-25
TASK_06223,Build admin panel,Frontend,High,Grace,Pending,13,8,2026-07-16,2026-08-07
TASK_06224,Improve application performance,Backend,Critical,Frank,Completed,19,11,2026-06-07,2026-06-26
TASK_06225,Design dashboard UI,Testing,Critical,Bob,On Hold,16,15,2026-06-03,2026-06-12
TASK_06226,Improve application performance,Documentation,Medium,Bob,In Progress,4,1,2026-06-21,2026-06-24
TASK_06227,Refactor backend code,Frontend,Medium,Frank,In Progress,8,0,2026-05-18,2026-06-08
TASK_06228,Add search functionality,Testing,Low,Grace,Pending,2,2,2026-06-08,2026-06-30
TASK_06229,Create REST API,Documentation,Low,Bob,Pending,15,10,2026-06-30,2026-07-16
TASK_06230,Fix login authentication bug,Backend,Medium,Charlie,In Progress,19,6,2026-03-05,2026-04-02
TASK_06231,Implement payment gateway,Feature,Low,Henry,On Hold,19,14,2026-06-20,2026-07-01
TASK_06232,Implement dark mode,Frontend,Medium,Grace,In Progress,11,0,2026-07-26,2026-07-31
TASK_06233,Create reports module,Backend,Medium,Alice,Pending,9,0,2026-04-30,2026-05-28
TASK_06234,Optimize SQL queries,Security,Medium,Henry,Pending,8,0,2026-03-29,2026-04-07
TASK_06235,Fix login authentication bug,Frontend,High,David,In Progress,17,10,2026-03-11,2026-03-27
TASK_06236,Configure CI/CD pipeline,Database,Low,Henry,In Progress,5,0,2026-04-18,2026-04-23
TASK_06237,Integrate email notifications,Testing,Medium,Frank,Pending,11,6,2026-06-26,2026-07-19
TASK_06238,Write unit tests,Security,Critical,Alice,In Progress,3,2,2026-06-09,2026-06-22
TASK_06239,Create REST API,DevOps,High,Frank,On Hold,11,3,2026-02-12,2026-03-11
TASK_06240,Implement payment gateway,Security,Critical,David,In Progress,17,12,2026-05-03,2026-05-19
TASK_06241,Build admin panel,Feature,Medium,Charlie,On Hold,8,6,2026-04-15,2026-05-01
TASK_06242,Implement payment gateway,Database,Critical,Frank,Completed,13,2,2026-02-12,2026-03-08
TASK_06243,Build admin panel,Documentation,Critical,Alice,On Hold,5,5,2026-02-25,2026-03-11
TASK_06244,Develop analytics dashboard,UI/UX,High,Bob,In Progress,12,3,2026-05-20,2026-06-16
TASK_06245,Refactor backend code,Testing,Critical,Bob,Pending,10,10,2026-04-25,2026-05-11
TASK_06246,Implement chatbot,DevOps,Low,David,Pending,3,1,2026-05-11,2026-06-02
TASK_06247,Integrate email notifications,UI/UX,Medium,Alice,Completed,5,2,2026-01-29,2026-02-20
TASK_06248,Fix login authentication bug,Backend,Critical,Grace,In Progress,14,10,2026-06-24,2026-07-06
TASK_06249,Implement dark mode,Backend,Medium,David,On Hold,1,0,2026-02-22,2026-03-14
TASK_06250,Create REST API,Database,Medium,Bob,Completed,19,7,2026-07-09,2026-07-31
TASK_06251,Create reports module,Bug,Critical,Henry,Completed,10,8,2026-05-22,2026-06-19
TASK_06252,Implement payment gateway,Security,Low,David,On Hold,14,14,2026-06-10,2026-06-27
TASK_06253,Optimize SQL queries,Frontend,Critical,Frank,In Progress,18,16,2026-05-21,2026-06-08
TASK_06254,Deploy application,Backend,High,Henry,Completed,1,1,2026-07-16,2026-07-31
TASK_06255,Develop user profile page,Documentation,Critical,David,Pending,4,3,2026-04-26,2026-05-14
TASK_06256,Integrate email notifications,Security,Medium,Charlie,Pending,9,8,2026-04-27,2026-05-13
TASK_06257,Update project documentation,Security,Critical,Charlie,In Progress,11,4,2026-05-10,2026-05-25
TASK_06258,Implement dark mode,Bug,Critical,Grace,Pending,6,1,2026-03-13,2026-03-21
TASK_06259,Create REST API,Database,Low,Frank,In Progress,2,0,2026-03-06,2026-04-04
TASK_06260,Configure CI/CD pipeline,Security,Low,Charlie,Completed,14,10,2026-06-29,2026-07-29
TASK_06261,Configure CI/CD pipeline,Database,Critical,Emma,On Hold,8,8,2026-06-20,2026-06-25
TASK_06262,Fix responsive layout,Documentation,Low,Alice,Completed,18,1,2026-05-08,2026-05-18
TASK_06263,Refactor backend code,Backend,Critical,David,On Hold,19,13,2026-02-01,2026-02-28
TASK_06264,Implement chatbot,DevOps,Critical,Grace,In Progress,4,0,2026-04-03,2026-04-28
TASK_06265,Integrate email notifications,Frontend,Critical,Henry,On Hold,17,12,2026-04-26,2026-05-19
TASK_06266,Develop analytics dashboard,Bug,Critical,Alice,On Hold,15,4,2026-07-15,2026-07-30
TASK_06267,Fix login authentication bug,DevOps,Low,Alice,On Hold,12,2,2026-05-12,2026-06-03
TASK_06268,Fix responsive layout,Feature,Critical,Bob,Pending,19,5,2026-04-04,2026-04-27
TASK_06269,Build admin panel,Bug,Medium,Alice,Pending,18,16,2026-05-25,2026-06-14
TASK_06270,Write unit tests,DevOps,Critical,Frank,In Progress,17,12,2026-02-27,2026-03-10
TASK_06271,Develop analytics dashboard,Database,High,Alice,Pending,14,10,2026-02-26,2026-03-22
TASK_06272,Refactor backend code,Testing,High,Frank,Pending,11,9,2026-06-17,2026-06-29
TASK_06273,Implement dark mode,Frontend,Critical,Emma,Pending,7,2,2026-03-06,2026-03-18
TASK_06274,Optimize SQL queries,DevOps,Low,David,On Hold,16,15,2026-06-26,2026-06-29
TASK_06275,Build admin panel,Documentation,Low,David,Completed,10,0,2026-02-05,2026-02-28
TASK_06276,Deploy application,Bug,High,Frank,Completed,17,5,2026-02-04,2026-02-23
TASK_06277,Build admin panel,DevOps,Medium,Frank,Completed,18,9,2026-02-11,2026-03-07
TASK_06278,Configure CI/CD pipeline,Backend,High,Charlie,In Progress,3,3,2026-02-23,2026-03-24
TASK_06279,Implement dark mode,Feature,Critical,Emma,On Hold,18,7,2026-06-03,2026-06-29
TASK_06280,Update project documentation,Documentation,High,Alice,Pending,9,2,2026-03-25,2026-04-05
TASK_06281,Implement payment gateway,Security,Medium,Bob,In Progress,11,5,2026-04-15,2026-04-25
TASK_06282,Implement chatbot,Frontend,Medium,Frank,In Progress,6,2,2026-06-24,2026-07-20
TASK_06283,Improve application performance,Security,Medium,Grace,Completed,5,0,2026-04-19,2026-05-17
TASK_06284,Fix responsive layout,Frontend,Critical,Grace,In Progress,15,15,2026-02-20,2026-02-25
TASK_06285,Design dashboard UI,Security,High,Frank,On Hold,10,3,2026-05-19,2026-06-01
TASK_06286,Implement payment gateway,Frontend,High,David,Pending,14,7,2026-07-12,2026-07-21
TASK_06287,Write unit tests,Frontend,Critical,Frank,In Progress,12,7,2026-05-30,2026-06-20
TASK_06288,Implement dark mode,Database,Low,Emma,In Progress,8,3,2026-05-17,2026-05-31
TASK_06289,Fix login authentication bug,Documentation,Low,Charlie,In Progress,2,2,2026-03-09,2026-04-07
TASK_06290,Write unit tests,Testing,High,Alice,On Hold,18,2,2026-04-18,2026-04-29
TASK_06291,Write unit tests,Testing,High,Alice,Pending,8,1,2026-04-22,2026-05-13
TASK_06292,Implement payment gateway,DevOps,Medium,Frank,Completed,8,8,2026-03-24,2026-04-01
TASK_06293,Implement chatbot,Backend,Low,Henry,Completed,20,10,2026-05-10,2026-05-29
TASK_06294,Implement dark mode,UI/UX,Low,Alice,Completed,11,0,2026-03-11,2026-04-03
TASK_06295,Optimize SQL queries,Database,Low,Emma,In Progress,18,17,2026-02-26,2026-03-19
TASK_06296,Update project documentation,Frontend,Medium,Emma,Pending,20,1,2026-03-16,2026-03-31
TASK_06297,Develop analytics dashboard,Documentation,Critical,Bob,Pending,20,18,2026-07-13,2026-07-28
TASK_06298,Update project documentation,Bug,Critical,Alice,In Progress,14,11,2026-03-14,2026-03-30
TASK_06299,Integrate email notifications,Security,Low,Charlie,Completed,7,1,2026-04-13,2026-05-06
TASK_06300,Update project documentation,Bug,Medium,David,In Progress,17,6,2026-07-03,2026-07-26
TASK_06301,Implement chatbot,Bug,Critical,Alice,Pending,3,3,2026-07-17,2026-08-06
TASK_06302,Improve application performance,Bug,High,Charlie,In Progress,20,1,2026-03-25,2026-04-13
TASK_06303,Fix login authentication bug,Testing,Critical,Grace,On Hold,17,15,2026-07-11,2026-07-28
TASK_06304,Fix login authentication bug,Documentation,Medium,Grace,Completed,9,4,2026-02-04,2026-02-25
TASK_06305,Implement dark mode,UI/UX,Low,Bob,Pending,11,3,2026-05-27,2026-06-23
TASK_06306,Deploy application,Database,Low,Bob,On Hold,18,14,2026-06-08,2026-07-07
TASK_06307,Implement dark mode,Bug,Critical,Henry,Completed,5,5,2026-05-25,2026-06-05
TASK_06308,Implement payment gateway,DevOps,Low,Frank,Completed,7,0,2026-07-09,2026-07-28
TASK_06309,Optimize SQL queries,Backend,High,Bob,In Progress,9,0,2026-04-19,2026-04-26
TASK_06310,Fix responsive layout,Backend,Critical,Emma,On Hold,12,10,2026-03-20,2026-04-13
TASK_06311,Add search functionality,Documentation,Low,David,Completed,19,6,2026-02-25,2026-03-10
TASK_06312,Create REST API,Security,Medium,Grace,Completed,8,5,2026-05-14,2026-05-18
TASK_06313,Develop user profile page,DevOps,Medium,Bob,Pending,6,5,2026-03-12,2026-04-11
TASK_06314,Develop analytics dashboard,Frontend,Medium,Henry,In Progress,19,18,2026-05-13,2026-05-16
TASK_06315,Implement dark mode,Security,Critical,Henry,In Progress,8,2,2026-02-14,2026-03-01
TASK_06316,Add search functionality,Security,Low,Emma,On Hold,2,2,2026-04-16,2026-04-26
TASK_06317,Add search functionality,Testing,High,David,Completed,16,0,2026-06-23,2026-06-27
TASK_06318,Add search functionality,Testing,Critical,Grace,On Hold,7,2,2026-03-20,2026-03-25
TASK_06319,Create REST API,Backend,Critical,Bob,Pending,11,3,2026-03-14,2026-04-09
TASK_06320,Add search functionality,DevOps,Critical,Grace,In Progress,3,3,2026-04-28,2026-05-15
TASK_06321,Fix login authentication bug,Documentation,Critical,David,On Hold,12,7,2026-01-30,2026-02-02
TASK_06322,Optimize SQL queries,Security,Critical,Henry,Pending,2,0,2026-01-30,2026-02-05
TASK_06323,Create reports module,Frontend,Medium,Bob,Pending,7,5,2026-04-29,2026-05-24
TASK_06324,Fix responsive layout,DevOps,Medium,Charlie,Completed,20,19,2026-04-24,2026-05-14
TASK_06325,Develop analytics dashboard,Database,Critical,Bob,In Progress,13,12,2026-07-14,2026-07-21
TASK_06326,Integrate email notifications,Testing,High,Bob,Completed,13,3,2026-06-28,2026-07-24
TASK_06327,Write unit tests,Bug,Medium,Grace,In Progress,14,8,2026-04-22,2026-04-28
TASK_06328,Fix responsive layout,DevOps,Low,Bob,In Progress,11,11,2026-02-22,2026-03-13
TASK_06329,Build admin panel,Testing,Low,Emma,In Progress,14,2,2026-05-27,2026-06-21
TASK_06330,Fix login authentication bug,Frontend,Low,Henry,Pending,6,2,2026-07-12,2026-08-07
TASK_06331,Update project documentation,Feature,Medium,Charlie,In Progress,12,11,2026-05-29,2026-06-17
TASK_06332,Deploy application,Security,Critical,Emma,Pending,19,15,2026-03-03,2026-03-28
TASK_06333,Create REST API,Security,Critical,Grace,In Progress,1,0,2026-03-21,2026-03-29
TASK_06334,Write unit tests,Security,Critical,Charlie,In Progress,8,7,2026-05-22,2026-05-30
TASK_06335,Implement payment gateway,Database,Critical,Grace,In Progress,19,2,2026-05-08,2026-05-13
TASK_06336,Configure CI/CD pipeline,DevOps,Low,Grace,In Progress,2,0,2026-05-27,2026-06-07
TASK_06337,Add search functionality,Testing,High,Alice,In Progress,4,4,2026-06-04,2026-06-25
TASK_06338,Deploy application,Frontend,Low,Charlie,In Progress,10,6,2026-07-19,2026-08-06
TASK_06339,Fix login authentication bug,Documentation,Medium,Bob,Pending,14,2,2026-07-12,2026-08-04
TASK_06340,Refactor backend code,Documentation,High,Emma,On Hold,11,0,2026-06-07,2026-06-20
TASK_06341,Design dashboard UI,Frontend,Medium,Henry,Pending,10,10,2026-05-02,2026-05-22
TASK_06342,Design dashboard UI,Documentation,Medium,Frank,In Progress,8,2,2026-06-16,2026-06-28
TASK_06343,Configure CI/CD pipeline,Feature,High,Charlie,On Hold,2,1,2026-04-25,2026-05-04
TASK_06344,Configure CI/CD pipeline,Testing,High,David,Pending,4,1,2026-03-10,2026-03-15
TASK_06345,Add search functionality,Frontend,Low,Henry,Pending,7,7,2026-06-12,2026-07-01
TASK_06346,Optimize SQL queries,Database,Medium,Charlie,Completed,13,11,2026-04-30,2026-05-21
TASK_06347,Develop user profile page,Frontend,High,Bob,Completed,15,11,2026-05-30,2026-06-18
TASK_06348,Add search functionality,DevOps,High,Frank,On Hold,15,3,2026-07-12,2026-07-19
TASK_06349,Implement payment gateway,UI/UX,Critical,Frank,Pending,14,13,2026-06-02,2026-06-05
TASK_06350,Build admin panel,Security,High,Charlie,In Progress,15,3,2026-02-03,2026-02-07
TASK_06351,Configure CI/CD pipeline,DevOps,Critical,Frank,On Hold,5,0,2026-02-09,2026-02-24
TASK_06352,Integrate email notifications,Bug,Low,Frank,In Progress,10,0,2026-05-08,2026-05-23
TASK_06353,Refactor backend code,Documentation,Medium,Henry,In Progress,15,4,2026-06-24,2026-07-20
TASK_06354,Configure CI/CD pipeline,Documentation,Low,Grace,Pending,7,7,2026-02-23,2026-03-04
TASK_06355,Develop user profile page,Testing,Low,Charlie,In Progress,12,3,2026-06-24,2026-06-26
TASK_06356,Refactor backend code,Frontend,High,Alice,In Progress,9,9,2026-04-02,2026-04-16
TASK_06357,Optimize SQL queries,DevOps,Critical,David,On Hold,10,9,2026-05-26,2026-06-06
TASK_06358,Deploy application,Frontend,High,Grace,Completed,10,4,2026-05-01,2026-05-14
TASK_06359,Implement chatbot,Security,Medium,Bob,In Progress,1,1,2026-02-10,2026-02-28
TASK_06360,Deploy application,Security,Low,Alice,In Progress,18,9,2026-05-04,2026-05-29
TASK_06361,Optimize SQL queries,Testing,Critical,Charlie,On Hold,11,2,2026-07-26,2026-08-17
TASK_06362,Integrate email notifications,Bug,High,Grace,Pending,10,5,2026-03-06,2026-03-15
TASK_06363,Configure CI/CD pipeline,Feature,Low,Frank,Pending,4,4,2026-06-25,2026-07-19
TASK_06364,Implement dark mode,Backend,Critical,Emma,On Hold,16,10,2026-02-13,2026-03-15
TASK_06365,Design dashboard UI,Database,Critical,Frank,In Progress,8,8,2026-05-19,2026-05-26
TASK_06366,Improve application performance,Security,High,Frank,On Hold,8,1,2026-07-10,2026-07-27
TASK_06367,Integrate email notifications,Frontend,Critical,Emma,In Progress,5,5,2026-04-15,2026-05-04
TASK_06368,Implement dark mode,Feature,Medium,Alice,On Hold,20,19,2026-04-14,2026-04-29
TASK_06369,Fix login authentication bug,UI/UX,Low,David,In Progress,15,9,2026-07-07,2026-07-21
TASK_06370,Design dashboard UI,Backend,Low,Frank,Pending,9,2,2026-03-03,2026-04-01
TASK_06371,Implement dark mode,Documentation,Low,Grace,Pending,13,1,2026-04-14,2026-05-07
TASK_06372,Add search functionality,Documentation,Medium,Henry,Completed,3,1,2026-03-14,2026-04-01
TASK_06373,Design dashboard UI,Security,Low,Grace,Completed,6,1,2026-07-12,2026-08-09
TASK_06374,Build admin panel,Frontend,Medium,Frank,Completed,16,1,2026-05-19,2026-06-18
TASK_06375,Deploy application,Feature,High,David,On Hold,8,5,2026-03-04,2026-03-26
TASK_06376,Improve application performance,Documentation,Low,Grace,In Progress,3,2,2026-05-08,2026-06-05
TASK_06377,Optimize SQL queries,Documentation,Low,Charlie,Pending,10,6,2026-05-31,2026-06-11
TASK_06378,Implement dark mode,DevOps,Critical,Emma,On Hold,5,0,2026-04-13,2026-05-01
TASK_06379,Deploy application,Bug,Medium,Bob,Pending,14,0,2026-05-25,2026-06-24
TASK_06380,Fix responsive layout,Database,High,Frank,In Progress,10,0,2026-04-19,2026-05-08
TASK_06381,Implement chatbot,Feature,Low,Frank,Completed,3,0,2026-01-30,2026-02-27
TASK_06382,Configure CI/CD pipeline,DevOps,Critical,Alice,Completed,16,0,2026-05-09,2026-05-27
TASK_06383,Update project documentation,Bug,Low,Alice,On Hold,2,2,2026-04-27,2026-05-06
TASK_06384,Build admin panel,DevOps,Low,David,Completed,10,0,2026-04-14,2026-05-14
TASK_06385,Write unit tests,UI/UX,Medium,Alice,Completed,16,8,2026-07-08,2026-07-29
TASK_06386,Improve application performance,UI/UX,Low,Henry,On Hold,8,0,2026-05-25,2026-06-24
TASK_06387,Improve application performance,UI/UX,Critical,Frank,Pending,12,12,2026-02-14,2026-03-12
TASK_06388,Implement chatbot,Documentation,High,Bob,Completed,15,6,2026-06-12,2026-06-28
TASK_06389,Implement chatbot,Security,Critical,Bob,On Hold,17,17,2026-03-27,2026-04-15
TASK_06390,Integrate email notifications,Bug,High,Grace,On Hold,16,3,2026-02-17,2026-03-03
TASK_06391,Optimize SQL queries,DevOps,Low,Bob,On Hold,3,3,2026-04-16,2026-05-12
TASK_06392,Configure CI/CD pipeline,UI/UX,Critical,Grace,On Hold,5,2,2026-07-15,2026-07-30
TASK_06393,Configure CI/CD pipeline,UI/UX,High,Henry,In Progress,9,4,2026-02-11,2026-03-13
TASK_06394,Optimize SQL queries,Backend,Critical,Frank,In Progress,1,1,2026-04-10,2026-04-17
TASK_06395,Create REST API,Database,Critical,Emma,On Hold,1,0,2026-02-05,2026-02-11
TASK_06396,Build admin panel,DevOps,Critical,Charlie,On Hold,15,7,2026-01-30,2026-02-11
TASK_06397,Add search functionality,Frontend,Critical,Henry,On Hold,5,3,2026-06-06,2026-06-15
TASK_06398,Refactor backend code,Frontend,Critical,Bob,In Progress,10,2,2026-02-23,2026-03-07
TASK_06399,Implement payment gateway,Frontend,Critical,Grace,Pending,8,4,2026-05-10,2026-05-22
TASK_06400,Integrate email notifications,Backend,Low,Henry,Pending,9,6,2026-04-13,2026-04-21
TASK_06401,Create REST API,Backend,High,Charlie,Completed,6,3,2026-05-10,2026-06-04
TASK_06402,Write unit tests,Security,Critical,David,Completed,4,0,2026-03-23,2026-04-01
TASK_06403,Implement chatbot,Security,Medium,David,On Hold,18,18,2026-06-27,2026-07-15
TASK_06404,Fix login authentication bug,Backend,High,Henry,In Progress,4,0,2026-02-13,2026-02-28
TASK_06405,Improve application performance,Database,Medium,Bob,Completed,7,5,2026-05-02,2026-05-22
TASK_06406,Write unit tests,Database,Critical,Alice,On Hold,6,1,2026-06-25,2026-06-27
TASK_06407,Update project documentation,Database,Medium,Frank,On Hold,20,17,2026-01-29,2026-02-09
TASK_06408,Improve application performance,Testing,Low,Alice,Completed,1,1,2026-05-31,2026-06-06
TASK_06409,Refactor backend code,Frontend,High,Frank,Pending,5,2,2026-05-16,2026-05-31
TASK_06410,Implement payment gateway,Bug,Low,Frank,On Hold,18,14,2026-04-10,2026-04-22
TASK_06411,Optimize SQL queries,Feature,Low,Henry,Completed,18,16,2026-05-22,2026-06-07
TASK_06412,Update project documentation,Bug,Medium,Charlie,On Hold,7,7,2026-06-18,2026-06-28
TASK_06413,Build admin panel,Database,Low,Grace,On Hold,16,8,2026-04-06,2026-04-12
TASK_06414,Configure CI/CD pipeline,Backend,Critical,David,Completed,19,3,2026-04-08,2026-05-03
TASK_06415,Deploy application,DevOps,Low,Charlie,In Progress,14,10,2026-04-03,2026-04-07
TASK_06416,Write unit tests,Frontend,Medium,Emma,On Hold,11,7,2026-04-18,2026-05-10
TASK_06417,Improve application performance,UI/UX,Low,Alice,Pending,18,17,2026-03-04,2026-04-01
TASK_06418,Build admin panel,Frontend,Low,Alice,Completed,10,10,2026-03-05,2026-03-23
TASK_06419,Write unit tests,Bug,Low,Bob,Pending,20,8,2026-02-09,2026-02-20
TASK_06420,Optimize SQL queries,Bug,Low,Henry,Completed,19,3,2026-06-03,2026-06-08
TASK_06421,Update project documentation,Backend,High,Emma,Completed,1,1,2026-03-11,2026-04-07
TASK_06422,Create REST API,Feature,High,David,Completed,7,0,2026-03-26,2026-03-29
TASK_06423,Write unit tests,Documentation,Critical,Bob,Completed,14,6,2026-07-01,2026-07-23
TASK_06424,Implement dark mode,Security,Critical,Alice,Completed,8,7,2026-04-07,2026-04-20
TASK_06425,Configure CI/CD pipeline,UI/UX,Low,Frank,On Hold,2,0,2026-05-22,2026-06-21
TASK_06426,Implement chatbot,Feature,Medium,Grace,Completed,20,9,2026-05-07,2026-06-06
TASK_06427,Implement payment gateway,Security,Medium,Emma,In Progress,13,3,2026-03-10,2026-04-05
TASK_06428,Deploy application,Documentation,Medium,Henry,Pending,14,13,2026-05-08,2026-06-02
TASK_06429,Create reports module,Testing,Critical,Grace,Pending,6,5,2026-03-09,2026-03-19
TASK_06430,Add search functionality,DevOps,Medium,Bob,In Progress,7,7,2026-06-14,2026-06-16
TASK_06431,Write unit tests,Feature,Low,Alice,In Progress,1,0,2026-03-15,2026-04-07
TASK_06432,Add search functionality,DevOps,Low,David,On Hold,15,7,2026-06-13,2026-07-12
TASK_06433,Create REST API,Testing,Medium,Henry,Pending,10,6,2026-06-14,2026-06-22
TASK_06434,Implement dark mode,Testing,Medium,Alice,In Progress,6,0,2026-02-03,2026-03-02
TASK_06435,Develop analytics dashboard,Backend,High,Emma,In Progress,17,0,2026-03-16,2026-04-03
TASK_06436,Implement payment gateway,Feature,Low,Bob,Completed,9,3,2026-03-02,2026-03-06
TASK_06437,Improve application performance,Feature,High,Emma,Completed,9,6,2026-02-22,2026-03-08
TASK_06438,Deploy application,Feature,Low,Frank,In Progress,2,0,2026-05-23,2026-06-11
TASK_06439,Develop user profile page,Testing,Low,Frank,Completed,11,4,2026-05-29,2026-06-24
TASK_06440,Implement payment gateway,Frontend,Low,Henry,Completed,14,7,2026-06-21,2026-07-21
TASK_06441,Write unit tests,Database,Medium,Charlie,Completed,15,3,2026-06-21,2026-07-07
TASK_06442,Fix login authentication bug,Feature,High,Grace,In Progress,15,0,2026-04-22,2026-04-29
TASK_06443,Optimize SQL queries,DevOps,Low,Charlie,Pending,16,10,2026-03-19,2026-04-09
TASK_06444,Create reports module,Backend,Critical,Bob,On Hold,1,1,2026-07-26,2026-08-15
TASK_06445,Fix login authentication bug,Documentation,Low,Emma,Pending,15,8,2026-06-09,2026-06-20
TASK_06446,Develop analytics dashboard,Documentation,Medium,Grace,In Progress,6,2,2026-07-09,2026-08-03
TASK_06447,Create REST API,Database,High,Henry,Completed,2,0,2026-07-20,2026-08-16
TASK_06448,Implement dark mode,DevOps,Medium,Frank,Pending,15,7,2026-04-29,2026-05-07
TASK_06449,Implement payment gateway,Feature,Medium,Emma,On Hold,6,1,2026-06-22,2026-07-15
TASK_06450,Fix login authentication bug,Documentation,Critical,Charlie,On Hold,6,2,2026-06-29,2026-07-05
TASK_06451,Add search functionality,Testing,High,Bob,Pending,1,1,2026-02-06,2026-02-22
TASK_06452,Fix responsive layout,Testing,Critical,David,In Progress,6,1,2026-04-29,2026-05-24
TASK_06453,Improve application performance,Bug,High,Emma,Pending,4,0,2026-07-19,2026-08-13
TASK_06454,Integrate email notifications,Testing,High,Charlie,Pending,1,1,2026-03-06,2026-03-31
TASK_06455,Develop analytics dashboard,Security,Low,Grace,In Progress,10,7,2026-06-21,2026-07-16
TASK_06456,Fix login authentication bug,Backend,High,Charlie,Completed,5,4,2026-05-01,2026-05-27
TASK_06457,Fix login authentication bug,DevOps,Medium,David,In Progress,19,7,2026-02-07,2026-02-17
TASK_06458,Optimize SQL queries,Security,Medium,Charlie,Pending,10,4,2026-03-07,2026-03-11
TASK_06459,Implement chatbot,Bug,Medium,Alice,Completed,2,0,2026-04-04,2026-04-09
TASK_06460,Improve application performance,Documentation,Low,Alice,Pending,10,8,2026-06-19,2026-07-16
TASK_06461,Develop analytics dashboard,Frontend,Critical,David,On Hold,12,3,2026-02-04,2026-02-18
TASK_06462,Develop user profile page,Security,Critical,Emma,Completed,3,3,2026-02-04,2026-02-07
TASK_06463,Refactor backend code,UI/UX,Critical,David,In Progress,20,12,2026-02-28,2026-03-10
TASK_06464,Configure CI/CD pipeline,UI/UX,Critical,Bob,Completed,12,10,2026-03-24,2026-04-12
TASK_06465,Optimize SQL queries,Backend,High,Alice,On Hold,20,12,2026-02-13,2026-03-11
TASK_06466,Implement chatbot,Security,Critical,Emma,In Progress,12,11,2026-06-15,2026-07-07
TASK_06467,Refactor backend code,Backend,High,David,On Hold,12,8,2026-03-07,2026-03-16
TASK_06468,Improve application performance,Backend,Medium,Charlie,In Progress,4,1,2026-05-15,2026-06-01
TASK_06469,Build admin panel,UI/UX,High,Frank,In Progress,17,15,2026-04-04,2026-04-30
TASK_06470,Fix login authentication bug,Documentation,Low,Emma,In Progress,18,5,2026-04-07,2026-04-15
TASK_06471,Optimize SQL queries,Frontend,Medium,Frank,In Progress,8,6,2026-01-31,2026-02-27
TASK_06472,Create reports module,UI/UX,High,Grace,In Progress,14,12,2026-02-04,2026-02-08
TASK_06473,Refactor backend code,Frontend,Low,Charlie,On Hold,10,7,2026-02-22,2026-03-11
TASK_06474,Develop user profile page,Testing,Low,Henry,Pending,19,0,2026-06-27,2026-07-17
TASK_06475,Create reports module,Documentation,Low,Emma,Completed,12,4,2026-02-03,2026-02-07
TASK_06476,Implement dark mode,UI/UX,Low,Grace,Pending,19,6,2026-03-24,2026-04-16
TASK_06477,Implement dark mode,Feature,High,Grace,Completed,7,4,2026-06-17,2026-07-11
TASK_06478,Update project documentation,UI/UX,Medium,Emma,In Progress,5,2,2026-05-20,2026-06-02
TASK_06479,Implement dark mode,Security,Medium,Grace,On Hold,16,12,2026-05-14,2026-05-23
TASK_06480,Add search functionality,UI/UX,High,Henry,On Hold,8,0,2026-07-04,2026-07-19
TASK_06481,Fix responsive layout,UI/UX,Medium,Grace,In Progress,3,1,2026-06-12,2026-06-15
TASK_06482,Create reports module,UI/UX,Critical,Frank,In Progress,7,7,2026-03-26,2026-04-20
TASK_06483,Implement payment gateway,Database,Medium,Alice,In Progress,3,2,2026-04-09,2026-04-20
TASK_06484,Implement chatbot,Testing,Low,Grace,Pending,6,6,2026-05-10,2026-05-14
TASK_06485,Optimize SQL queries,UI/UX,Low,David,On Hold,16,11,2026-04-11,2026-04-19
TASK_06486,Integrate email notifications,Backend,Medium,Emma,Pending,6,6,2026-06-08,2026-06-24
TASK_06487,Develop analytics dashboard,Bug,Low,Frank,On Hold,14,4,2026-02-18,2026-03-15
TASK_06488,Fix login authentication bug,Frontend,Medium,Grace,Completed,3,0,2026-04-03,2026-04-19
TASK_06489,Build admin panel,Frontend,High,Frank,In Progress,14,7,2026-04-26,2026-05-07
TASK_06490,Configure CI/CD pipeline,Database,Low,Charlie,Pending,1,0,2026-06-23,2026-07-13
TASK_06491,Improve application performance,Feature,Critical,David,Pending,10,1,2026-07-25,2026-08-14
TASK_06492,Integrate email notifications,Backend,High,Charlie,On Hold,13,13,2026-06-12,2026-06-15
TASK_06493,Fix login authentication bug,Database,Medium,Alice,Completed,7,4,2026-05-29,2026-06-14
TASK_06494,Update project documentation,Security,Medium,Bob,Pending,2,0,2026-05-18,2026-05-30
TASK_06495,Add search functionality,Backend,High,Bob,Completed,11,5,2026-07-09,2026-08-07
TASK_06496,Add search functionality,Backend,Medium,Frank,On Hold,18,16,2026-04-11,2026-04-24
TASK_06497,Improve application performance,UI/UX,Critical,Alice,In Progress,13,10,2026-05-18,2026-06-06
TASK_06498,Develop user profile page,UI/UX,Medium,Alice,Pending,18,14,2026-03-04,2026-03-26
TASK_06499,Add search functionality,Backend,Low,Bob,In Progress,3,1,2026-06-20,2026-07-03
TASK_06500,Refactor backend code,Database,High,Emma,On Hold,6,1,2026-07-26,2026-08-15
TASK_06501,Update project documentation,Testing,Low,Henry,Completed,5,4,2026-03-13,2026-03-25
TASK_06502,Refactor backend code,Backend,Low,Henry,On Hold,15,1,2026-04-19,2026-04-29
TASK_06503,Update project documentation,Frontend,High,Charlie,In Progress,16,4,2026-06-11,2026-06-23
TASK_06504,Implement dark mode,Backend,Medium,Grace,Completed,4,4,2026-05-26,2026-06-05
TASK_06505,Implement chatbot,Security,Medium,Grace,In Progress,13,7,2026-01-29,2026-02-10
TASK_06506,Refactor backend code,Backend,High,Frank,Pending,13,5,2026-03-25,2026-04-06
TASK_06507,Optimize SQL queries,Bug,Low,Frank,Completed,2,1,2026-05-21,2026-06-17
TASK_06508,Configure CI/CD pipeline,DevOps,Critical,Henry,On Hold,12,6,2026-05-01,2026-05-10
TASK_06509,Develop user profile page,Security,Critical,Charlie,Pending,7,1,2026-02-22,2026-03-03
TASK_06510,Design dashboard UI,Frontend,Critical,David,Completed,2,1,2026-03-09,2026-03-29
TASK_06511,Add search functionality,DevOps,High,Henry,Pending,8,0,2026-04-09,2026-04-22
TASK_06512,Deploy application,DevOps,Medium,Charlie,On Hold,10,7,2026-02-17,2026-03-08
TASK_06513,Create REST API,Documentation,Medium,Grace,In Progress,1,0,2026-06-17,2026-07-01
TASK_06514,Integrate email notifications,Feature,Critical,Emma,In Progress,3,2,2026-05-03,2026-05-17
TASK_06515,Develop user profile page,DevOps,High,Grace,Completed,12,3,2026-02-02,2026-02-14
TASK_06516,Configure CI/CD pipeline,Database,Medium,David,In Progress,20,17,2026-07-07,2026-07-22
TASK_06517,Improve application performance,Security,Low,Bob,Pending,9,3,2026-01-31,2026-02-27
TASK_06518,Fix responsive layout,Frontend,High,David,On Hold,15,14,2026-06-23,2026-07-01
TASK_06519,Implement chatbot,DevOps,High,Alice,Pending,5,1,2026-03-07,2026-03-21
TASK_06520,Update project documentation,Backend,High,David,Pending,20,3,2026-06-13,2026-06-21
TASK_06521,Create REST API,Documentation,Low,Grace,Completed,18,7,2026-05-05,2026-06-03
TASK_06522,Add search functionality,UI/UX,Low,Henry,Completed,19,13,2026-04-30,2026-05-04
TASK_06523,Improve application performance,Backend,Low,Henry,Pending,17,14,2026-03-29,2026-04-27
TASK_06524,Implement chatbot,Feature,Medium,Frank,On Hold,8,4,2026-05-22,2026-06-07
TASK_06525,Implement dark mode,UI/UX,Low,Charlie,Completed,6,3,2026-03-25,2026-04-21
TASK_06526,Write unit tests,Documentation,High,Charlie,In Progress,5,1,2026-07-14,2026-07-27
TASK_06527,Create REST API,Documentation,Low,Emma,On Hold,6,6,2026-06-21,2026-07-11
TASK_06528,Develop analytics dashboard,Bug,Critical,Bob,On Hold,20,17,2026-07-05,2026-08-02
TASK_06529,Design dashboard UI,Security,Low,Grace,On Hold,8,6,2026-04-20,2026-05-04
TASK_06530,Build admin panel,Feature,Critical,Emma,Completed,4,4,2026-07-25,2026-07-28
TASK_06531,Design dashboard UI,Documentation,Medium,Grace,Pending,19,15,2026-05-11,2026-05-26
TASK_06532,Configure CI/CD pipeline,Frontend,Low,Bob,In Progress,19,7,2026-06-12,2026-06-17
TASK_06533,Optimize SQL queries,Feature,Low,Grace,Pending,16,11,2026-07-05,2026-08-02
TASK_06534,Deploy application,Security,Critical,Bob,Completed,5,5,2026-03-19,2026-04-14
TASK_06535,Integrate email notifications,Testing,Medium,Grace,Completed,3,3,2026-02-06,2026-02-09
TASK_06536,Develop user profile page,Database,Low,Frank,In Progress,6,1,2026-03-05,2026-03-30
TASK_06537,Implement payment gateway,Documentation,Medium,Charlie,In Progress,5,5,2026-05-26,2026-06-15
TASK_06538,Develop analytics dashboard,Backend,Low,Frank,Pending,5,5,2026-03-04,2026-03-09
TASK_06539,Develop user profile page,Feature,Low,Bob,Completed,1,0,2026-07-09,2026-07-25
TASK_06540,Build admin panel,Database,High,Emma,Completed,4,3,2026-04-23,2026-04-26
TASK_06541,Optimize SQL queries,Testing,Low,Alice,In Progress,10,1,2026-03-29,2026-04-21
TASK_06542,Improve application performance,Security,High,Henry,On Hold,14,2,2026-05-03,2026-05-30
TASK_06543,Fix login authentication bug,Documentation,High,Emma,On Hold,20,15,2026-06-17,2026-07-03
TASK_06544,Develop user profile page,UI/UX,High,Grace,Pending,11,0,2026-03-02,2026-03-31
TASK_06545,Integrate email notifications,Documentation,Critical,David,In Progress,11,3,2026-07-06,2026-07-23
TASK_06546,Build admin panel,Security,Medium,Frank,In Progress,5,4,2026-06-24,2026-06-28
TASK_06547,Create REST API,Database,Medium,Grace,On Hold,6,5,2026-07-21,2026-08-09
TASK_06548,Develop analytics dashboard,Frontend,High,Alice,Completed,12,5,2026-04-21,2026-05-05
TASK_06549,Fix responsive layout,DevOps,Medium,Grace,Pending,16,9,2026-02-17,2026-03-15
TASK_06550,Build admin panel,Bug,Low,Frank,In Progress,15,4,2026-03-31,2026-04-20
TASK_06551,Integrate email notifications,UI/UX,Medium,Bob,On Hold,19,1,2026-07-08,2026-07-25
TASK_06552,Optimize SQL queries,Feature,Critical,Charlie,On Hold,18,10,2026-06-05,2026-07-04
TASK_06553,Write unit tests,Database,Medium,Emma,On Hold,9,7,2026-07-15,2026-07-24
TASK_06554,Implement chatbot,Bug,High,Alice,Pending,4,3,2026-07-10,2026-08-07
TASK_06555,Implement chatbot,Documentation,Low,Emma,Completed,7,4,2026-03-03,2026-03-05
TASK_06556,Implement payment gateway,Feature,Medium,Henry,In Progress,4,3,2026-05-14,2026-06-01
TASK_06557,Implement chatbot,Frontend,Medium,David,Completed,2,1,2026-04-04,2026-04-15
TASK_06558,Develop analytics dashboard,DevOps,High,David,On Hold,14,14,2026-02-05,2026-02-23
TASK_06559,Develop analytics dashboard,Documentation,High,Grace,On Hold,10,1,2026-04-23,2026-05-16
TASK_06560,Develop user profile page,Documentation,Medium,Emma,On Hold,18,8,2026-04-25,2026-05-12
TASK_06561,Update project documentation,UI/UX,Low,Frank,On Hold,15,14,2026-05-09,2026-05-26
TASK_06562,Add search functionality,UI/UX,High,Frank,Pending,3,1,2026-04-13,2026-04-16
TASK_06563,Integrate email notifications,DevOps,Medium,Henry,Completed,20,6,2026-03-20,2026-03-24
TASK_06564,Fix responsive layout,Testing,Low,Alice,Completed,20,16,2026-05-11,2026-05-20
TASK_06565,Refactor backend code,Documentation,Low,Alice,Pending,11,8,2026-06-28,2026-07-13
TASK_06566,Optimize SQL queries,Bug,Critical,Alice,In Progress,4,0,2026-03-06,2026-04-02
TASK_06567,Integrate email notifications,Database,Critical,Alice,On Hold,7,0,2026-03-08,2026-03-17
TASK_06568,Improve application performance,Feature,High,Bob,In Progress,10,4,2026-03-01,2026-03-31
TASK_06569,Improve application performance,Bug,High,Henry,In Progress,1,1,2026-07-20,2026-08-08
TASK_06570,Deploy application,Feature,High,Charlie,Pending,15,14,2026-03-01,2026-03-23
TASK_06571,Build admin panel,UI/UX,Low,Emma,Pending,9,3,2026-07-21,2026-08-01
TASK_06572,Implement payment gateway,Backend,High,Grace,Completed,15,15,2026-07-21,2026-08-19
TASK_06573,Create REST API,UI/UX,Low,Bob,In Progress,2,1,2026-06-26,2026-07-26
TASK_06574,Update project documentation,Security,Medium,Alice,Pending,4,4,2026-04-12,2026-05-04
TASK_06575,Build admin panel,UI/UX,Critical,Alice,Pending,11,9,2026-05-26,2026-06-08
TASK_06576,Design dashboard UI,DevOps,High,Alice,Completed,8,5,2026-07-02,2026-07-17
TASK_06577,Add search functionality,UI/UX,Critical,David,Completed,4,4,2026-06-17,2026-07-04
TASK_06578,Deploy application,Documentation,High,Alice,In Progress,2,2,2026-06-18,2026-07-09
TASK_06579,Implement dark mode,Bug,High,Charlie,Completed,17,1,2026-02-22,2026-03-07
TASK_06580,Implement dark mode,Testing,Critical,Charlie,In Progress,12,11,2026-02-02,2026-03-03
TASK_06581,Implement chatbot,Feature,Medium,Henry,In Progress,8,5,2026-02-18,2026-02-27
TASK_06582,Configure CI/CD pipeline,Database,High,Henry,In Progress,3,2,2026-05-02,2026-06-01
TASK_06583,Build admin panel,Frontend,Critical,Henry,Pending,8,2,2026-03-27,2026-04-08
TASK_06584,Refactor backend code,Bug,Critical,Frank,Completed,19,13,2026-04-03,2026-04-17
TASK_06585,Implement payment gateway,Testing,Critical,Bob,In Progress,1,1,2026-04-21,2026-05-13
TASK_06586,Update project documentation,UI/UX,High,Charlie,On Hold,6,3,2026-06-05,2026-06-25
TASK_06587,Configure CI/CD pipeline,Frontend,High,Charlie,On Hold,20,9,2026-06-05,2026-06-20
TASK_06588,Create reports module,Bug,Critical,Emma,Completed,1,1,2026-03-06,2026-03-19
TASK_06589,Create reports module,Bug,Critical,Emma,Completed,11,8,2026-05-12,2026-05-30
TASK_06590,Fix login authentication bug,Frontend,Critical,Frank,Pending,14,13,2026-05-16,2026-06-04
TASK_06591,Develop analytics dashboard,Backend,Low,Henry,On Hold,5,3,2026-05-10,2026-05-21
TASK_06592,Integrate email notifications,Frontend,Medium,Frank,Completed,14,5,2026-03-10,2026-03-26
TASK_06593,Build admin panel,Database,Low,Alice,In Progress,16,2,2026-05-22,2026-05-25
TASK_06594,Integrate email notifications,Documentation,Critical,David,On Hold,12,3,2026-04-05,2026-04-17
TASK_06595,Optimize SQL queries,Documentation,Critical,Henry,Pending,3,0,2026-04-21,2026-04-24
TASK_06596,Integrate email notifications,Security,Low,Charlie,Pending,5,5,2026-02-04,2026-03-02
TASK_06597,Implement chatbot,Documentation,Critical,Emma,Completed,13,8,2026-04-30,2026-05-19
TASK_06598,Design dashboard UI,Testing,Low,Alice,Completed,16,15,2026-05-26,2026-06-15
TASK_06599,Update project documentation,Backend,Low,Henry,Completed,17,15,2026-03-09,2026-04-03
TASK_06600,Configure CI/CD pipeline,Feature,High,Alice,Completed,5,3,2026-04-08,2026-04-15
TASK_06601,Fix responsive layout,Backend,High,Alice,On Hold,9,4,2026-07-21,2026-08-03
TASK_06602,Implement dark mode,Security,High,Charlie,Pending,6,3,2026-04-01,2026-05-01
TASK_06603,Write unit tests,Security,High,David,Completed,8,2,2026-03-06,2026-03-09
TASK_06604,Create REST API,Bug,High,Henry,On Hold,16,3,2026-06-23,2026-07-06
TASK_06605,Develop analytics dashboard,Security,Low,Emma,In Progress,6,2,2026-04-05,2026-04-10
TASK_06606,Design dashboard UI,UI/UX,Medium,Charlie,In Progress,15,9,2026-07-08,2026-07-22
TASK_06607,Configure CI/CD pipeline,UI/UX,Critical,Grace,In Progress,6,6,2026-05-29,2026-06-17
TASK_06608,Implement chatbot,Security,Critical,Henry,Completed,11,0,2026-03-31,2026-04-18
TASK_06609,Update project documentation,DevOps,Critical,Grace,Completed,17,14,2026-06-03,2026-06-26
TASK_06610,Refactor backend code,Backend,High,Grace,In Progress,6,4,2026-05-12,2026-05-30
TASK_06611,Update project documentation,Database,Medium,Emma,In Progress,9,3,2026-05-09,2026-05-22
TASK_06612,Design dashboard UI,DevOps,High,Emma,In Progress,4,2,2026-05-29,2026-06-15
TASK_06613,Improve application performance,UI/UX,Critical,Frank,Pending,3,1,2026-05-04,2026-05-23
TASK_06614,Implement dark mode,Bug,High,Henry,In Progress,7,0,2026-03-15,2026-04-06
TASK_06615,Implement dark mode,Database,Critical,Charlie,In Progress,12,7,2026-05-11,2026-05-28
TASK_06616,Design dashboard UI,Frontend,Critical,Grace,Pending,1,1,2026-06-20,2026-06-28
TASK_06617,Add search functionality,DevOps,Critical,Emma,Pending,20,1,2026-04-24,2026-05-17
TASK_06618,Develop analytics dashboard,Bug,Critical,Alice,In Progress,14,4,2026-02-03,2026-03-04
TASK_06619,Fix responsive layout,UI/UX,Low,Emma,Pending,19,13,2026-04-30,2026-05-02
TASK_06620,Integrate email notifications,UI/UX,High,Henry,On Hold,14,4,2026-05-14,2026-05-22
TASK_06621,Implement chatbot,Backend,High,Charlie,In Progress,15,5,2026-07-15,2026-08-02
TASK_06622,Fix responsive layout,Database,Low,Emma,Completed,2,1,2026-02-21,2026-03-07
TASK_06623,Write unit tests,Security,Low,David,On Hold,1,1,2026-03-04,2026-03-30
TASK_06624,Integrate email notifications,Documentation,High,Henry,On Hold,1,0,2026-07-11,2026-08-05
TASK_06625,Integrate email notifications,Frontend,Critical,Emma,On Hold,20,15,2026-05-17,2026-06-05
TASK_06626,Add search functionality,DevOps,Low,Frank,Completed,10,6,2026-02-05,2026-02-14
TASK_06627,Implement payment gateway,Feature,Critical,Alice,Pending,19,3,2026-02-21,2026-03-06
TASK_06628,Develop user profile page,Database,Critical,Emma,In Progress,3,2,2026-03-18,2026-04-12
TASK_06629,Fix login authentication bug,Security,Critical,Charlie,Completed,8,5,2026-04-24,2026-05-01
TASK_06630,Fix login authentication bug,Feature,Critical,Charlie,In Progress,3,0,2026-06-05,2026-06-17
TASK_06631,Implement payment gateway,DevOps,Low,David,Completed,10,0,2026-01-28,2026-02-09
TASK_06632,Update project documentation,UI/UX,Critical,Alice,Pending,8,5,2026-07-03,2026-07-27
TASK_06633,Design dashboard UI,DevOps,Critical,Henry,In Progress,3,1,2026-05-15,2026-06-08
TASK_06634,Configure CI/CD pipeline,Bug,Medium,Emma,Completed,14,11,2026-04-26,2026-05-21
TASK_06635,Configure CI/CD pipeline,Frontend,High,David,In Progress,7,7,2026-05-16,2026-05-24
TASK_06636,Create REST API,Bug,Medium,David,In Progress,19,17,2026-04-02,2026-04-30
TASK_06637,Fix login authentication bug,Frontend,Critical,Bob,Pending,6,4,2026-07-25,2026-08-10
TASK_06638,Implement dark mode,Documentation,Medium,Henry,Pending,8,5,2026-06-08,2026-06-17
TASK_06639,Update project documentation,Bug,Critical,Grace,Pending,12,6,2026-02-07,2026-03-07
TASK_06640,Develop user profile page,Frontend,High,Grace,On Hold,5,5,2026-02-09,2026-02-17
TASK_06641,Create REST API,DevOps,Critical,Frank,On Hold,15,9,2026-07-26,2026-07-29
TASK_06642,Design dashboard UI,Backend,Medium,Bob,On Hold,17,12,2026-06-25,2026-07-11
TASK_06643,Update project documentation,Bug,Medium,Charlie,Completed,1,1,2026-07-23,2026-08-17
TASK_06644,Create REST API,DevOps,Medium,Grace,In Progress,4,4,2026-02-17,2026-02-22
TASK_06645,Deploy application,Bug,Medium,Emma,On Hold,4,2,2026-03-14,2026-03-18
TASK_06646,Build admin panel,DevOps,Medium,Frank,Completed,13,2,2026-07-25,2026-08-02
TASK_06647,Create REST API,Database,Critical,Henry,Completed,16,15,2026-04-28,2026-05-26
TASK_06648,Develop analytics dashboard,DevOps,Low,Charlie,Pending,11,1,2026-02-12,2026-02-15
TASK_06649,Update project documentation,Documentation,High,Charlie,Completed,3,1,2026-06-21,2026-06-29
TASK_06650,Develop analytics dashboard,Feature,High,Charlie,Pending,11,1,2026-04-17,2026-05-11
TASK_06651,Design dashboard UI,Documentation,Medium,Charlie,In Progress,1,1,2026-05-12,2026-05-14
TASK_06652,Update project documentation,Security,Medium,Charlie,Completed,11,3,2026-03-19,2026-04-11
TASK_06653,Develop analytics dashboard,Frontend,Critical,Frank,In Progress,2,0,2026-02-17,2026-02-26
TASK_06654,Improve application performance,Security,High,Grace,In Progress,9,0,2026-02-24,2026-03-09
TASK_06655,Improve application performance,Testing,Medium,Grace,In Progress,12,7,2026-02-27,2026-03-05
TASK_06656,Design dashboard UI,Security,Medium,Henry,In Progress,8,2,2026-01-29,2026-02-18
TASK_06657,Build admin panel,DevOps,Medium,Grace,Pending,17,6,2026-06-16,2026-07-12
TASK_06658,Create reports module,Backend,High,Bob,In Progress,5,3,2026-05-05,2026-05-11
TASK_06659,Implement payment gateway,Documentation,High,Henry,On Hold,1,0,2026-04-19,2026-04-28
TASK_06660,Implement dark mode,Bug,Medium,Frank,Completed,12,4,2026-02-06,2026-02-26
TASK_06661,Write unit tests,DevOps,Medium,Frank,In Progress,19,1,2026-06-15,2026-07-14
TASK_06662,Update project documentation,Feature,Medium,Bob,Pending,5,1,2026-02-28,2026-03-28
TASK_06663,Optimize SQL queries,Backend,Low,Grace,Completed,12,2,2026-05-14,2026-05-22
TASK_06664,Integrate email notifications,Feature,Medium,Charlie,Pending,14,3,2026-02-27,2026-03-18
TASK_06665,Create REST API,Feature,High,Charlie,On Hold,7,6,2026-03-25,2026-04-10
TASK_06666,Add search functionality,Database,Medium,Bob,On Hold,20,2,2026-05-01,2026-05-04
TASK_06667,Improve application performance,Frontend,Low,Charlie,In Progress,18,3,2026-06-15,2026-06-25
TASK_06668,Integrate email notifications,DevOps,Medium,Henry,On Hold,6,4,2026-02-20,2026-02-25
TASK_06669,Refactor backend code,DevOps,Critical,David,On Hold,15,14,2026-06-08,2026-06-28
TASK_06670,Create REST API,Security,Critical,Emma,Pending,2,1,2026-05-19,2026-05-28
TASK_06671,Create reports module,DevOps,High,Henry,On Hold,8,4,2026-02-03,2026-02-14
TASK_06672,Create REST API,Frontend,Medium,Grace,Pending,11,1,2026-02-17,2026-03-04
TASK_06673,Develop user profile page,Frontend,Critical,Frank,In Progress,7,5,2026-02-12,2026-03-09
TASK_06674,Improve application performance,Feature,High,Bob,In Progress,6,3,2026-06-13,2026-07-08
TASK_06675,Implement dark mode,Frontend,Medium,Frank,In Progress,4,1,2026-02-13,2026-03-11
TASK_06676,Design dashboard UI,Documentation,Critical,Bob,Pending,9,4,2026-05-17,2026-05-21
TASK_06677,Refactor backend code,Feature,Low,Charlie,In Progress,4,2,2026-07-01,2026-07-24
TASK_06678,Fix login authentication bug,Frontend,Critical,Grace,Pending,17,16,2026-02-02,2026-02-23
TASK_06679,Design dashboard UI,Database,Critical,Charlie,On Hold,10,7,2026-05-28,2026-06-23
TASK_06680,Build admin panel,DevOps,Critical,Bob,Completed,9,7,2026-04-21,2026-05-15
TASK_06681,Write unit tests,Feature,Medium,Henry,Pending,11,4,2026-04-21,2026-05-02
TASK_06682,Develop user profile page,Frontend,High,Bob,Completed,18,3,2026-04-20,2026-05-12
TASK_06683,Design dashboard UI,Testing,Low,Charlie,On Hold,3,1,2026-07-06,2026-07-17
TASK_06684,Implement dark mode,Documentation,Critical,Frank,In Progress,18,7,2026-03-26,2026-04-01
TASK_06685,Fix login authentication bug,Backend,Medium,Charlie,Completed,4,4,2026-05-06,2026-06-01
TASK_06686,Implement dark mode,Database,High,Frank,Completed,12,12,2026-07-09,2026-07-19
TASK_06687,Configure CI/CD pipeline,Feature,Low,Emma,Pending,11,6,2026-04-29,2026-05-20
TASK_06688,Implement payment gateway,Testing,Low,Henry,Pending,16,0,2026-01-28,2026-02-03
TASK_06689,Build admin panel,DevOps,Critical,Bob,Completed,5,5,2026-07-21,2026-08-08
TASK_06690,Implement chatbot,Documentation,High,David,On Hold,17,2,2026-06-14,2026-07-02
TASK_06691,Design dashboard UI,DevOps,High,Grace,Pending,11,4,2026-04-26,2026-05-14
TASK_06692,Add search functionality,Backend,Medium,Alice,In Progress,1,1,2026-05-15,2026-05-23
TASK_06693,Build admin panel,Bug,Low,Henry,On Hold,12,9,2026-03-02,2026-03-23
TASK_06694,Write unit tests,Frontend,Low,Grace,In Progress,18,15,2026-03-12,2026-04-01
TASK_06695,Implement payment gateway,Backend,Medium,Emma,Pending,17,6,2026-03-30,2026-04-19
TASK_06696,Fix responsive layout,DevOps,High,David,On Hold,20,13,2026-07-13,2026-07-29
TASK_06697,Implement dark mode,Testing,Critical,Grace,Completed,12,12,2026-03-01,2026-03-03
TASK_06698,Write unit tests,Security,High,Charlie,On Hold,3,3,2026-04-26,2026-05-03
TASK_06699,Update project documentation,Bug,High,Charlie,On Hold,20,4,2026-03-25,2026-03-29
TASK_06700,Configure CI/CD pipeline,UI/UX,High,Frank,Completed,14,7,2026-04-04,2026-04-27
TASK_06701,Create reports module,Feature,Medium,Grace,Pending,8,1,2026-05-23,2026-06-15
TASK_06702,Design dashboard UI,Database,Low,David,On Hold,5,4,2026-02-11,2026-02-17
TASK_06703,Develop analytics dashboard,Testing,Critical,Emma,Pending,17,1,2026-05-26,2026-06-17
TASK_06704,Fix responsive layout,UI/UX,Medium,Bob,On Hold,14,2,2026-05-27,2026-05-30
TASK_06705,Deploy application,Database,Low,Emma,Pending,18,7,2026-06-15,2026-07-12
TASK_06706,Update project documentation,Bug,Medium,Alice,Pending,10,2,2026-03-21,2026-03-31
TASK_06707,Design dashboard UI,Security,Low,Grace,Completed,7,3,2026-04-13,2026-05-01
TASK_06708,Create reports module,Feature,Low,Alice,Completed,9,0,2026-03-31,2026-04-30
TASK_06709,Build admin panel,Frontend,Medium,Grace,Completed,11,0,2026-02-17,2026-03-09
TASK_06710,Configure CI/CD pipeline,Feature,Medium,Alice,On Hold,19,11,2026-03-21,2026-04-10
TASK_06711,Create REST API,Testing,High,Henry,On Hold,19,8,2026-05-18,2026-06-13
TASK_06712,Refactor backend code,Frontend,Low,Grace,In Progress,9,3,2026-02-05,2026-02-12
TASK_06713,Add search functionality,Feature,Low,Grace,In Progress,9,7,2026-02-03,2026-03-04
TASK_06714,Fix login authentication bug,Feature,Medium,Bob,In Progress,15,10,2026-05-03,2026-05-22
TASK_06715,Integrate email notifications,Backend,Critical,Henry,Completed,19,2,2026-07-05,2026-07-15
TASK_06716,Improve application performance,UI/UX,Critical,David,Pending,10,5,2026-02-06,2026-02-14
TASK_06717,Develop analytics dashboard,Security,High,Alice,In Progress,4,0,2026-03-28,2026-04-08
TASK_06718,Optimize SQL queries,DevOps,High,Emma,Completed,4,0,2026-07-24,2026-08-11
TASK_06719,Fix login authentication bug,DevOps,Medium,Emma,Completed,7,2,2026-05-21,2026-05-24
TASK_06720,Integrate email notifications,Security,High,Charlie,Pending,19,10,2026-02-12,2026-02-21
TASK_06721,Fix login authentication bug,Frontend,Medium,Charlie,Pending,4,0,2026-02-12,2026-03-07
TASK_06722,Improve application performance,DevOps,Low,Charlie,On Hold,4,4,2026-07-22,2026-07-26
TASK_06723,Implement payment gateway,DevOps,Medium,Alice,Completed,10,9,2026-05-30,2026-06-26
TASK_06724,Create REST API,Backend,Medium,Emma,Completed,20,7,2026-06-20,2026-07-09
TASK_06725,Fix login authentication bug,Database,High,Frank,Pending,3,0,2026-02-02,2026-02-06
TASK_06726,Design dashboard UI,DevOps,Critical,Frank,Pending,16,11,2026-02-22,2026-03-13
TASK_06727,Create REST API,Frontend,Critical,Frank,In Progress,6,5,2026-05-25,2026-06-09
TASK_06728,Create REST API,Frontend,Critical,Frank,On Hold,18,3,2026-05-16,2026-05-31
TASK_06729,Write unit tests,Backend,Low,Grace,Completed,20,11,2026-03-18,2026-04-05
TASK_06730,Develop user profile page,Feature,Critical,Alice,On Hold,1,1,2026-05-25,2026-06-03
TASK_06731,Deploy application,DevOps,Low,David,In Progress,13,1,2026-06-21,2026-07-15
TASK_06732,Write unit tests,Backend,High,Henry,Pending,6,1,2026-06-22,2026-07-20
TASK_06733,Deploy application,Feature,Medium,David,Pending,5,4,2026-03-06,2026-03-27
TASK_06734,Implement dark mode,Frontend,Low,David,In Progress,17,7,2026-06-14,2026-06-30
TASK_06735,Create REST API,Feature,Low,Bob,In Progress,12,5,2026-06-08,2026-07-01
TASK_06736,Implement payment gateway,Feature,Low,Frank,Pending,11,4,2026-05-08,2026-06-06
TASK_06737,Develop user profile page,Security,Low,Emma,Pending,7,1,2026-03-25,2026-04-10
TASK_06738,Add search functionality,Database,Critical,Bob,On Hold,17,3,2026-02-21,2026-03-05
TASK_06739,Create REST API,Testing,High,Charlie,Pending,7,5,2026-05-08,2026-05-10
TASK_06740,Develop analytics dashboard,Testing,Low,David,Completed,6,4,2026-03-21,2026-03-29
TASK_06741,Implement dark mode,Frontend,Low,Alice,In Progress,20,17,2026-02-26,2026-03-08
TASK_06742,Implement chatbot,UI/UX,High,Bob,Completed,16,11,2026-05-03,2026-05-11
TASK_06743,Create reports module,Security,Medium,David,On Hold,8,3,2026-04-05,2026-04-13
TASK_06744,Update project documentation,Security,Critical,Grace,Pending,3,3,2026-03-27,2026-04-24
TASK_06745,Implement chatbot,Backend,Low,Frank,On Hold,20,11,2026-07-14,2026-07-27
TASK_06746,Refactor backend code,Frontend,Low,Alice,Completed,8,4,2026-07-07,2026-07-23
TASK_06747,Create reports module,Database,Medium,Charlie,In Progress,4,3,2026-07-13,2026-08-05
TASK_06748,Optimize SQL queries,Frontend,High,Henry,In Progress,18,5,2026-04-05,2026-04-21
TASK_06749,Deploy application,Database,Low,Grace,Pending,14,11,2026-03-03,2026-03-07
TASK_06750,Optimize SQL queries,UI/UX,Critical,Grace,Pending,14,5,2026-03-03,2026-03-16
TASK_06751,Fix login authentication bug,Bug,Low,Frank,Pending,16,10,2026-05-16,2026-06-05
TASK_06752,Integrate email notifications,DevOps,Critical,Alice,On Hold,19,2,2026-05-07,2026-05-13
TASK_06753,Integrate email notifications,UI/UX,Medium,David,Pending,20,18,2026-05-23,2026-06-13
TASK_06754,Develop user profile page,Database,Critical,Henry,On Hold,9,9,2026-07-25,2026-08-08
TASK_06755,Develop analytics dashboard,Backend,Critical,Frank,Pending,12,10,2026-07-23,2026-07-28
TASK_06756,Develop analytics dashboard,Security,Medium,Grace,Pending,8,0,2026-04-01,2026-04-19
TASK_06757,Write unit tests,Backend,Low,Frank,In Progress,18,8,2026-02-25,2026-03-10
TASK_06758,Implement chatbot,Frontend,Low,Emma,In Progress,5,1,2026-05-02,2026-05-14
TASK_06759,Integrate email notifications,Testing,Critical,Henry,On Hold,12,10,2026-06-02,2026-06-25
TASK_06760,Optimize SQL queries,DevOps,High,Emma,Completed,14,14,2026-02-22,2026-03-11
TASK_06761,Implement dark mode,UI/UX,Medium,Henry,In Progress,11,3,2026-04-24,2026-05-24
TASK_06762,Add search functionality,DevOps,Medium,Henry,Completed,20,5,2026-06-21,2026-06-25
TASK_06763,Deploy application,Documentation,Medium,Alice,On Hold,1,1,2026-03-13,2026-03-26
TASK_06764,Implement payment gateway,Feature,Medium,Henry,Pending,2,1,2026-02-14,2026-03-11
TASK_06765,Add search functionality,Testing,Medium,Charlie,Pending,6,2,2026-07-06,2026-07-13
TASK_06766,Implement chatbot,Bug,High,Emma,Pending,9,8,2026-06-19,2026-06-30
TASK_06767,Add search functionality,Security,Low,Alice,In Progress,14,5,2026-07-25,2026-08-17
TASK_06768,Fix login authentication bug,Feature,High,Grace,Completed,5,2,2026-06-11,2026-07-07
TASK_06769,Design dashboard UI,DevOps,Low,Alice,Completed,18,1,2026-02-23,2026-03-20
TASK_06770,Implement payment gateway,Feature,Low,Bob,On Hold,4,3,2026-03-09,2026-03-19
TASK_06771,Fix responsive layout,DevOps,Critical,Henry,In Progress,18,6,2026-02-08,2026-02-19
TASK_06772,Refactor backend code,Bug,Critical,Henry,In Progress,5,1,2026-04-03,2026-04-17
TASK_06773,Fix responsive layout,Feature,High,David,In Progress,1,1,2026-06-04,2026-06-14
TASK_06774,Create reports module,Database,Medium,Henry,Pending,1,1,2026-05-15,2026-06-08
TASK_06775,Build admin panel,Testing,Low,Grace,In Progress,16,14,2026-04-18,2026-05-03
TASK_06776,Optimize SQL queries,Testing,Critical,Charlie,Completed,4,4,2026-04-14,2026-05-04
TASK_06777,Implement chatbot,Backend,Critical,Emma,On Hold,8,7,2026-05-24,2026-06-19
TASK_06778,Create REST API,Documentation,Low,Charlie,Pending,5,1,2026-06-03,2026-06-30
TASK_06779,Improve application performance,Security,Low,Frank,Completed,7,3,2026-03-13,2026-03-24
TASK_06780,Update project documentation,Database,Low,Frank,Completed,2,0,2026-05-17,2026-05-20
TASK_06781,Implement chatbot,Feature,Critical,Charlie,Completed,8,8,2026-06-01,2026-06-04
TASK_06782,Deploy application,Testing,Critical,Emma,Completed,1,1,2026-04-21,2026-05-10
TASK_06783,Create REST API,Backend,High,Grace,Completed,19,17,2026-05-24,2026-06-19
TASK_06784,Write unit tests,UI/UX,High,Grace,Completed,16,0,2026-02-27,2026-03-03
TASK_06785,Improve application performance,Frontend,Medium,Frank,On Hold,15,4,2026-04-25,2026-05-14
TASK_06786,Improve application performance,Testing,High,Frank,In Progress,6,3,2026-05-05,2026-05-25
TASK_06787,Update project documentation,Database,Medium,David,Completed,20,5,2026-03-28,2026-04-14
TASK_06788,Create reports module,Testing,Critical,Charlie,Completed,19,18,2026-06-16,2026-06-28
TASK_06789,Fix login authentication bug,Security,High,Alice,Completed,5,4,2026-05-08,2026-06-07
TASK_06790,Configure CI/CD pipeline,Bug,Low,Charlie,Completed,18,2,2026-04-27,2026-05-01
TASK_06791,Design dashboard UI,DevOps,High,David,On Hold,18,0,2026-07-09,2026-07-24
TASK_06792,Update project documentation,Bug,Low,Emma,In Progress,3,0,2026-03-27,2026-03-31
TASK_06793,Update project documentation,Bug,Low,Frank,Completed,18,7,2026-06-25,2026-06-28
TASK_06794,Implement payment gateway,Security,Medium,Emma,Completed,15,7,2026-05-31,2026-06-13
TASK_06795,Create REST API,Database,Critical,Charlie,Pending,5,4,2026-04-16,2026-05-15
TASK_06796,Refactor backend code,Documentation,Critical,Charlie,In Progress,3,0,2026-07-03,2026-07-12
TASK_06797,Fix login authentication bug,Feature,High,Emma,On Hold,12,2,2026-05-11,2026-05-18
TASK_06798,Write unit tests,Documentation,Critical,Alice,Pending,12,5,2026-03-04,2026-03-27
TASK_06799,Implement payment gateway,Security,Critical,Frank,Completed,16,0,2026-06-07,2026-06-26
TASK_06800,Refactor backend code,DevOps,Critical,Bob,In Progress,16,7,2026-04-25,2026-05-24
TASK_06801,Fix responsive layout,Documentation,Low,Grace,On Hold,8,7,2026-03-06,2026-03-17
TASK_06802,Configure CI/CD pipeline,Testing,Low,Henry,In Progress,3,2,2026-03-31,2026-04-21
TASK_06803,Implement payment gateway,Feature,High,Emma,On Hold,12,2,2026-06-22,2026-07-17
TASK_06804,Optimize SQL queries,Bug,High,Bob,In Progress,18,5,2026-04-08,2026-04-16
TASK_06805,Refactor backend code,Testing,Critical,Emma,Completed,8,3,2026-02-13,2026-03-05
TASK_06806,Update project documentation,Testing,Low,David,In Progress,2,2,2026-05-05,2026-05-22
TASK_06807,Design dashboard UI,DevOps,Medium,Alice,Pending,8,5,2026-04-28,2026-05-17
TASK_06808,Implement dark mode,DevOps,Low,David,Completed,19,14,2026-05-31,2026-06-10
TASK_06809,Refactor backend code,Database,Low,Bob,On Hold,12,0,2026-06-01,2026-06-17
TASK_06810,Develop analytics dashboard,Frontend,Critical,Charlie,Completed,15,5,2026-02-24,2026-03-24
TASK_06811,Fix login authentication bug,Frontend,Medium,Henry,Pending,5,4,2026-06-15,2026-07-07
TASK_06812,Fix login authentication bug,Frontend,High,Charlie,On Hold,9,5,2026-06-11,2026-07-11
TASK_06813,Create REST API,UI/UX,Critical,Emma,Pending,18,18,2026-04-20,2026-05-15
TASK_06814,Develop user profile page,Documentation,Critical,Emma,Completed,3,3,2026-05-14,2026-06-08
TASK_06815,Implement chatbot,Frontend,Medium,David,In Progress,12,12,2026-01-28,2026-01-31
TASK_06816,Update project documentation,DevOps,High,Bob,Completed,2,2,2026-02-19,2026-03-18
TASK_06817,Build admin panel,Backend,Medium,Frank,In Progress,12,4,2026-05-17,2026-05-21
TASK_06818,Build admin panel,DevOps,Low,Grace,Pending,19,15,2026-02-27,2026-03-19
TASK_06819,Configure CI/CD pipeline,UI/UX,High,Bob,Completed,16,6,2026-04-14,2026-05-01
TASK_06820,Fix login authentication bug,Frontend,High,Alice,In Progress,8,2,2026-07-04,2026-07-17
TASK_06821,Deploy application,Bug,Medium,Henry,Pending,20,17,2026-03-14,2026-03-17
TASK_06822,Write unit tests,Testing,Critical,Henry,In Progress,16,2,2026-07-13,2026-08-05
TASK_06823,Fix responsive layout,UI/UX,Medium,Bob,Completed,11,0,2026-06-23,2026-07-17
TASK_06824,Improve application performance,Database,Critical,David,Completed,14,6,2026-03-12,2026-03-16
TASK_06825,Design dashboard UI,Feature,High,David,Pending,9,7,2026-03-04,2026-03-11
TASK_06826,Implement payment gateway,Security,Low,Grace,In Progress,15,6,2026-07-12,2026-08-01
TASK_06827,Develop analytics dashboard,Documentation,High,Charlie,On Hold,7,1,2026-03-24,2026-03-27
TASK_06828,Improve application performance,Frontend,High,David,On Hold,14,7,2026-04-06,2026-05-03
TASK_06829,Fix login authentication bug,UI/UX,Medium,Alice,On Hold,6,4,2026-02-10,2026-03-10
TASK_06830,Design dashboard UI,Bug,High,Charlie,Pending,10,5,2026-05-02,2026-05-26
TASK_06831,Create reports module,Backend,Medium,Bob,In Progress,19,17,2026-07-06,2026-07-17
TASK_06832,Write unit tests,Backend,High,Henry,In Progress,14,1,2026-07-02,2026-07-26
TASK_06833,Improve application performance,Backend,High,Bob,Completed,1,1,2026-07-07,2026-07-17
TASK_06834,Update project documentation,Security,Low,Grace,On Hold,8,3,2026-06-18,2026-07-08
TASK_06835,Write unit tests,Testing,Medium,Grace,On Hold,3,0,2026-05-27,2026-05-31
TASK_06836,Deploy application,Bug,Critical,David,Completed,12,1,2026-02-17,2026-03-02
TASK_06837,Implement dark mode,Feature,Low,Frank,In Progress,2,1,2026-06-15,2026-07-14
TASK_06838,Optimize SQL queries,Bug,Medium,David,In Progress,17,4,2026-05-07,2026-05-24
TASK_06839,Implement dark mode,Security,Critical,David,On Hold,12,1,2026-06-21,2026-07-10
TASK_06840,Integrate email notifications,Documentation,Low,David,In Progress,5,3,2026-03-23,2026-04-21
TASK_06841,Refactor backend code,Security,Medium,Henry,Pending,2,0,2026-05-16,2026-06-06
TASK_06842,Refactor backend code,Testing,Low,Bob,In Progress,11,3,2026-05-13,2026-05-30
TASK_06843,Improve application performance,Database,High,Frank,In Progress,18,3,2026-05-24,2026-06-17
TASK_06844,Improve application performance,Feature,High,Alice,Pending,18,16,2026-04-19,2026-04-25
TASK_06845,Configure CI/CD pipeline,Bug,Medium,Bob,On Hold,19,19,2026-03-18,2026-03-22
TASK_06846,Implement dark mode,Testing,Critical,David,Completed,15,9,2026-04-23,2026-05-16
TASK_06847,Deploy application,Testing,Critical,Bob,On Hold,10,5,2026-02-26,2026-03-09
TASK_06848,Add search functionality,Backend,Medium,Henry,Completed,2,0,2026-05-02,2026-05-04
TASK_06849,Deploy application,Frontend,Low,Charlie,Pending,15,1,2026-04-01,2026-04-15
TASK_06850,Implement payment gateway,DevOps,Medium,Emma,Completed,16,10,2026-06-26,2026-07-11
TASK_06851,Add search functionality,Security,Critical,Grace,In Progress,1,1,2026-06-24,2026-07-21
TASK_06852,Implement chatbot,Frontend,Low,Grace,Completed,18,3,2026-03-07,2026-03-26
TASK_06853,Refactor backend code,UI/UX,Critical,Henry,Pending,17,14,2026-05-30,2026-06-20
TASK_06854,Fix responsive layout,DevOps,Critical,Alice,In Progress,14,7,2026-07-25,2026-08-02
TASK_06855,Fix login authentication bug,Backend,Critical,Emma,In Progress,4,3,2026-05-22,2026-06-14
TASK_06856,Fix login authentication bug,Frontend,High,Henry,On Hold,19,1,2026-04-22,2026-05-08
TASK_06857,Update project documentation,DevOps,Medium,David,Completed,9,1,2026-03-07,2026-03-27
TASK_06858,Add search functionality,Documentation,Low,Grace,Pending,14,5,2026-06-29,2026-07-24
TASK_06859,Integrate email notifications,Documentation,Medium,Henry,On Hold,12,7,2026-05-22,2026-06-14
TASK_06860,Improve application performance,Backend,High,Grace,Completed,7,3,2026-03-06,2026-03-17
TASK_06861,Integrate email notifications,Testing,Low,Charlie,In Progress,7,6,2026-04-19,2026-05-17
TASK_06862,Design dashboard UI,Feature,Low,Henry,Pending,2,2,2026-05-01,2026-05-08
TASK_06863,Write unit tests,Frontend,Low,Grace,On Hold,17,10,2026-07-08,2026-08-05
TASK_06864,Implement chatbot,Database,Low,Emma,In Progress,4,2,2026-07-04,2026-07-06
TASK_06865,Implement payment gateway,Frontend,Low,Emma,Pending,2,1,2026-07-22,2026-08-08
TASK_06866,Develop analytics dashboard,Feature,Low,Emma,On Hold,16,16,2026-06-01,2026-06-25
TASK_06867,Write unit tests,Feature,Critical,Frank,Pending,15,4,2026-06-03,2026-06-17
TASK_06868,Integrate email notifications,Frontend,Low,Alice,In Progress,6,0,2026-06-04,2026-06-25
TASK_06869,Update project documentation,UI/UX,Critical,Henry,Pending,2,2,2026-06-03,2026-06-16
TASK_06870,Integrate email notifications,Documentation,Low,Bob,On Hold,10,5,2026-07-02,2026-07-13
TASK_06871,Create REST API,Frontend,Medium,Alice,On Hold,11,7,2026-05-23,2026-06-19
TASK_06872,Integrate email notifications,Backend,Critical,Emma,In Progress,11,2,2026-04-18,2026-05-15
TASK_06873,Create REST API,Frontend,Critical,Emma,Pending,18,4,2026-06-03,2026-06-12
TASK_06874,Improve application performance,Bug,Critical,Charlie,Pending,16,13,2026-03-02,2026-03-20
TASK_06875,Improve application performance,UI/UX,Low,Frank,On Hold,16,6,2026-07-02,2026-07-22
TASK_06876,Build admin panel,Testing,Low,Frank,On Hold,1,0,2026-04-01,2026-04-11
TASK_06877,Implement dark mode,Feature,Critical,Bob,Completed,13,12,2026-04-30,2026-05-21
TASK_06878,Build admin panel,Frontend,Critical,Frank,Completed,18,12,2026-04-25,2026-05-22
TASK_06879,Implement payment gateway,UI/UX,Critical,Grace,Pending,19,8,2026-03-16,2026-04-14
TASK_06880,Refactor backend code,Database,Low,Grace,Pending,7,7,2026-04-19,2026-05-12
TASK_06881,Implement dark mode,Backend,Low,Henry,In Progress,7,2,2026-07-05,2026-08-02
TASK_06882,Optimize SQL queries,Security,Critical,Emma,In Progress,9,9,2026-07-07,2026-07-17
TASK_06883,Improve application performance,Testing,High,Charlie,Pending,8,0,2026-06-04,2026-06-20
TASK_06884,Improve application performance,DevOps,Low,Frank,Completed,7,0,2026-03-04,2026-04-02
TASK_06885,Develop user profile page,Bug,High,Alice,Completed,5,5,2026-03-29,2026-03-31
TASK_06886,Add search functionality,Feature,High,Bob,In Progress,3,0,2026-06-25,2026-07-20
TASK_06887,Refactor backend code,UI/UX,Low,Henry,Completed,18,12,2026-07-09,2026-07-25
TASK_06888,Implement payment gateway,Frontend,High,Henry,Completed,5,4,2026-03-30,2026-04-07
TASK_06889,Integrate email notifications,Feature,Critical,Bob,On Hold,2,2,2026-02-19,2026-03-12
TASK_06890,Create reports module,Database,High,David,Completed,14,9,2026-05-10,2026-06-06
TASK_06891,Configure CI/CD pipeline,Documentation,High,Emma,Completed,13,3,2026-03-09,2026-03-21
TASK_06892,Create REST API,Feature,Medium,Charlie,Completed,10,10,2026-06-29,2026-07-25
TASK_06893,Fix responsive layout,Backend,Low,Charlie,Pending,13,12,2026-06-13,2026-06-30
TASK_06894,Fix responsive layout,Documentation,Low,Charlie,Pending,16,4,2026-05-03,2026-05-12
TASK_06895,Implement chatbot,Feature,Medium,Frank,In Progress,7,6,2026-04-04,2026-04-27
TASK_06896,Design dashboard UI,Testing,Medium,David,Pending,20,18,2026-02-15,2026-03-16
TASK_06897,Build admin panel,DevOps,Medium,Grace,Completed,12,7,2026-07-18,2026-07-21
TASK_06898,Design dashboard UI,Bug,Critical,Henry,Completed,2,0,2026-04-14,2026-05-11
TASK_06899,Update project documentation,UI/UX,Critical,Emma,In Progress,8,5,2026-06-09,2026-06-28
TASK_06900,Integrate email notifications,Documentation,Low,Frank,On Hold,10,1,2026-06-10,2026-06-28
TASK_06901,Improve application performance,Bug,Medium,Alice,Completed,15,1,2026-02-01,2026-02-11
TASK_06902,Develop user profile page,Feature,Medium,Frank,Completed,6,1,2026-01-29,2026-02-03
TASK_06903,Fix login authentication bug,Frontend,Low,David,Pending,18,11,2026-03-17,2026-04-14
TASK_06904,Build admin panel,UI/UX,High,Bob,In Progress,7,6,2026-05-02,2026-05-25
TASK_06905,Fix login authentication bug,DevOps,Critical,Emma,In Progress,14,2,2026-05-08,2026-05-31
TASK_06906,Improve application performance,Frontend,Medium,David,In Progress,17,5,2026-04-29,2026-05-01
TASK_06907,Develop analytics dashboard,DevOps,Medium,Alice,Completed,8,0,2026-04-26,2026-05-10
TASK_06908,Build admin panel,DevOps,Low,Emma,Pending,14,13,2026-06-26,2026-07-01
TASK_06909,Optimize SQL queries,Bug,High,Henry,Pending,5,0,2026-05-30,2026-06-02
TASK_06910,Develop user profile page,Database,Low,Alice,On Hold,17,4,2026-05-12,2026-06-11
TASK_06911,Develop user profile page,UI/UX,High,Grace,Completed,2,1,2026-06-17,2026-07-01
TASK_06912,Develop analytics dashboard,Feature,Critical,David,On Hold,11,2,2026-03-06,2026-03-30
TASK_06913,Develop analytics dashboard,Bug,High,Grace,On Hold,15,0,2026-02-13,2026-02-21
TASK_06914,Develop user profile page,Testing,High,Frank,In Progress,17,11,2026-03-21,2026-04-19
TASK_06915,Build admin panel,Feature,Critical,Bob,Completed,12,9,2026-05-02,2026-05-25
TASK_06916,Add search functionality,Documentation,Medium,Bob,Pending,15,3,2026-06-03,2026-06-05
TASK_06917,Add search functionality,Frontend,Critical,Charlie,Pending,15,3,2026-05-04,2026-05-06
TASK_06918,Design dashboard UI,Backend,Low,Henry,On Hold,8,1,2026-03-07,2026-03-20
TASK_06919,Implement chatbot,Backend,High,Bob,In Progress,14,13,2026-02-24,2026-03-14
TASK_06920,Write unit tests,Frontend,Critical,Grace,In Progress,3,1,2026-05-14,2026-05-25
TASK_06921,Develop user profile page,DevOps,Low,Emma,On Hold,19,2,2026-03-19,2026-03-30
TASK_06922,Configure CI/CD pipeline,Backend,Critical,David,Completed,18,7,2026-02-27,2026-03-02
TASK_06923,Develop user profile page,Documentation,High,Grace,Pending,9,8,2026-06-25,2026-07-14
TASK_06924,Create REST API,Testing,Low,Henry,Completed,1,0,2026-04-06,2026-04-11
TASK_06925,Create REST API,Bug,Critical,David,In Progress,7,3,2026-04-05,2026-04-22
TASK_06926,Add search functionality,Backend,High,Emma,In Progress,11,2,2026-06-01,2026-06-20
TASK_06927,Create REST API,Security,High,David,Pending,13,13,2026-03-24,2026-04-01
TASK_06928,Configure CI/CD pipeline,Documentation,Medium,Henry,Completed,11,0,2026-06-25,2026-07-10
TASK_06929,Update project documentation,Frontend,Critical,Charlie,Pending,19,12,2026-06-08,2026-06-17
TASK_06930,Design dashboard UI,Testing,High,Alice,Completed,13,1,2026-03-11,2026-04-10
TASK_06931,Improve application performance,Security,Critical,Alice,In Progress,17,15,2026-03-14,2026-03-25
TASK_06932,Add search functionality,DevOps,Critical,Frank,On Hold,3,2,2026-05-04,2026-05-13
TASK_06933,Create reports module,UI/UX,Low,Emma,In Progress,1,0,2026-02-16,2026-03-13
TASK_06934,Fix login authentication bug,Database,Medium,Grace,Pending,8,7,2026-03-11,2026-03-22
TASK_06935,Implement dark mode,Backend,Critical,Frank,On Hold,12,9,2026-03-20,2026-03-27
TASK_06936,Update project documentation,DevOps,High,Grace,In Progress,18,12,2026-06-07,2026-06-10
TASK_06937,Refactor backend code,Backend,Low,Bob,On Hold,11,9,2026-04-01,2026-04-04
TASK_06938,Add search functionality,Feature,Critical,Grace,Pending,2,0,2026-05-28,2026-05-30
TASK_06939,Update project documentation,UI/UX,Critical,Alice,In Progress,3,2,2026-05-10,2026-06-06
TASK_06940,Fix responsive layout,Database,Medium,David,Pending,5,3,2026-04-18,2026-05-15
TASK_06941,Configure CI/CD pipeline,Security,High,Emma,In Progress,7,6,2026-03-05,2026-03-22
TASK_06942,Configure CI/CD pipeline,Feature,High,Emma,On Hold,8,6,2026-05-09,2026-05-19
TASK_06943,Fix responsive layout,Backend,Critical,Grace,Pending,6,5,2026-05-21,2026-06-03
TASK_06944,Update project documentation,Testing,Low,David,Pending,8,3,2026-05-21,2026-06-05
TASK_06945,Develop user profile page,Testing,Critical,Charlie,Completed,13,6,2026-02-11,2026-02-28
TASK_06946,Fix login authentication bug,UI/UX,Low,Alice,Pending,16,7,2026-07-22,2026-08-02
TASK_06947,Design dashboard UI,Documentation,Medium,Frank,Pending,20,10,2026-04-10,2026-05-08
TASK_06948,Create REST API,Testing,Low,Bob,Completed,8,5,2026-04-28,2026-04-30
TASK_06949,Write unit tests,Bug,High,Alice,Completed,17,10,2026-05-14,2026-06-07
TASK_06950,Fix responsive layout,Frontend,Critical,David,On Hold,5,2,2026-04-11,2026-04-18
TASK_06951,Build admin panel,Backend,Critical,David,Completed,5,4,2026-03-24,2026-03-29
TASK_06952,Deploy application,UI/UX,High,David,On Hold,6,1,2026-03-02,2026-03-12
TASK_06953,Improve application performance,Bug,Medium,Frank,Pending,6,6,2026-05-09,2026-05-18
TASK_06954,Deploy application,Backend,Medium,Henry,Pending,2,2,2026-02-10,2026-03-05
TASK_06955,Write unit tests,Backend,High,Frank,Pending,18,4,2026-04-24,2026-05-19
TASK_06956,Fix responsive layout,Documentation,High,Henry,Completed,3,1,2026-03-18,2026-03-21
TASK_06957,Implement chatbot,Feature,Low,Grace,Completed,17,7,2026-06-27,2026-07-25
TASK_06958,Implement payment gateway,Security,High,Henry,Pending,13,11,2026-06-08,2026-06-18
TASK_06959,Optimize SQL queries,UI/UX,Low,Henry,Completed,6,1,2026-05-13,2026-05-24
TASK_06960,Improve application performance,Database,High,Emma,Pending,12,1,2026-06-03,2026-06-05
TASK_06961,Fix login authentication bug,Frontend,Medium,Frank,On Hold,8,3,2026-04-29,2026-05-13
TASK_06962,Implement payment gateway,Database,Medium,Alice,On Hold,13,9,2026-05-19,2026-05-23
TASK_06963,Develop user profile page,Security,Critical,Bob,Pending,20,18,2026-05-22,2026-06-02
TASK_06964,Fix responsive layout,Bug,Low,Charlie,On Hold,13,5,2026-04-14,2026-04-16
TASK_06965,Add search functionality,Backend,Critical,David,Completed,11,4,2026-04-18,2026-04-27
TASK_06966,Implement payment gateway,Backend,Critical,Henry,Pending,12,0,2026-07-19,2026-08-03
TASK_06967,Improve application performance,Feature,Low,Frank,Pending,20,6,2026-07-07,2026-07-18
TASK_06968,Develop user profile page,UI/UX,Critical,Henry,On Hold,8,1,2026-05-02,2026-05-05
TASK_06969,Build admin panel,Feature,Low,Bob,In Progress,7,3,2026-05-12,2026-06-01
TASK_06970,Write unit tests,Frontend,High,Henry,On Hold,2,2,2026-02-18,2026-03-03
TASK_06971,Develop analytics dashboard,Database,High,David,Pending,14,10,2026-02-20,2026-03-18
TASK_06972,Configure CI/CD pipeline,UI/UX,High,Grace,Completed,19,0,2026-07-05,2026-07-09
TASK_06973,Develop analytics dashboard,Bug,Critical,Bob,On Hold,3,1,2026-05-21,2026-06-13
TASK_06974,Fix login authentication bug,Feature,Critical,David,Pending,8,6,2026-04-16,2026-05-12
TASK_06975,Update project documentation,DevOps,Low,Grace,On Hold,3,0,2026-04-30,2026-05-17
TASK_06976,Implement payment gateway,Feature,Critical,Bob,On Hold,19,8,2026-06-20,2026-06-30
TASK_06977,Refactor backend code,DevOps,High,David,On Hold,14,9,2026-03-12,2026-03-22
TASK_06978,Integrate email notifications,Documentation,Medium,Frank,Pending,17,6,2026-03-18,2026-04-07
TASK_06979,Refactor backend code,Database,Low,David,Completed,18,10,2026-06-13,2026-06-26
TASK_06980,Design dashboard UI,Frontend,Medium,Grace,Pending,11,11,2026-05-07,2026-06-06
TASK_06981,Integrate email notifications,Feature,Low,Emma,Completed,14,3,2026-07-23,2026-08-15
TASK_06982,Create REST API,UI/UX,Low,Grace,In Progress,4,1,2026-07-07,2026-07-10
TASK_06983,Implement dark mode,Documentation,Low,Charlie,Pending,4,2,2026-02-16,2026-02-18
TASK_06984,Add search functionality,Feature,Medium,Emma,Pending,15,1,2026-05-28,2026-06-25
TASK_06985,Improve application performance,Security,Critical,Alice,In Progress,16,5,2026-02-10,2026-03-10
TASK_06986,Fix login authentication bug,Feature,Critical,Frank,In Progress,12,6,2026-05-30,2026-06-27
TASK_06987,Refactor backend code,Bug,Critical,Grace,Completed,4,1,2026-04-27,2026-05-22
TASK_06988,Create REST API,DevOps,Low,David,Pending,17,7,2026-05-25,2026-06-22
TASK_06989,Design dashboard UI,Frontend,Critical,Charlie,On Hold,19,16,2026-02-07,2026-02-12
TASK_06990,Implement payment gateway,Documentation,Low,Bob,Pending,5,0,2026-05-04,2026-05-07
TASK_06991,Deploy application,Frontend,Medium,Frank,On Hold,1,0,2026-07-15,2026-07-30
TASK_06992,Improve application performance,Security,Low,Alice,Completed,20,2,2026-02-22,2026-02-26
TASK_06993,Implement payment gateway,Security,Critical,Alice,Completed,6,5,2026-07-09,2026-07-27
TASK_06994,Add search functionality,Documentation,Medium,Grace,In Progress,10,3,2026-07-11,2026-08-07
TASK_06995,Deploy application,Bug,Critical,Frank,In Progress,20,6,2026-01-31,2026-02-03
TASK_06996,Update project documentation,DevOps,Low,Bob,On Hold,7,1,2026-06-07,2026-06-18
TASK_06997,Implement payment gateway,Testing,High,David,On Hold,3,2,2026-02-25,2026-03-24
TASK_06998,Implement chatbot,Documentation,Critical,Alice,On Hold,16,0,2026-07-13,2026-08-12
TASK_06999,Create REST API,DevOps,High,Frank,In Progress,16,11,2026-03-15,2026-04-04
TASK_07000,Develop user profile page,UI/UX,Critical,Charlie,On Hold,13,6,2026-06-21,2026-07-02
TASK_07001,Fix responsive layout,Security,Critical,David,On Hold,9,5,2026-07-16,2026-08-10
TASK_07002,Integrate email notifications,Backend,Critical,Bob,In Progress,1,1,2026-04-08,2026-04-23
TASK_07003,Implement chatbot,Feature,Critical,Emma,Completed,16,14,2026-04-18,2026-05-03
TASK_07004,Create REST API,Documentation,Medium,David,In Progress,17,15,2026-06-18,2026-07-13
TASK_07005,Add search functionality,Testing,High,Charlie,Completed,14,11,2026-04-19,2026-05-17
TASK_07006,Build admin panel,Database,Medium,David,Pending,11,3,2026-04-01,2026-04-14
TASK_07007,Optimize SQL queries,DevOps,Medium,Alice,On Hold,7,5,2026-04-14,2026-04-20
TASK_07008,Build admin panel,Backend,High,Grace,Pending,1,1,2026-04-16,2026-04-24
TASK_07009,Develop user profile page,UI/UX,Low,David,Completed,6,5,2026-06-17,2026-07-16
TASK_07010,Implement dark mode,DevOps,High,Charlie,On Hold,1,1,2026-02-08,2026-02-21
TASK_07011,Design dashboard UI,Frontend,Low,Alice,Completed,3,2,2026-07-18,2026-08-15
TASK_07012,Create reports module,Testing,High,Bob,In Progress,14,2,2026-05-10,2026-05-28
TASK_07013,Implement payment gateway,Backend,Medium,Henry,In Progress,1,0,2026-07-22,2026-07-31
TASK_07014,Implement dark mode,Frontend,Critical,Alice,Completed,11,9,2026-02-13,2026-02-18
TASK_07015,Implement dark mode,DevOps,Critical,Henry,Pending,7,6,2026-04-25,2026-04-27
TASK_07016,Write unit tests,Testing,High,Bob,Completed,16,7,2026-02-01,2026-02-26
TASK_07017,Deploy application,Documentation,Medium,Frank,Completed,15,3,2026-03-13,2026-03-25
TASK_07018,Design dashboard UI,Bug,Critical,Emma,Completed,14,9,2026-02-22,2026-03-08
TASK_07019,Design dashboard UI,Frontend,High,Henry,Completed,12,6,2026-04-27,2026-05-14
TASK_07020,Fix login authentication bug,Database,Critical,Alice,On Hold,9,5,2026-06-15,2026-07-08
TASK_07021,Implement dark mode,Frontend,Critical,Grace,Pending,1,1,2026-04-11,2026-05-02
TASK_07022,Refactor backend code,Security,High,Grace,Pending,17,9,2026-07-07,2026-07-28
TASK_07023,Implement payment gateway,Frontend,High,Emma,Pending,9,1,2026-06-05,2026-06-19
TASK_07024,Add search functionality,Bug,Critical,Alice,Pending,3,0,2026-02-07,2026-02-14
TASK_07025,Improve application performance,Database,High,Emma,On Hold,11,10,2026-05-08,2026-05-13
TASK_07026,Deploy application,Bug,Critical,Grace,Completed,2,0,2026-06-28,2026-07-25
TASK_07027,Fix login authentication bug,Frontend,Critical,Frank,Completed,2,2,2026-03-17,2026-03-19
TASK_07028,Update project documentation,DevOps,Critical,Henry,Pending,9,1,2026-06-05,2026-06-14
TASK_07029,Design dashboard UI,UI/UX,High,Grace,Completed,19,2,2026-06-16,2026-06-29
TASK_07030,Design dashboard UI,UI/UX,Medium,Alice,On Hold,5,2,2026-01-31,2026-02-20
TASK_07031,Build admin panel,DevOps,Low,Bob,Pending,14,6,2026-03-18,2026-03-20
TASK_07032,Create reports module,Bug,Low,Grace,In Progress,5,2,2026-07-01,2026-07-28
TASK_07033,Optimize SQL queries,Security,Medium,Henry,Pending,15,9,2026-05-20,2026-05-25
TASK_07034,Create reports module,Documentation,Medium,Bob,Pending,12,4,2026-07-25,2026-07-29
TASK_07035,Implement payment gateway,Database,Medium,Henry,Completed,1,0,2026-03-14,2026-03-22
TASK_07036,Design dashboard UI,Frontend,High,Henry,Completed,18,14,2026-06-28,2026-07-14
TASK_07037,Refactor backend code,Backend,Critical,David,Completed,17,13,2026-03-28,2026-04-03
TASK_07038,Write unit tests,UI/UX,Critical,Henry,Completed,16,9,2026-03-06,2026-03-29
TASK_07039,Design dashboard UI,Testing,Low,Charlie,On Hold,5,4,2026-03-31,2026-04-20
TASK_07040,Write unit tests,Testing,High,Bob,On Hold,11,4,2026-05-01,2026-05-03
TASK_07041,Fix responsive layout,Frontend,High,Bob,In Progress,9,3,2026-07-04,2026-07-29
TASK_07042,Integrate email notifications,UI/UX,Low,Bob,Completed,12,6,2026-04-01,2026-04-15
TASK_07043,Fix responsive layout,Testing,High,Charlie,On Hold,16,4,2026-04-25,2026-05-18
TASK_07044,Develop analytics dashboard,DevOps,Low,Emma,Pending,13,12,2026-06-18,2026-06-23
TASK_07045,Create reports module,DevOps,Medium,Henry,On Hold,2,0,2026-01-28,2026-02-11
TASK_07046,Add search functionality,Testing,High,David,In Progress,4,4,2026-04-22,2026-05-07
TASK_07047,Build admin panel,Bug,Low,Charlie,On Hold,18,8,2026-07-10,2026-08-01
TASK_07048,Design dashboard UI,Backend,Low,David,Completed,13,12,2026-02-03,2026-02-21
TASK_07049,Deploy application,Documentation,High,Bob,On Hold,4,4,2026-04-28,2026-05-24
TASK_07050,Create reports module,Documentation,Low,Emma,Pending,17,5,2026-07-17,2026-07-19
TASK_07051,Fix login authentication bug,UI/UX,High,Bob,Completed,11,10,2026-04-10,2026-04-14
TASK_07052,Update project documentation,DevOps,Medium,Bob,Pending,18,5,2026-05-20,2026-06-03
TASK_07053,Develop user profile page,Backend,Low,Bob,Pending,15,0,2026-04-19,2026-05-01
TASK_07054,Configure CI/CD pipeline,Database,High,Grace,In Progress,11,0,2026-04-15,2026-04-18
TASK_07055,Design dashboard UI,Backend,Medium,Henry,Completed,16,4,2026-02-07,2026-02-11
TASK_07056,Configure CI/CD pipeline,Testing,Critical,Emma,Pending,11,1,2026-03-23,2026-04-19
TASK_07057,Build admin panel,Testing,Low,Henry,On Hold,2,1,2026-06-04,2026-06-28
TASK_07058,Develop user profile page,Database,High,Alice,Completed,3,3,2026-06-11,2026-06-30
TASK_07059,Integrate email notifications,Backend,Medium,Emma,In Progress,16,10,2026-07-11,2026-07-25
TASK_07060,Configure CI/CD pipeline,Feature,High,Alice,On Hold,8,8,2026-05-26,2026-06-05
TASK_07061,Implement chatbot,UI/UX,High,Frank,Completed,3,0,2026-02-16,2026-02-18
TASK_07062,Create REST API,Database,Low,David,In Progress,2,2,2026-03-31,2026-04-19
TASK_07063,Fix login authentication bug,DevOps,Medium,Grace,On Hold,4,4,2026-02-03,2026-02-13
TASK_07064,Develop analytics dashboard,DevOps,High,David,On Hold,9,2,2026-04-05,2026-04-07
TASK_07065,Integrate email notifications,UI/UX,Medium,David,Pending,11,11,2026-07-22,2026-08-03
TASK_07066,Optimize SQL queries,Documentation,Critical,Charlie,In Progress,12,0,2026-03-30,2026-04-10
TASK_07067,Create REST API,Database,Medium,Alice,On Hold,8,6,2026-06-12,2026-06-16
TASK_07068,Develop user profile page,Database,Critical,David,Completed,18,0,2026-07-04,2026-07-08
TASK_07069,Develop user profile page,Backend,High,Bob,On Hold,13,6,2026-06-20,2026-07-11
TASK_07070,Build admin panel,Security,Low,Emma,On Hold,6,4,2026-02-08,2026-02-18
TASK_07071,Fix responsive layout,Feature,Medium,Frank,On Hold,14,3,2026-06-22,2026-07-12
TASK_07072,Implement chatbot,Security,Medium,Grace,Completed,7,0,2026-07-06,2026-07-24
TASK_07073,Optimize SQL queries,Security,Low,Alice,Completed,20,5,2026-02-03,2026-02-07
TASK_07074,Fix responsive layout,UI/UX,Low,Emma,On Hold,17,0,2026-02-25,2026-03-13
TASK_07075,Implement dark mode,Backend,High,Grace,Pending,3,0,2026-06-28,2026-07-23
TASK_07076,Build admin panel,Database,High,David,On Hold,3,0,2026-06-28,2026-06-30
TASK_07077,Create reports module,Backend,Low,Grace,Completed,1,0,2026-04-15,2026-04-26
TASK_07078,Develop analytics dashboard,Database,Medium,Emma,On Hold,2,0,2026-02-01,2026-02-26
TASK_07079,Fix responsive layout,Database,Medium,Bob,Completed,12,12,2026-02-16,2026-03-03
TASK_07080,Implement dark mode,Frontend,Low,Emma,On Hold,17,11,2026-05-05,2026-06-02
TASK_07081,Implement chatbot,Backend,High,David,Completed,16,3,2026-04-29,2026-05-01
TASK_07082,Develop user profile page,Documentation,Critical,Bob,On Hold,19,7,2026-04-28,2026-05-17
TASK_07083,Improve application performance,UI/UX,Low,Frank,Pending,20,17,2026-03-08,2026-03-19
TASK_07084,Write unit tests,Backend,Medium,Frank,Pending,6,1,2026-02-18,2026-03-17
TASK_07085,Refactor backend code,Frontend,Low,Charlie,Pending,1,0,2026-05-21,2026-06-08
TASK_07086,Create REST API,Documentation,Critical,Frank,Completed,13,7,2026-07-21,2026-08-08
TASK_07087,Design dashboard UI,Feature,High,Emma,In Progress,12,11,2026-03-06,2026-03-08
TASK_07088,Implement chatbot,Bug,Low,Alice,In Progress,6,5,2026-02-07,2026-03-06
TASK_07089,Create REST API,DevOps,Low,Henry,In Progress,20,4,2026-05-15,2026-05-24
TASK_07090,Build admin panel,UI/UX,Critical,David,On Hold,18,12,2026-02-13,2026-03-15
TASK_07091,Improve application performance,Database,High,Frank,Pending,18,17,2026-06-07,2026-06-25
TASK_07092,Configure CI/CD pipeline,Feature,Critical,Charlie,Completed,19,18,2026-03-12,2026-03-22
TASK_07093,Integrate email notifications,DevOps,Critical,Henry,Completed,8,4,2026-05-30,2026-06-17
TASK_07094,Implement payment gateway,Security,Medium,Charlie,On Hold,4,3,2026-06-25,2026-06-28
TASK_07095,Write unit tests,Frontend,Low,David,Pending,12,5,2026-07-08,2026-07-25
TASK_07096,Implement chatbot,Security,High,David,In Progress,4,1,2026-05-15,2026-06-13
TASK_07097,Optimize SQL queries,Database,Critical,Emma,Pending,8,1,2026-07-22,2026-07-31
TASK_07098,Create reports module,Documentation,Low,Bob,In Progress,7,2,2026-06-07,2026-06-30
TASK_07099,Add search functionality,Database,High,Emma,In Progress,15,5,2026-06-29,2026-07-21
TASK_07100,Optimize SQL queries,Database,Low,Alice,Pending,20,6,2026-07-19,2026-07-22
TASK_07101,Implement chatbot,UI/UX,Medium,Alice,On Hold,12,10,2026-02-21,2026-03-12
TASK_07102,Implement chatbot,Backend,High,Bob,Completed,10,1,2026-05-23,2026-06-02
TASK_07103,Integrate email notifications,DevOps,Low,Frank,In Progress,20,11,2026-05-14,2026-06-11
TASK_07104,Implement payment gateway,Bug,Low,Alice,On Hold,6,0,2026-05-19,2026-06-14
TASK_07105,Integrate email notifications,Frontend,Medium,Frank,Completed,6,5,2026-06-27,2026-07-02
TASK_07106,Fix login authentication bug,UI/UX,Low,Emma,Pending,11,0,2026-04-29,2026-05-07
TASK_07107,Implement payment gateway,Testing,High,Alice,Completed,7,4,2026-05-02,2026-05-08
TASK_07108,Integrate email notifications,Documentation,High,Emma,Completed,18,4,2026-06-08,2026-06-17
TASK_07109,Build admin panel,Database,Critical,Henry,Pending,11,1,2026-04-30,2026-05-13
TASK_07110,Design dashboard UI,UI/UX,High,Emma,Pending,18,2,2026-07-04,2026-07-26
TASK_07111,Build admin panel,UI/UX,Critical,Henry,On Hold,14,4,2026-07-22,2026-08-10
TASK_07112,Implement payment gateway,Bug,Low,Emma,In Progress,10,0,2026-07-17,2026-07-28
TASK_07113,Develop analytics dashboard,Frontend,Medium,Frank,Pending,4,3,2026-04-26,2026-05-24
TASK_07114,Design dashboard UI,Security,Critical,Frank,In Progress,13,10,2026-04-01,2026-04-27
TASK_07115,Update project documentation,Documentation,Critical,Bob,On Hold,15,2,2026-06-24,2026-07-13
TASK_07116,Add search functionality,Bug,Medium,Emma,On Hold,17,6,2026-02-23,2026-02-28
TASK_07117,Create REST API,UI/UX,Medium,Charlie,Completed,13,9,2026-02-23,2026-03-24
TASK_07118,Build admin panel,UI/UX,Medium,Alice,On Hold,5,4,2026-06-13,2026-07-12
TASK_07119,Create REST API,Database,High,Emma,Pending,12,1,2026-03-09,2026-03-29
TASK_07120,Deploy application,Database,Critical,Bob,Pending,1,0,2026-04-17,2026-04-27
TASK_07121,Implement chatbot,Database,Medium,Emma,Completed,5,2,2026-07-24,2026-07-26
TASK_07122,Develop analytics dashboard,Bug,Critical,Bob,On Hold,11,11,2026-06-10,2026-06-23
TASK_07123,Develop user profile page,UI/UX,Medium,Bob,Completed,4,3,2026-03-31,2026-04-15
TASK_07124,Create REST API,Feature,Low,Grace,In Progress,12,1,2026-03-28,2026-04-17
TASK_07125,Build admin panel,UI/UX,Critical,Emma,In Progress,9,6,2026-03-10,2026-03-15
TASK_07126,Integrate email notifications,Security,Medium,Henry,On Hold,5,3,2026-01-29,2026-02-08
TASK_07127,Implement chatbot,Bug,Medium,David,Pending,5,2,2026-06-02,2026-06-23
TASK_07128,Optimize SQL queries,Frontend,High,Emma,Completed,8,4,2026-05-31,2026-06-16
TASK_07129,Add search functionality,DevOps,Low,David,Pending,11,9,2026-03-31,2026-04-09
TASK_07130,Create REST API,Testing,High,Henry,Completed,1,1,2026-02-09,2026-03-10
TASK_07131,Fix login authentication bug,Database,High,Henry,Pending,4,2,2026-04-15,2026-04-20
TASK_07132,Update project documentation,Security,Medium,Bob,In Progress,12,9,2026-04-01,2026-04-09
TASK_07133,Update project documentation,Bug,Low,Alice,Pending,13,6,2026-02-19,2026-03-10
TASK_07134,Optimize SQL queries,Feature,High,Alice,Completed,7,7,2026-02-10,2026-02-17
TASK_07135,Implement payment gateway,Testing,High,Grace,On Hold,7,7,2026-05-02,2026-05-13
TASK_07136,Add search functionality,UI/UX,High,Alice,Pending,16,11,2026-03-07,2026-04-01
TASK_07137,Configure CI/CD pipeline,DevOps,Low,David,In Progress,20,15,2026-01-31,2026-02-26
TASK_07138,Develop analytics dashboard,Documentation,Low,David,In Progress,4,0,2026-02-24,2026-03-19
TASK_07139,Design dashboard UI,Documentation,High,David,On Hold,17,2,2026-04-30,2026-05-08
TASK_07140,Add search functionality,DevOps,Critical,Henry,On Hold,14,3,2026-02-24,2026-03-11
TASK_07141,Add search functionality,Testing,High,Bob,In Progress,8,8,2026-07-09,2026-07-22
TASK_07142,Implement chatbot,Backend,Critical,David,Completed,12,8,2026-03-04,2026-03-31
TASK_07143,Add search functionality,Testing,Low,Henry,In Progress,8,7,2026-02-23,2026-03-08
TASK_07144,Deploy application,Frontend,Medium,Bob,In Progress,8,4,2026-04-16,2026-04-24
TASK_07145,Design dashboard UI,DevOps,Medium,Bob,Completed,3,3,2026-03-03,2026-03-31
TASK_07146,Refactor backend code,Documentation,High,Bob,Completed,15,11,2026-05-01,2026-05-06
TASK_07147,Add search functionality,Feature,High,Henry,In Progress,3,0,2026-04-03,2026-04-26
TASK_07148,Implement payment gateway,Testing,Low,Emma,Pending,16,14,2026-03-03,2026-03-31
TASK_07149,Deploy application,Security,Medium,Bob,Completed,19,18,2026-04-25,2026-05-12
TASK_07150,Configure CI/CD pipeline,Security,Low,Frank,On Hold,10,3,2026-04-08,2026-05-04
TASK_07151,Create REST API,Backend,Critical,Bob,Completed,2,2,2026-05-12,2026-05-31
TASK_07152,Configure CI/CD pipeline,Security,Critical,Emma,Completed,12,9,2026-03-19,2026-04-17
TASK_07153,Implement chatbot,Documentation,Critical,Alice,Pending,6,0,2026-05-07,2026-05-15
TASK_07154,Optimize SQL queries,DevOps,High,Emma,On Hold,19,12,2026-03-08,2026-03-24
TASK_07155,Write unit tests,Database,Low,Henry,In Progress,11,3,2026-07-02,2026-07-25
TASK_07156,Improve application performance,UI/UX,High,Grace,Completed,13,8,2026-02-01,2026-03-03
TASK_07157,Implement dark mode,Documentation,Medium,David,Pending,17,8,2026-02-02,2026-02-04
TASK_07158,Build admin panel,Database,Critical,Frank,On Hold,1,1,2026-07-19,2026-08-16
TASK_07159,Add search functionality,Testing,Medium,David,Completed,1,1,2026-07-05,2026-07-11
TASK_07160,Configure CI/CD pipeline,Documentation,High,Alice,On Hold,5,5,2026-05-29,2026-06-24
TASK_07161,Update project documentation,Feature,Critical,Grace,Pending,2,2,2026-02-06,2026-02-26
TASK_07162,Build admin panel,Database,Low,Henry,Completed,9,8,2026-07-05,2026-07-13
TASK_07163,Deploy application,Bug,Medium,Frank,Completed,3,3,2026-07-05,2026-07-10
TASK_07164,Integrate email notifications,Testing,High,Frank,Completed,12,1,2026-04-14,2026-05-03
TASK_07165,Configure CI/CD pipeline,Backend,Low,Henry,Pending,13,6,2026-06-10,2026-06-29
TASK_07166,Create REST API,Documentation,Critical,Charlie,Pending,1,1,2026-02-28,2026-03-25
TASK_07167,Develop user profile page,Documentation,Critical,Frank,Completed,13,1,2026-02-08,2026-02-25
TASK_07168,Develop user profile page,Frontend,High,David,Completed,18,16,2026-07-22,2026-08-03
TASK_07169,Write unit tests,Security,Medium,David,In Progress,14,4,2026-06-24,2026-07-11
TASK_07170,Create reports module,Documentation,Low,Frank,Completed,1,0,2026-06-09,2026-07-02
TASK_07171,Integrate email notifications,Documentation,High,Henry,Pending,3,3,2026-05-04,2026-05-13
TASK_07172,Implement payment gateway,Bug,High,Charlie,Pending,13,12,2026-05-28,2026-05-30
TASK_07173,Integrate email notifications,Feature,Critical,Frank,On Hold,16,15,2026-06-07,2026-06-22
TASK_07174,Refactor backend code,Testing,Low,Charlie,On Hold,7,0,2026-03-09,2026-03-19
TASK_07175,Implement payment gateway,UI/UX,Medium,Emma,Completed,13,1,2026-06-25,2026-07-10
TASK_07176,Develop user profile page,Database,Low,Bob,In Progress,13,9,2026-06-14,2026-06-17
TASK_07177,Integrate email notifications,Testing,High,Alice,Pending,6,1,2026-07-08,2026-07-20
TASK_07178,Add search functionality,Testing,Low,Charlie,Pending,4,1,2026-03-02,2026-03-17
TASK_07179,Develop analytics dashboard,Bug,High,Frank,Pending,18,11,2026-03-05,2026-03-19
TASK_07180,Develop analytics dashboard,DevOps,Critical,Charlie,Pending,10,0,2026-03-20,2026-04-08
TASK_07181,Implement chatbot,UI/UX,Low,David,In Progress,4,3,2026-05-10,2026-06-07
TASK_07182,Integrate email notifications,Database,Medium,Bob,In Progress,8,1,2026-04-24,2026-04-28
TASK_07183,Add search functionality,Testing,Critical,David,Completed,4,1,2026-03-01,2026-03-04
TASK_07184,Deploy application,Security,High,Bob,On Hold,12,1,2026-04-06,2026-04-15
TASK_07185,Integrate email notifications,Bug,Low,David,Completed,19,0,2026-05-28,2026-06-15
TASK_07186,Improve application performance,Database,Low,Emma,Pending,16,9,2026-03-10,2026-03-25
TASK_07187,Design dashboard UI,DevOps,Medium,Henry,Completed,15,1,2026-02-25,2026-03-18
TASK_07188,Create REST API,Testing,Critical,Frank,Completed,1,0,2026-05-25,2026-06-19
TASK_07189,Optimize SQL queries,Backend,Critical,Charlie,Pending,11,3,2026-04-27,2026-05-14
TASK_07190,Implement chatbot,Testing,High,Henry,Pending,17,13,2026-04-05,2026-04-13
TASK_07191,Create REST API,Bug,Critical,Frank,Completed,18,5,2026-07-04,2026-07-31
TASK_07192,Write unit tests,DevOps,Critical,Bob,In Progress,18,12,2026-04-16,2026-05-02
TASK_07193,Create REST API,Frontend,High,David,Pending,9,4,2026-03-06,2026-03-23
TASK_07194,Configure CI/CD pipeline,Documentation,Medium,Charlie,Pending,9,4,2026-02-24,2026-03-15
TASK_07195,Integrate email notifications,Feature,Medium,Frank,Pending,19,8,2026-05-05,2026-05-22
TASK_07196,Develop analytics dashboard,Bug,Critical,Bob,Completed,11,2,2026-06-08,2026-06-29
TASK_07197,Update project documentation,Feature,Critical,David,On Hold,3,3,2026-05-29,2026-06-09
TASK_07198,Integrate email notifications,UI/UX,Low,Henry,On Hold,1,0,2026-02-15,2026-03-08
TASK_07199,Implement chatbot,DevOps,Medium,Alice,Completed,2,2,2026-05-22,2026-05-31
TASK_07200,Fix responsive layout,Security,Medium,Charlie,In Progress,6,2,2026-03-29,2026-04-13
TASK_07201,Fix responsive layout,Testing,High,Alice,In Progress,12,8,2026-05-31,2026-06-10
TASK_07202,Update project documentation,Backend,Low,Charlie,In Progress,19,2,2026-06-14,2026-07-13
TASK_07203,Integrate email notifications,Bug,High,Alice,In Progress,7,3,2026-07-03,2026-07-07
TASK_07204,Implement dark mode,Database,High,Bob,Pending,12,7,2026-06-11,2026-06-29
TASK_07205,Design dashboard UI,DevOps,Low,David,In Progress,10,10,2026-04-29,2026-05-13
TASK_07206,Deploy application,Security,Low,Frank,In Progress,1,0,2026-01-28,2026-01-30
TASK_07207,Fix login authentication bug,Database,Medium,Charlie,Completed,7,4,2026-04-03,2026-04-25
TASK_07208,Develop analytics dashboard,Testing,High,Grace,Completed,20,12,2026-06-19,2026-07-01
TASK_07209,Add search functionality,Bug,High,David,On Hold,9,1,2026-05-12,2026-05-16
TASK_07210,Build admin panel,UI/UX,High,Alice,In Progress,14,2,2026-07-06,2026-07-27
TASK_07211,Build admin panel,Bug,Critical,Bob,In Progress,7,5,2026-03-21,2026-03-27
TASK_07212,Implement chatbot,Database,Medium,Bob,Pending,3,0,2026-02-03,2026-02-25
TASK_07213,Build admin panel,UI/UX,Medium,Bob,On Hold,1,1,2026-06-26,2026-07-05
TASK_07214,Add search functionality,Backend,High,Grace,In Progress,10,3,2026-05-29,2026-06-05
TASK_07215,Build admin panel,Documentation,Critical,David,On Hold,1,1,2026-03-08,2026-03-11
TASK_07216,Implement dark mode,Testing,Medium,Charlie,In Progress,14,3,2026-06-29,2026-07-26
TASK_07217,Develop user profile page,Frontend,Low,Henry,Completed,17,10,2026-04-02,2026-04-18
TASK_07218,Improve application performance,Bug,High,Emma,In Progress,6,5,2026-02-27,2026-03-05
TASK_07219,Create reports module,Security,High,Alice,In Progress,1,0,2026-03-12,2026-04-03
TASK_07220,Add search functionality,Security,Low,Bob,Pending,5,5,2026-07-26,2026-07-28
TASK_07221,Develop analytics dashboard,Testing,High,Bob,Pending,6,6,2026-04-04,2026-04-06
TASK_07222,Improve application performance,DevOps,Medium,David,On Hold,18,6,2026-03-24,2026-03-28
TASK_07223,Implement dark mode,Documentation,High,Charlie,On Hold,2,0,2026-05-30,2026-06-08
TASK_07224,Develop user profile page,Security,Low,Emma,On Hold,10,9,2026-05-06,2026-06-04
TASK_07225,Develop analytics dashboard,DevOps,Critical,Alice,In Progress,13,10,2026-03-25,2026-04-14
TASK_07226,Implement dark mode,Backend,Medium,David,In Progress,12,1,2026-06-22,2026-06-29
TASK_07227,Integrate email notifications,Frontend,Critical,Emma,Pending,12,4,2026-06-06,2026-06-09
TASK_07228,Develop user profile page,Testing,Low,Henry,On Hold,4,0,2026-02-17,2026-02-26
TASK_07229,Deploy application,Security,Medium,Grace,Pending,19,8,2026-07-22,2026-08-06
TASK_07230,Refactor backend code,DevOps,Critical,Emma,In Progress,18,5,2026-03-31,2026-04-10
TASK_07231,Optimize SQL queries,Database,Critical,Frank,In Progress,18,14,2026-04-09,2026-04-28
TASK_07232,Deploy application,Documentation,High,David,Pending,15,1,2026-05-26,2026-06-14
TASK_07233,Deploy application,Frontend,Low,Bob,On Hold,13,0,2026-04-09,2026-05-02
TASK_07234,Implement payment gateway,Security,High,Charlie,Pending,16,11,2026-06-20,2026-07-20
TASK_07235,Integrate email notifications,Testing,High,Henry,Completed,7,1,2026-04-16,2026-04-18
TASK_07236,Develop user profile page,UI/UX,Low,Henry,Pending,9,8,2026-03-21,2026-04-19
TASK_07237,Create REST API,Security,Critical,Emma,In Progress,12,9,2026-02-09,2026-02-16
TASK_07238,Implement chatbot,Frontend,High,Charlie,Pending,2,1,2026-07-16,2026-07-31
TASK_07239,Develop user profile page,Documentation,Critical,Alice,Pending,16,2,2026-03-30,2026-04-20
TASK_07240,Integrate email notifications,Documentation,Medium,Alice,On Hold,9,1,2026-06-02,2026-06-06
TASK_07241,Build admin panel,Frontend,High,Emma,On Hold,4,2,2026-03-05,2026-04-01
TASK_07242,Implement chatbot,Backend,Critical,Bob,Pending,15,9,2026-02-15,2026-02-22
TASK_07243,Deploy application,Testing,Medium,Henry,In Progress,3,1,2026-02-08,2026-03-02
TASK_07244,Improve application performance,Security,Medium,Alice,Pending,14,12,2026-05-15,2026-06-11
TASK_07245,Create REST API,Frontend,Medium,Charlie,On Hold,13,4,2026-02-27,2026-03-06
TASK_07246,Create reports module,Testing,Low,David,Completed,11,1,2026-05-30,2026-06-03
TASK_07247,Implement dark mode,Bug,Critical,David,On Hold,2,0,2026-07-26,2026-07-31
TASK_07248,Update project documentation,Testing,Medium,Henry,Pending,19,15,2026-05-19,2026-06-09
TASK_07249,Implement payment gateway,Documentation,High,David,In Progress,9,4,2026-02-15,2026-02-18
TASK_07250,Create reports module,Feature,High,Charlie,Completed,17,12,2026-06-15,2026-07-03
TASK_07251,Fix login authentication bug,Frontend,Medium,Henry,Completed,7,4,2026-07-23,2026-07-29
TASK_07252,Implement payment gateway,Feature,High,Frank,Completed,10,1,2026-07-21,2026-08-08
TASK_07253,Optimize SQL queries,Security,Critical,Emma,On Hold,12,8,2026-06-18,2026-07-08
TASK_07254,Design dashboard UI,Database,Low,Emma,In Progress,3,3,2026-04-19,2026-05-17
TASK_07255,Implement chatbot,Frontend,Medium,Emma,In Progress,13,13,2026-05-17,2026-05-20
TASK_07256,Integrate email notifications,Bug,Low,David,Completed,14,3,2026-02-28,2026-03-17
TASK_07257,Design dashboard UI,DevOps,Low,Alice,Completed,3,2,2026-06-16,2026-06-21
TASK_07258,Update project documentation,Testing,Medium,Grace,In Progress,19,16,2026-02-01,2026-02-13
TASK_07259,Implement payment gateway,Feature,Medium,Alice,In Progress,13,12,2026-04-05,2026-04-18
TASK_07260,Add search functionality,Backend,Low,Charlie,In Progress,1,0,2026-03-28,2026-04-12
TASK_07261,Integrate email notifications,UI/UX,High,Bob,On Hold,20,17,2026-05-12,2026-05-23
TASK_07262,Implement dark mode,Frontend,Critical,David,Completed,17,13,2026-05-16,2026-06-04
TASK_07263,Optimize SQL queries,Frontend,Medium,Charlie,In Progress,5,4,2026-02-27,2026-03-20
TASK_07264,Refactor backend code,Bug,Medium,Bob,In Progress,4,1,2026-06-17,2026-06-30
TASK_07265,Create REST API,DevOps,Low,Bob,In Progress,18,14,2026-02-21,2026-03-01
TASK_07266,Optimize SQL queries,Database,Low,Bob,Completed,12,4,2026-07-20,2026-08-02
TASK_07267,Develop user profile page,Documentation,Medium,Henry,Pending,17,10,2026-02-11,2026-02-13
TASK_07268,Improve application performance,DevOps,Medium,Bob,On Hold,1,0,2026-06-09,2026-06-28
TASK_07269,Optimize SQL queries,Backend,Low,Grace,On Hold,6,6,2026-02-22,2026-03-17
TASK_07270,Add search functionality,Bug,Medium,Frank,Pending,19,13,2026-03-02,2026-03-14
TASK_07271,Create reports module,Frontend,High,Alice,Completed,1,1,2026-03-30,2026-04-23
TASK_07272,Write unit tests,DevOps,High,David,In Progress,7,5,2026-02-24,2026-03-09
TASK_07273,Configure CI/CD pipeline,Backend,Low,Frank,On Hold,12,10,2026-02-26,2026-03-11
TASK_07274,Implement chatbot,Bug,Medium,Frank,Pending,15,8,2026-05-09,2026-05-21
TASK_07275,Fix responsive layout,Bug,High,David,Pending,5,3,2026-06-11,2026-06-13
TASK_07276,Improve application performance,Backend,Low,Emma,In Progress,20,11,2026-03-22,2026-03-29
TASK_07277,Optimize SQL queries,Testing,Critical,Emma,In Progress,20,2,2026-07-11,2026-07-20
TASK_07278,Implement dark mode,DevOps,Medium,Bob,In Progress,16,13,2026-05-28,2026-06-13
TASK_07279,Fix login authentication bug,Feature,High,Alice,Completed,5,4,2026-07-01,2026-07-30
TASK_07280,Create REST API,Bug,Medium,Charlie,Pending,14,13,2026-06-17,2026-06-28
TASK_07281,Integrate email notifications,Feature,Medium,Alice,In Progress,15,8,2026-01-30,2026-02-20
TASK_07282,Refactor backend code,Feature,Critical,Alice,In Progress,20,5,2026-02-14,2026-03-02
TASK_07283,Develop analytics dashboard,UI/UX,Critical,Alice,Pending,13,7,2026-05-09,2026-05-13
TASK_07284,Implement chatbot,Testing,Critical,David,In Progress,3,0,2026-05-26,2026-06-17
TASK_07285,Implement dark mode,Feature,Critical,Henry,Pending,2,1,2026-03-22,2026-03-25
TASK_07286,Update project documentation,Testing,High,David,Completed,12,9,2026-03-01,2026-03-08
TASK_07287,Fix responsive layout,Testing,Critical,Emma,On Hold,2,0,2026-02-06,2026-02-11
TASK_07288,Implement chatbot,Feature,Low,David,Completed,9,0,2026-07-01,2026-07-11
TASK_07289,Refactor backend code,Backend,High,David,On Hold,1,1,2026-06-13,2026-07-01
TASK_07290,Integrate email notifications,Bug,Low,Charlie,On Hold,8,1,2026-04-11,2026-04-20
TASK_07291,Develop analytics dashboard,Testing,Medium,Henry,Pending,17,4,2026-07-25,2026-08-19
TASK_07292,Create REST API,Security,Low,Charlie,Completed,2,1,2026-03-10,2026-04-08
TASK_07293,Implement dark mode,Documentation,Critical,Frank,In Progress,14,6,2026-05-28,2026-06-01
TASK_07294,Improve application performance,Testing,Medium,Emma,Pending,10,3,2026-05-28,2026-06-25
TASK_07295,Update project documentation,Security,Critical,Charlie,On Hold,19,5,2026-06-03,2026-06-10
TASK_07296,Improve application performance,Backend,Low,Frank,Pending,10,5,2026-05-18,2026-05-29
TASK_07297,Fix login authentication bug,Testing,Critical,Alice,On Hold,20,7,2026-07-25,2026-08-02
TASK_07298,Fix login authentication bug,Security,Critical,Alice,Completed,7,7,2026-06-20,2026-07-10
TASK_07299,Develop user profile page,Backend,Medium,Bob,Completed,6,2,2026-02-02,2026-02-06
TASK_07300,Add search functionality,Backend,Low,Grace,In Progress,14,13,2026-04-05,2026-04-16
TASK_07301,Implement chatbot,UI/UX,Critical,Charlie,Completed,11,7,2026-04-26,2026-05-09
TASK_07302,Integrate email notifications,Testing,Medium,Emma,Pending,20,8,2026-01-30,2026-02-26
TASK_07303,Fix login authentication bug,Backend,Medium,Alice,Completed,3,3,2026-03-23,2026-04-06
TASK_07304,Develop user profile page,Testing,Critical,Frank,On Hold,18,14,2026-03-11,2026-03-31
TASK_07305,Implement dark mode,Bug,Critical,Frank,Pending,4,4,2026-07-26,2026-08-13
TASK_07306,Configure CI/CD pipeline,Frontend,Low,Alice,Completed,10,10,2026-07-01,2026-07-26
TASK_07307,Create REST API,Frontend,Critical,David,In Progress,15,4,2026-05-03,2026-05-29
TASK_07308,Implement dark mode,Security,Medium,Emma,In Progress,10,6,2026-02-05,2026-02-26
TASK_07309,Integrate email notifications,Testing,High,Alice,In Progress,7,0,2026-07-09,2026-07-22
TASK_07310,Deploy application,Database,Medium,David,Pending,7,1,2026-02-21,2026-03-03
TASK_07311,Design dashboard UI,Database,Low,Emma,On Hold,2,2,2026-03-11,2026-03-19
TASK_07312,Fix login authentication bug,UI/UX,Low,Charlie,On Hold,11,2,2026-05-12,2026-05-24
TASK_07313,Develop analytics dashboard,Database,Low,Bob,In Progress,9,8,2026-03-31,2026-04-18
TASK_07314,Improve application performance,Database,Medium,Henry,In Progress,5,3,2026-04-03,2026-04-14
TASK_07315,Implement chatbot,Bug,Low,Charlie,On Hold,4,4,2026-02-08,2026-02-11
TASK_07316,Implement dark mode,Documentation,Medium,Bob,On Hold,18,10,2026-02-01,2026-02-20
TASK_07317,Write unit tests,Security,Low,Grace,On Hold,19,1,2026-03-01,2026-03-03
TASK_07318,Design dashboard UI,Frontend,Low,Bob,Completed,3,1,2026-03-09,2026-04-07
TASK_07319,Configure CI/CD pipeline,Database,Low,Emma,Completed,16,5,2026-02-15,2026-03-02
TASK_07320,Integrate email notifications,Bug,Critical,Charlie,Pending,17,11,2026-03-23,2026-03-29
TASK_07321,Create REST API,UI/UX,Critical,Emma,In Progress,3,2,2026-05-25,2026-06-13
TASK_07322,Integrate email notifications,Security,Low,Alice,Completed,9,5,2026-05-14,2026-06-04
TASK_07323,Optimize SQL queries,Documentation,Critical,Charlie,Pending,18,14,2026-05-28,2026-06-03
TASK_07324,Deploy application,Backend,Low,Henry,Pending,5,1,2026-03-01,2026-03-20
TASK_07325,Create REST API,Feature,Medium,Alice,In Progress,16,2,2026-02-05,2026-02-20
TASK_07326,Fix login authentication bug,Security,Low,David,In Progress,6,6,2026-05-01,2026-05-06
TASK_07327,Implement payment gateway,DevOps,Critical,Grace,In Progress,18,8,2026-07-03,2026-07-30
TASK_07328,Implement payment gateway,Security,High,Bob,On Hold,19,8,2026-06-10,2026-06-29
TASK_07329,Improve application performance,Database,High,Alice,Completed,19,14,2026-06-25,2026-07-11
TASK_07330,Update project documentation,Bug,Critical,Grace,In Progress,13,2,2026-02-10,2026-03-12
TASK_07331,Write unit tests,Frontend,Low,Henry,On Hold,18,15,2026-06-12,2026-07-09
TASK_07332,Deploy application,Database,Low,Charlie,On Hold,7,5,2026-04-26,2026-05-04
TASK_07333,Fix login authentication bug,Documentation,High,Charlie,Completed,7,5,2026-04-16,2026-05-04
TASK_07334,Implement dark mode,Database,Critical,Frank,On Hold,9,4,2026-03-25,2026-04-17
TASK_07335,Refactor backend code,Database,Medium,Henry,Pending,1,1,2026-06-09,2026-06-28
TASK_07336,Integrate email notifications,Documentation,High,Bob,In Progress,6,1,2026-03-26,2026-04-16
TASK_07337,Develop analytics dashboard,Database,Medium,Frank,Completed,19,9,2026-03-24,2026-04-23
TASK_07338,Fix responsive layout,Feature,Critical,Bob,On Hold,7,0,2026-05-12,2026-05-18
TASK_07339,Deploy application,Frontend,Low,Bob,In Progress,6,1,2026-04-05,2026-04-30
TASK_07340,Create reports module,DevOps,High,Bob,On Hold,4,3,2026-02-25,2026-03-24
TASK_07341,Implement chatbot,Security,Critical,Bob,In Progress,19,14,2026-04-25,2026-05-06
TASK_07342,Optimize SQL queries,Backend,High,Frank,In Progress,17,0,2026-04-27,2026-05-26
TASK_07343,Fix login authentication bug,DevOps,Critical,Alice,Pending,13,9,2026-05-24,2026-06-15
TASK_07344,Fix login authentication bug,DevOps,Medium,David,On Hold,18,4,2026-06-01,2026-06-08
TASK_07345,Add search functionality,Feature,Critical,Alice,Pending,19,16,2026-05-19,2026-06-12
TASK_07346,Update project documentation,Feature,Medium,David,In Progress,4,2,2026-05-19,2026-05-23
TASK_07347,Create REST API,DevOps,Low,Frank,On Hold,9,3,2026-03-16,2026-03-23
TASK_07348,Integrate email notifications,Backend,Critical,Frank,On Hold,9,7,2026-04-24,2026-05-17
TASK_07349,Fix login authentication bug,Documentation,Low,Emma,Pending,17,2,2026-05-16,2026-05-22
TASK_07350,Develop analytics dashboard,Feature,Medium,Charlie,Pending,16,7,2026-02-16,2026-02-23
TASK_07351,Improve application performance,Testing,Medium,Alice,On Hold,9,1,2026-03-08,2026-03-13
TASK_07352,Deploy application,Database,Low,Charlie,On Hold,10,2,2026-04-28,2026-05-28
TASK_07353,Develop analytics dashboard,Testing,Medium,Alice,On Hold,15,12,2026-04-29,2026-05-13
TASK_07354,Update project documentation,Testing,Critical,Bob,In Progress,11,0,2026-06-18,2026-06-23
TASK_07355,Refactor backend code,Feature,Low,Bob,In Progress,5,1,2026-03-07,2026-03-17
TASK_07356,Implement chatbot,DevOps,High,Alice,Pending,2,0,2026-05-21,2026-06-14
TASK_07357,Deploy application,DevOps,Critical,David,In Progress,20,8,2026-02-02,2026-03-02
TASK_07358,Write unit tests,Backend,Critical,Grace,On Hold,15,5,2026-07-02,2026-07-27
TASK_07359,Integrate email notifications,Feature,High,Henry,In Progress,12,0,2026-04-29,2026-05-27
TASK_07360,Implement payment gateway,Documentation,Low,Henry,On Hold,20,11,2026-03-02,2026-03-08
TASK_07361,Configure CI/CD pipeline,Testing,Low,David,In Progress,7,0,2026-05-16,2026-06-05
TASK_07362,Create reports module,Backend,Low,David,Completed,1,1,2026-03-16,2026-03-28
TASK_07363,Design dashboard UI,Feature,Low,Emma,Pending,12,1,2026-01-30,2026-02-27
TASK_07364,Create reports module,Bug,Critical,David,Pending,14,7,2026-05-11,2026-05-14
TASK_07365,Develop user profile page,Security,Medium,Henry,Pending,20,3,2026-07-22,2026-08-13
TASK_07366,Write unit tests,Security,Low,David,In Progress,19,17,2026-03-02,2026-03-18
TASK_07367,Configure CI/CD pipeline,Frontend,High,Henry,On Hold,15,12,2026-02-05,2026-03-06
TASK_07368,Create reports module,Testing,Low,David,In Progress,12,3,2026-05-14,2026-06-08
TASK_07369,Improve application performance,Bug,Critical,Emma,Pending,5,5,2026-06-20,2026-06-24
TASK_07370,Develop analytics dashboard,Documentation,Low,Bob,Pending,7,2,2026-06-11,2026-06-22
TASK_07371,Implement dark mode,Bug,Medium,Bob,Completed,8,5,2026-06-02,2026-06-07
TASK_07372,Design dashboard UI,Testing,High,Grace,Pending,10,6,2026-07-18,2026-08-07
TASK_07373,Implement dark mode,Database,Medium,Frank,Pending,17,14,2026-02-06,2026-03-04
TASK_07374,Configure CI/CD pipeline,Frontend,Medium,Emma,Completed,17,1,2026-04-17,2026-05-09
TASK_07375,Improve application performance,Backend,Low,Charlie,On Hold,13,8,2026-02-28,2026-03-27
TASK_07376,Implement chatbot,Database,Medium,David,Completed,5,3,2026-06-20,2026-07-08
TASK_07377,Configure CI/CD pipeline,Testing,Low,Henry,Pending,5,3,2026-06-17,2026-06-25
TASK_07378,Fix responsive layout,Database,Low,Frank,In Progress,20,18,2026-02-14,2026-02-22
TASK_07379,Write unit tests,Database,Medium,David,On Hold,10,7,2026-02-04,2026-03-05
TASK_07380,Refactor backend code,Database,Medium,Henry,On Hold,5,5,2026-03-18,2026-04-04
TASK_07381,Develop analytics dashboard,UI/UX,Low,David,On Hold,17,15,2026-03-25,2026-04-16
TASK_07382,Update project documentation,Database,Critical,Emma,In Progress,16,10,2026-03-19,2026-04-01
TASK_07383,Develop user profile page,Testing,Medium,David,Pending,17,16,2026-04-26,2026-05-18
TASK_07384,Deploy application,Feature,Low,Grace,Completed,14,1,2026-05-23,2026-05-26
TASK_07385,Fix responsive layout,Database,High,David,Pending,8,8,2026-06-10,2026-06-17
TASK_07386,Improve application performance,Frontend,Medium,Bob,On Hold,16,1,2026-07-18,2026-08-13
TASK_07387,Implement dark mode,Database,Low,Bob,Completed,4,1,2026-02-15,2026-02-21
TASK_07388,Build admin panel,Backend,Medium,Grace,In Progress,14,1,2026-07-09,2026-07-23
TASK_07389,Fix login authentication bug,DevOps,Critical,Charlie,Pending,3,1,2026-04-07,2026-04-29
TASK_07390,Create reports module,Bug,Critical,Bob,In Progress,19,15,2026-02-26,2026-03-12
TASK_07391,Build admin panel,Database,Medium,Henry,In Progress,20,13,2026-07-04,2026-07-21
TASK_07392,Build admin panel,Backend,Medium,Charlie,On Hold,16,4,2026-03-27,2026-04-13
TASK_07393,Develop analytics dashboard,Documentation,Critical,Grace,Pending,15,12,2026-03-29,2026-04-18
TASK_07394,Implement chatbot,DevOps,Medium,Frank,Pending,3,2,2026-03-13,2026-04-11
TASK_07395,Integrate email notifications,UI/UX,Critical,Grace,In Progress,11,1,2026-05-04,2026-05-07
TASK_07396,Write unit tests,Bug,Low,Emma,In Progress,8,0,2026-02-06,2026-02-26
TASK_07397,Fix responsive layout,Feature,Critical,Frank,Pending,12,4,2026-03-31,2026-04-25
TASK_07398,Update project documentation,Backend,High,Bob,Completed,17,5,2026-02-07,2026-02-12
TASK_07399,Implement dark mode,UI/UX,Medium,Bob,Completed,16,0,2026-02-16,2026-03-02
TASK_07400,Build admin panel,Database,Medium,Grace,On Hold,11,8,2026-06-19,2026-07-01
TASK_07401,Implement chatbot,Backend,Low,Alice,In Progress,12,6,2026-07-15,2026-08-12
TASK_07402,Create REST API,Documentation,Critical,David,Completed,7,7,2026-07-26,2026-08-23
TASK_07403,Create reports module,Testing,Low,Emma,In Progress,8,5,2026-02-09,2026-03-03
TASK_07404,Implement payment gateway,Documentation,Critical,Emma,Completed,16,15,2026-07-11,2026-07-30
TASK_07405,Integrate email notifications,Database,Critical,Grace,Pending,9,8,2026-03-11,2026-03-22
TASK_07406,Design dashboard UI,Feature,Medium,Henry,On Hold,11,6,2026-06-25,2026-07-25
TASK_07407,Design dashboard UI,Frontend,Medium,Grace,Pending,16,1,2026-03-23,2026-04-17
TASK_07408,Update project documentation,UI/UX,High,Bob,In Progress,19,14,2026-05-07,2026-06-05
TASK_07409,Configure CI/CD pipeline,Documentation,High,Charlie,Pending,12,1,2026-02-05,2026-02-26
TASK_07410,Fix responsive layout,Testing,Medium,Henry,Completed,19,0,2026-03-10,2026-03-22
TASK_07411,Implement chatbot,Database,Low,Frank,In Progress,7,5,2026-02-17,2026-03-01
TASK_07412,Develop user profile page,Bug,Medium,Emma,Pending,16,13,2026-04-22,2026-05-13
TASK_07413,Optimize SQL queries,Frontend,Medium,Charlie,On Hold,11,0,2026-04-16,2026-04-29
TASK_07414,Implement payment gateway,Database,Low,Grace,Pending,20,16,2026-03-28,2026-04-17
TASK_07415,Integrate email notifications,Feature,Medium,Henry,In Progress,4,3,2026-07-10,2026-07-30
TASK_07416,Build admin panel,Backend,Low,Henry,On Hold,8,7,2026-05-15,2026-05-28
TASK_07417,Refactor backend code,Testing,Low,Alice,In Progress,19,1,2026-05-23,2026-06-11
TASK_07418,Refactor backend code,Security,Critical,Grace,In Progress,4,0,2026-05-01,2026-05-31
TASK_07419,Configure CI/CD pipeline,Frontend,Medium,Bob,On Hold,14,14,2026-06-09,2026-06-26
TASK_07420,Create REST API,Bug,High,Emma,On Hold,11,4,2026-06-19,2026-07-12
TASK_07421,Develop user profile page,UI/UX,Medium,Alice,On Hold,14,9,2026-04-02,2026-04-10
TASK_07422,Write unit tests,UI/UX,Critical,Charlie,Pending,20,15,2026-07-16,2026-07-28
TASK_07423,Add search functionality,Bug,Low,Alice,Completed,14,6,2026-04-05,2026-04-22
TASK_07424,Implement payment gateway,Feature,Medium,Bob,In Progress,13,8,2026-03-09,2026-03-16
TASK_07425,Fix login authentication bug,Bug,Critical,Grace,In Progress,1,1,2026-04-05,2026-04-28
TASK_07426,Build admin panel,Frontend,High,Bob,On Hold,20,10,2026-06-14,2026-06-27
TASK_07427,Build admin panel,Database,High,Bob,Pending,13,2,2026-03-24,2026-04-21
TASK_07428,Fix login authentication bug,Documentation,Critical,David,Completed,15,15,2026-03-16,2026-03-25
TASK_07429,Optimize SQL queries,Database,Medium,Henry,Pending,2,2,2026-05-28,2026-06-15
TASK_07430,Develop user profile page,Frontend,Low,Grace,Completed,15,2,2026-06-25,2026-07-11
TASK_07431,Refactor backend code,Database,Critical,Emma,In Progress,15,8,2026-07-14,2026-07-28
TASK_07432,Implement payment gateway,Frontend,Critical,Bob,In Progress,9,0,2026-07-25,2026-08-14
TASK_07433,Write unit tests,Database,High,Grace,On Hold,7,4,2026-03-08,2026-03-18
TASK_07434,Fix responsive layout,Security,High,Bob,Pending,13,5,2026-03-10,2026-03-17
TASK_07435,Create REST API,Backend,Critical,Alice,In Progress,2,1,2026-07-03,2026-07-26
TASK_07436,Implement payment gateway,Security,High,Grace,Pending,5,2,2026-03-14,2026-04-01
TASK_07437,Add search functionality,Feature,High,Charlie,On Hold,1,1,2026-07-19,2026-08-18
TASK_07438,Refactor backend code,Feature,Critical,Charlie,Pending,18,12,2026-02-09,2026-03-02
TASK_07439,Create reports module,Documentation,Critical,Bob,In Progress,10,0,2026-07-19,2026-08-08
TASK_07440,Optimize SQL queries,Frontend,Critical,Charlie,In Progress,12,5,2026-03-26,2026-04-24
TASK_07441,Deploy application,Frontend,Medium,Grace,On Hold,4,4,2026-03-31,2026-04-25
TASK_07442,Develop analytics dashboard,Bug,Critical,Alice,Completed,7,5,2026-03-24,2026-04-02
TASK_07443,Deploy application,Frontend,Medium,Charlie,On Hold,13,13,2026-04-01,2026-04-13
TASK_07444,Update project documentation,Security,Low,Henry,On Hold,14,8,2026-02-12,2026-02-22
TASK_07445,Optimize SQL queries,DevOps,High,David,Pending,14,2,2026-05-10,2026-05-24
TASK_07446,Create reports module,Testing,High,Charlie,Pending,13,3,2026-01-30,2026-02-21
TASK_07447,Design dashboard UI,Testing,High,Frank,Completed,9,2,2026-03-25,2026-04-18
TASK_07448,Refactor backend code,DevOps,Low,David,Completed,2,2,2026-01-29,2026-01-31
TASK_07449,Create REST API,Bug,Medium,Charlie,Pending,10,3,2026-04-08,2026-04-19
TASK_07450,Develop analytics dashboard,Documentation,Medium,Emma,In Progress,12,5,2026-07-04,2026-07-09
TASK_07451,Integrate email notifications,Documentation,Medium,Bob,Pending,2,2,2026-06-30,2026-07-15
TASK_07452,Implement chatbot,DevOps,Critical,Grace,Completed,17,8,2026-06-21,2026-07-08
TASK_07453,Develop user profile page,Testing,Low,Grace,On Hold,10,8,2026-07-05,2026-07-10
TASK_07454,Develop user profile page,Testing,Low,Emma,On Hold,15,10,2026-07-21,2026-08-05
TASK_07455,Write unit tests,Backend,Critical,Henry,Completed,19,13,2026-05-21,2026-06-12
TASK_07456,Create REST API,Documentation,Critical,David,Pending,7,5,2026-04-12,2026-05-12
TASK_07457,Deploy application,Bug,High,David,Completed,4,1,2026-04-07,2026-04-09
TASK_07458,Create REST API,Documentation,Low,Henry,In Progress,12,0,2026-03-23,2026-04-18
TASK_07459,Write unit tests,Bug,Low,Bob,Pending,7,6,2026-02-24,2026-03-02
TASK_07460,Update project documentation,Database,Medium,David,Completed,12,10,2026-06-22,2026-07-12
TASK_07461,Design dashboard UI,Testing,Critical,Alice,In Progress,17,8,2026-03-31,2026-04-14
TASK_07462,Deploy application,DevOps,High,David,On Hold,6,3,2026-04-13,2026-05-07
TASK_07463,Build admin panel,Feature,High,Alice,Pending,13,10,2026-06-04,2026-06-12
TASK_07464,Write unit tests,Frontend,Low,Grace,In Progress,14,0,2026-03-15,2026-04-10
TASK_07465,Configure CI/CD pipeline,Feature,High,Bob,In Progress,8,4,2026-01-28,2026-02-15
TASK_07466,Refactor backend code,DevOps,Critical,Henry,Pending,4,1,2026-03-16,2026-03-27
TASK_07467,Develop user profile page,UI/UX,High,Henry,Completed,7,2,2026-05-25,2026-06-07
TASK_07468,Develop analytics dashboard,UI/UX,Critical,Henry,Completed,18,13,2026-03-29,2026-03-31
TASK_07469,Improve application performance,Frontend,Critical,Bob,In Progress,1,1,2026-04-02,2026-04-06
TASK_07470,Refactor backend code,Security,High,Charlie,In Progress,17,11,2026-04-01,2026-04-17
TASK_07471,Update project documentation,Testing,Critical,Alice,Completed,8,5,2026-07-26,2026-07-29
TASK_07472,Create REST API,Feature,High,Frank,Completed,19,6,2026-05-25,2026-06-12
TASK_07473,Improve application performance,Documentation,Low,Alice,Completed,7,7,2026-06-16,2026-06-28
TASK_07474,Improve application performance,Bug,High,Charlie,On Hold,4,3,2026-04-03,2026-04-14
TASK_07475,Fix login authentication bug,Backend,Critical,Grace,In Progress,5,4,2026-04-30,2026-05-21
TASK_07476,Design dashboard UI,Bug,Low,Bob,In Progress,18,17,2026-05-11,2026-06-08
TASK_07477,Update project documentation,DevOps,High,Frank,On Hold,2,0,2026-05-18,2026-06-12
TASK_07478,Improve application performance,Security,High,David,Completed,11,4,2026-07-01,2026-07-31
TASK_07479,Write unit tests,Documentation,Critical,Alice,In Progress,9,1,2026-05-08,2026-05-21
TASK_07480,Refactor backend code,Bug,Critical,Emma,On Hold,10,3,2026-06-11,2026-07-11
TASK_07481,Create reports module,Testing,Critical,Charlie,In Progress,19,9,2026-07-04,2026-07-20
TASK_07482,Design dashboard UI,Backend,High,David,In Progress,3,2,2026-06-03,2026-06-29
TASK_07483,Create reports module,Backend,High,Frank,Pending,8,1,2026-06-22,2026-07-09
TASK_07484,Deploy application,Documentation,Critical,David,In Progress,15,5,2026-02-20,2026-03-21
TASK_07485,Improve application performance,DevOps,Medium,Frank,On Hold,16,2,2026-07-14,2026-08-13
TASK_07486,Implement payment gateway,Bug,Low,Charlie,Pending,14,9,2026-04-23,2026-05-21
TASK_07487,Implement dark mode,Frontend,Low,David,On Hold,5,0,2026-07-10,2026-08-03
TASK_07488,Improve application performance,Documentation,Low,David,In Progress,6,2,2026-05-10,2026-05-23
TASK_07489,Develop analytics dashboard,Database,Medium,Grace,Completed,14,3,2026-06-19,2026-06-26
TASK_07490,Implement dark mode,Bug,Medium,David,In Progress,6,0,2026-02-24,2026-03-02
TASK_07491,Refactor backend code,Security,High,Henry,Pending,14,5,2026-06-25,2026-07-17
TASK_07492,Add search functionality,Testing,Critical,David,On Hold,4,1,2026-07-06,2026-07-18
TASK_07493,Develop user profile page,Testing,Medium,Emma,Pending,11,5,2026-04-19,2026-05-08
TASK_07494,Develop user profile page,Database,High,Bob,In Progress,5,2,2026-03-11,2026-03-14
TASK_07495,Develop user profile page,UI/UX,Medium,Grace,Completed,5,3,2026-03-02,2026-03-24
TASK_07496,Configure CI/CD pipeline,Bug,Medium,Alice,Pending,17,12,2026-06-14,2026-07-10
TASK_07497,Build admin panel,Frontend,High,Emma,Pending,6,0,2026-07-08,2026-07-21
TASK_07498,Create REST API,UI/UX,High,Charlie,Pending,18,17,2026-02-03,2026-03-02
TASK_07499,Add search functionality,Database,Medium,Charlie,In Progress,11,7,2026-06-24,2026-07-08
TASK_07500,Implement payment gateway,Feature,Medium,Henry,In Progress,3,1,2026-03-01,2026-03-03
TASK_07501,Implement dark mode,UI/UX,Critical,Henry,Completed,9,0,2026-06-25,2026-07-05
TASK_07502,Configure CI/CD pipeline,DevOps,Low,Charlie,Pending,3,0,2026-07-10,2026-08-01
TASK_07503,Integrate email notifications,Documentation,High,Emma,On Hold,15,13,2026-03-18,2026-04-05
TASK_07504,Build admin panel,DevOps,High,Alice,Completed,12,4,2026-04-19,2026-04-29
TASK_07505,Build admin panel,Feature,High,Frank,Completed,12,4,2026-03-30,2026-04-12
TASK_07506,Fix login authentication bug,Backend,High,Frank,On Hold,5,5,2026-03-09,2026-03-17
TASK_07507,Configure CI/CD pipeline,Frontend,High,Grace,On Hold,3,3,2026-07-24,2026-07-29
TASK_07508,Improve application performance,Testing,High,Alice,Completed,18,12,2026-02-19,2026-03-14
TASK_07509,Fix login authentication bug,Database,Medium,Grace,On Hold,13,7,2026-05-26,2026-06-23
TASK_07510,Improve application performance,Testing,Critical,Alice,In Progress,19,16,2026-03-23,2026-03-31
TASK_07511,Implement chatbot,Security,Critical,Henry,In Progress,6,0,2026-01-31,2026-02-06
TASK_07512,Implement payment gateway,Frontend,Medium,Charlie,Completed,7,4,2026-03-01,2026-03-26
TASK_07513,Create reports module,Database,Medium,David,In Progress,14,0,2026-03-01,2026-03-07
TASK_07514,Add search functionality,UI/UX,Critical,Charlie,In Progress,1,1,2026-03-29,2026-04-20
TASK_07515,Write unit tests,DevOps,Critical,Henry,Completed,16,7,2026-05-25,2026-06-06
TASK_07516,Implement dark mode,Documentation,High,Charlie,On Hold,11,2,2026-04-04,2026-04-23
TASK_07517,Deploy application,Database,Low,Bob,Completed,8,0,2026-06-02,2026-06-15
TASK_07518,Implement payment gateway,Security,High,Charlie,Pending,15,2,2026-03-30,2026-04-05
TASK_07519,Add search functionality,Database,Critical,Henry,Pending,1,0,2026-06-12,2026-07-03
TASK_07520,Create reports module,Testing,Medium,Bob,Pending,15,6,2026-02-06,2026-02-19
TASK_07521,Implement dark mode,Security,Low,Bob,In Progress,1,1,2026-03-03,2026-03-23
TASK_07522,Create REST API,Bug,Medium,David,Pending,20,14,2026-04-11,2026-04-17
TASK_07523,Design dashboard UI,Bug,High,Alice,Completed,19,10,2026-02-26,2026-03-11
TASK_07524,Fix login authentication bug,Database,Critical,Grace,Completed,8,8,2026-02-01,2026-02-26
TASK_07525,Develop analytics dashboard,Frontend,High,Grace,In Progress,14,9,2026-06-15,2026-07-15
TASK_07526,Develop user profile page,Feature,Low,Grace,On Hold,16,7,2026-02-10,2026-03-05
TASK_07527,Create reports module,Bug,Medium,Charlie,Pending,5,5,2026-07-19,2026-07-25
TASK_07528,Update project documentation,Security,Medium,Bob,On Hold,9,8,2026-04-05,2026-04-09
TASK_07529,Write unit tests,Feature,Low,Emma,Pending,1,0,2026-05-19,2026-06-11
TASK_07530,Add search functionality,Security,Low,Grace,Completed,9,2,2026-04-22,2026-04-26
TASK_07531,Fix login authentication bug,Backend,Low,Charlie,In Progress,20,4,2026-06-04,2026-06-24
TASK_07532,Fix responsive layout,Frontend,Low,Emma,Completed,8,2,2026-03-22,2026-04-03
TASK_07533,Implement chatbot,Backend,Low,Charlie,Pending,14,5,2026-02-24,2026-03-18
TASK_07534,Fix login authentication bug,Testing,High,Charlie,In Progress,10,6,2026-06-30,2026-07-13
TASK_07535,Configure CI/CD pipeline,DevOps,Medium,Alice,In Progress,2,1,2026-05-03,2026-05-06
TASK_07536,Implement chatbot,Feature,High,Henry,On Hold,13,7,2026-02-19,2026-03-20
TASK_07537,Fix responsive layout,Database,Critical,Emma,Pending,4,1,2026-02-23,2026-03-25
TASK_07538,Add search functionality,UI/UX,Low,Charlie,Completed,12,2,2026-07-09,2026-07-14
TASK_07539,Develop analytics dashboard,Testing,High,Alice,Pending,3,1,2026-07-01,2026-07-24
TASK_07540,Create REST API,Database,Low,Frank,In Progress,17,5,2026-06-10,2026-06-21
TASK_07541,Update project documentation,Feature,High,Alice,On Hold,18,13,2026-05-22,2026-06-10
TASK_07542,Create REST API,Backend,Critical,Grace,In Progress,6,3,2026-07-14,2026-08-08
TASK_07543,Develop user profile page,DevOps,Medium,Charlie,Completed,20,20,2026-07-02,2026-07-15
TASK_07544,Write unit tests,DevOps,High,Charlie,On Hold,4,4,2026-07-01,2026-07-13
TASK_07545,Fix login authentication bug,DevOps,Low,David,On Hold,20,6,2026-07-09,2026-07-20
TASK_07546,Implement chatbot,Bug,Critical,Emma,In Progress,13,8,2026-04-14,2026-05-08
TASK_07547,Create REST API,Feature,High,Emma,In Progress,8,2,2026-06-17,2026-06-29
TASK_07548,Implement chatbot,UI/UX,Medium,Frank,On Hold,19,6,2026-05-24,2026-06-15
TASK_07549,Refactor backend code,Security,Low,Frank,In Progress,18,3,2026-05-18,2026-05-30
TASK_07550,Configure CI/CD pipeline,Documentation,Low,Emma,Completed,1,1,2026-02-07,2026-03-08
TASK_07551,Develop analytics dashboard,Database,Low,Bob,Pending,18,8,2026-04-22,2026-05-15
TASK_07552,Design dashboard UI,DevOps,Critical,David,In Progress,18,16,2026-07-25,2026-08-18
TASK_07553,Add search functionality,UI/UX,High,Alice,Completed,3,0,2026-02-19,2026-03-08
TASK_07554,Design dashboard UI,Backend,Medium,Charlie,On Hold,14,1,2026-03-01,2026-03-07
TASK_07555,Fix login authentication bug,Database,Low,Bob,On Hold,16,14,2026-03-04,2026-03-27
TASK_07556,Integrate email notifications,DevOps,High,Bob,In Progress,19,1,2026-05-11,2026-05-30
TASK_07557,Write unit tests,Testing,Low,Bob,Pending,13,2,2026-04-17,2026-04-26
TASK_07558,Create reports module,Security,High,David,On Hold,3,0,2026-07-12,2026-07-19
TASK_07559,Implement payment gateway,Feature,High,Henry,Completed,12,9,2026-04-08,2026-04-30
TASK_07560,Deploy application,Frontend,Critical,Charlie,Completed,19,8,2026-05-31,2026-06-22
TASK_07561,Fix responsive layout,Feature,Low,Frank,In Progress,8,2,2026-06-06,2026-06-13
TASK_07562,Build admin panel,Frontend,High,Emma,On Hold,13,1,2026-06-11,2026-07-11
TASK_07563,Fix login authentication bug,Backend,High,David,On Hold,20,19,2026-06-12,2026-06-21
TASK_07564,Build admin panel,Backend,High,Bob,In Progress,5,1,2026-02-23,2026-02-28
TASK_07565,Refactor backend code,Documentation,Low,Charlie,Completed,14,1,2026-02-02,2026-02-21
TASK_07566,Update project documentation,UI/UX,Low,Frank,On Hold,9,0,2026-02-14,2026-03-05
TASK_07567,Fix responsive layout,UI/UX,Medium,Frank,In Progress,3,2,2026-04-05,2026-04-28
TASK_07568,Design dashboard UI,Testing,High,Emma,In Progress,4,4,2026-02-22,2026-03-19
TASK_07569,Write unit tests,Frontend,Low,Frank,In Progress,14,12,2026-07-10,2026-08-02
TASK_07570,Refactor backend code,Testing,Low,Bob,Completed,14,4,2026-02-23,2026-03-09
TASK_07571,Improve application performance,DevOps,Critical,Grace,Completed,3,1,2026-04-16,2026-05-03
TASK_07572,Implement chatbot,Feature,High,Henry,On Hold,15,6,2026-05-02,2026-05-18
TASK_07573,Create reports module,DevOps,High,Charlie,In Progress,8,6,2026-05-19,2026-06-15
TASK_07574,Update project documentation,Frontend,Medium,Henry,Completed,11,10,2026-05-25,2026-05-27
TASK_07575,Design dashboard UI,Documentation,Critical,David,In Progress,3,0,2026-03-23,2026-04-01
TASK_07576,Improve application performance,Database,Medium,Frank,In Progress,6,3,2026-05-15,2026-06-01
TASK_07577,Deploy application,Feature,Medium,Alice,Completed,17,8,2026-06-14,2026-07-07
TASK_07578,Integrate email notifications,Testing,High,Charlie,Completed,8,5,2026-03-23,2026-04-10
TASK_07579,Fix responsive layout,Frontend,Low,David,Pending,13,6,2026-06-30,2026-07-08
TASK_07580,Configure CI/CD pipeline,UI/UX,Low,Frank,On Hold,19,14,2026-04-09,2026-04-22
TASK_07581,Create REST API,Frontend,Medium,Grace,Pending,10,8,2026-05-15,2026-05-27
TASK_07582,Fix login authentication bug,Documentation,Critical,Henry,On Hold,19,16,2026-07-19,2026-08-12
TASK_07583,Create REST API,Frontend,Critical,Henry,Completed,4,4,2026-02-24,2026-03-24
TASK_07584,Implement payment gateway,Bug,Low,Grace,In Progress,14,1,2026-04-21,2026-04-27
TASK_07585,Integrate email notifications,UI/UX,Medium,Alice,In Progress,10,5,2026-05-02,2026-05-07
TASK_07586,Deploy application,Feature,Low,Alice,Pending,3,1,2026-03-29,2026-04-17
TASK_07587,Fix responsive layout,DevOps,Critical,Bob,In Progress,19,10,2026-06-21,2026-07-19
TASK_07588,Create REST API,Bug,Medium,Charlie,Pending,6,6,2026-07-20,2026-07-23
TASK_07589,Fix login authentication bug,Testing,Low,Grace,On Hold,9,9,2026-04-14,2026-04-30
TASK_07590,Deploy application,Testing,Critical,Bob,Pending,11,1,2026-07-09,2026-07-28
TASK_07591,Create reports module,Testing,Medium,Frank,In Progress,9,6,2026-03-06,2026-03-19
TASK_07592,Fix responsive layout,Bug,Medium,Alice,In Progress,20,9,2026-04-08,2026-05-02
TASK_07593,Develop user profile page,Security,Medium,Henry,On Hold,5,0,2026-02-03,2026-02-12
TASK_07594,Implement chatbot,DevOps,Low,Bob,Completed,15,2,2026-03-08,2026-03-25
TASK_07595,Add search functionality,UI/UX,Low,Henry,On Hold,9,0,2026-06-04,2026-06-19
TASK_07596,Write unit tests,DevOps,Critical,Emma,On Hold,9,4,2026-03-10,2026-03-15
TASK_07597,Add search functionality,Testing,Critical,Henry,On Hold,3,1,2026-05-11,2026-05-19
TASK_07598,Deploy application,Testing,High,Charlie,Pending,19,5,2026-02-26,2026-03-28
TASK_07599,Write unit tests,UI/UX,Low,Emma,In Progress,12,3,2026-06-04,2026-06-30
TASK_07600,Build admin panel,Backend,Low,Grace,Completed,8,0,2026-06-29,2026-07-10
TASK_07601,Fix responsive layout,Security,Low,Emma,On Hold,1,1,2026-04-23,2026-04-27
TASK_07602,Refactor backend code,Testing,Low,Henry,Pending,6,1,2026-06-14,2026-07-04
TASK_07603,Integrate email notifications,DevOps,Critical,Grace,On Hold,16,9,2026-06-05,2026-06-26
TASK_07604,Fix responsive layout,DevOps,Critical,Alice,Completed,11,4,2026-04-18,2026-05-07
TASK_07605,Implement chatbot,Documentation,High,Grace,Pending,7,4,2026-05-25,2026-06-01
TASK_07606,Refactor backend code,Feature,Medium,Alice,On Hold,8,8,2026-04-22,2026-04-24
TASK_07607,Create reports module,Testing,Medium,Frank,Pending,19,12,2026-04-12,2026-05-07
TASK_07608,Create reports module,DevOps,Low,Charlie,Completed,10,1,2026-06-29,2026-07-25
TASK_07609,Develop user profile page,Bug,Low,Charlie,Completed,10,4,2026-05-23,2026-06-18
TASK_07610,Refactor backend code,Security,Critical,Alice,Completed,5,5,2026-07-22,2026-08-13
TASK_07611,Configure CI/CD pipeline,UI/UX,High,Charlie,On Hold,12,0,2026-03-05,2026-03-27
TASK_07612,Design dashboard UI,Security,Medium,David,On Hold,13,1,2026-04-04,2026-04-17
TASK_07613,Add search functionality,UI/UX,Medium,Grace,Pending,9,0,2026-04-25,2026-05-17
TASK_07614,Write unit tests,Security,High,Emma,Completed,14,1,2026-02-06,2026-02-26
TASK_07615,Write unit tests,Bug,High,Alice,Completed,11,5,2026-05-04,2026-05-09
TASK_07616,Create reports module,Frontend,Low,Frank,Pending,17,11,2026-03-07,2026-03-10
TASK_07617,Create reports module,DevOps,Medium,Emma,Pending,18,4,2026-03-18,2026-03-22
TASK_07618,Improve application performance,UI/UX,Medium,Alice,On Hold,1,1,2026-05-26,2026-05-28
TASK_07619,Develop analytics dashboard,Testing,Critical,Bob,Pending,5,4,2026-05-18,2026-06-14
TASK_07620,Add search functionality,DevOps,Critical,Alice,In Progress,16,14,2026-04-30,2026-05-03
TASK_07621,Fix login authentication bug,Frontend,High,Emma,On Hold,16,6,2026-03-20,2026-03-28
TASK_07622,Refactor backend code,Backend,High,Henry,Completed,9,1,2026-02-07,2026-03-02
TASK_07623,Optimize SQL queries,Feature,High,Alice,In Progress,15,12,2026-03-22,2026-03-25
TASK_07624,Develop user profile page,Feature,Critical,Emma,Pending,7,3,2026-03-22,2026-03-31
TASK_07625,Fix responsive layout,Bug,Critical,Alice,Pending,20,7,2026-04-17,2026-05-08
TASK_07626,Develop analytics dashboard,Bug,Critical,Alice,Pending,20,4,2026-05-24,2026-06-18
TASK_07627,Optimize SQL queries,UI/UX,Critical,Frank,On Hold,10,0,2026-02-19,2026-03-18
TASK_07628,Improve application performance,Security,Medium,Grace,In Progress,20,14,2026-02-28,2026-03-27
TASK_07629,Configure CI/CD pipeline,Feature,High,Charlie,On Hold,20,14,2026-03-14,2026-04-02
TASK_07630,Build admin panel,Frontend,Low,Frank,Pending,12,11,2026-02-07,2026-03-09
TASK_07631,Implement chatbot,Bug,High,Emma,Completed,20,7,2026-05-06,2026-05-11
TASK_07632,Integrate email notifications,UI/UX,High,Bob,In Progress,20,20,2026-03-11,2026-03-15
TASK_07633,Build admin panel,Testing,High,David,Pending,5,2,2026-03-21,2026-04-07
TASK_07634,Deploy application,Database,Low,Emma,On Hold,16,3,2026-04-08,2026-05-05
TASK_07635,Refactor backend code,Backend,Medium,Emma,On Hold,3,0,2026-03-03,2026-03-23
TASK_07636,Implement chatbot,UI/UX,High,Bob,Completed,19,14,2026-02-03,2026-03-03
TASK_07637,Improve application performance,Bug,Medium,Alice,In Progress,4,1,2026-03-28,2026-04-13
TASK_07638,Deploy application,Database,Critical,Bob,On Hold,11,4,2026-02-20,2026-03-02
TASK_07639,Develop user profile page,UI/UX,Medium,David,On Hold,14,2,2026-03-13,2026-03-18
TASK_07640,Integrate email notifications,Database,Medium,Henry,Pending,16,5,2026-04-13,2026-04-17
TASK_07641,Improve application performance,Frontend,Medium,Grace,In Progress,5,1,2026-05-04,2026-05-09
TASK_07642,Design dashboard UI,DevOps,Low,Henry,Completed,8,2,2026-02-20,2026-03-22
TASK_07643,Update project documentation,Security,Medium,Charlie,Completed,19,19,2026-03-23,2026-04-16
TASK_07644,Integrate email notifications,UI/UX,Low,Henry,In Progress,17,8,2026-05-04,2026-05-16
TASK_07645,Integrate email notifications,Feature,Critical,Alice,On Hold,13,2,2026-03-28,2026-04-10
TASK_07646,Configure CI/CD pipeline,Bug,Low,Henry,On Hold,19,15,2026-02-04,2026-02-25
TASK_07647,Fix login authentication bug,Feature,Critical,Alice,Completed,11,3,2026-02-01,2026-02-22
TASK_07648,Develop user profile page,Security,High,Henry,On Hold,12,4,2026-06-27,2026-06-30
TASK_07649,Update project documentation,UI/UX,Low,Charlie,On Hold,19,5,2026-04-30,2026-05-27
TASK_07650,Configure CI/CD pipeline,Bug,Medium,Frank,Pending,7,5,2026-05-18,2026-06-16
TASK_07651,Refactor backend code,Feature,High,Bob,Completed,3,2,2026-06-07,2026-07-07
TASK_07652,Fix responsive layout,Backend,High,Grace,Pending,20,4,2026-05-22,2026-06-12
TASK_07653,Implement payment gateway,Documentation,High,Frank,Pending,19,7,2026-03-15,2026-03-30
TASK_07654,Develop user profile page,DevOps,Low,Emma,In Progress,12,12,2026-02-03,2026-02-16
TASK_07655,Improve application performance,Feature,High,Charlie,Completed,10,0,2026-02-19,2026-03-18
TASK_07656,Design dashboard UI,Security,Medium,Frank,In Progress,20,9,2026-04-23,2026-05-15
TASK_07657,Fix login authentication bug,Testing,High,Bob,Completed,3,1,2026-05-14,2026-05-29
TASK_07658,Develop analytics dashboard,Feature,Medium,Frank,Completed,20,6,2026-04-20,2026-05-15
TASK_07659,Build admin panel,DevOps,Critical,Bob,On Hold,7,2,2026-07-13,2026-08-11
TASK_07660,Implement chatbot,Frontend,Low,Emma,On Hold,17,8,2026-05-09,2026-05-30
TASK_07661,Implement payment gateway,Database,Medium,Henry,Pending,5,3,2026-07-08,2026-07-22
TASK_07662,Implement dark mode,Documentation,High,Frank,Pending,1,0,2026-02-23,2026-03-05
TASK_07663,Deploy application,Documentation,High,David,In Progress,6,6,2026-07-21,2026-08-07
TASK_07664,Develop analytics dashboard,DevOps,Medium,Emma,Completed,7,0,2026-05-22,2026-05-28
TASK_07665,Optimize SQL queries,Backend,Low,David,Pending,6,0,2026-01-28,2026-02-08
TASK_07666,Develop analytics dashboard,Feature,Low,David,Pending,7,3,2026-03-23,2026-03-29
TASK_07667,Implement dark mode,Security,Low,Alice,On Hold,8,6,2026-04-14,2026-05-07
TASK_07668,Fix login authentication bug,Documentation,Critical,Emma,In Progress,17,9,2026-05-05,2026-05-11
TASK_07669,Configure CI/CD pipeline,Testing,Medium,Grace,Completed,7,3,2026-06-06,2026-06-14
TASK_07670,Configure CI/CD pipeline,DevOps,Critical,Bob,On Hold,19,0,2026-05-14,2026-06-01
TASK_07671,Write unit tests,Backend,Medium,Frank,In Progress,10,4,2026-06-06,2026-06-12
TASK_07672,Develop user profile page,Database,High,Henry,Completed,9,5,2026-03-03,2026-03-08
TASK_07673,Improve application performance,Testing,Medium,Emma,Pending,13,7,2026-03-10,2026-03-20
TASK_07674,Fix responsive layout,Frontend,Medium,David,In Progress,8,2,2026-03-02,2026-03-10
TASK_07675,Implement payment gateway,UI/UX,Critical,Charlie,In Progress,10,6,2026-06-11,2026-06-13
TASK_07676,Update project documentation,Frontend,High,Henry,On Hold,5,0,2026-02-19,2026-03-05
TASK_07677,Refactor backend code,Backend,Low,David,In Progress,17,15,2026-03-11,2026-03-28
TASK_07678,Write unit tests,Bug,Medium,Frank,In Progress,2,2,2026-04-20,2026-05-01
TASK_07679,Fix login authentication bug,DevOps,Critical,Henry,In Progress,14,14,2026-04-05,2026-04-14
TASK_07680,Configure CI/CD pipeline,UI/UX,Critical,Bob,In Progress,7,7,2026-05-31,2026-06-30
TASK_07681,Optimize SQL queries,Documentation,Low,Emma,Pending,5,1,2026-04-30,2026-05-11
TASK_07682,Update project documentation,UI/UX,Low,David,Pending,15,8,2026-06-26,2026-07-12
TASK_07683,Configure CI/CD pipeline,Feature,Critical,David,Pending,3,2,2026-04-14,2026-05-14
TASK_07684,Add search functionality,Security,Medium,Alice,In Progress,1,0,2026-07-26,2026-08-12
TASK_07685,Design dashboard UI,Database,Medium,Henry,Completed,9,9,2026-05-05,2026-05-17
TASK_07686,Fix responsive layout,DevOps,High,Grace,In Progress,18,0,2026-07-16,2026-08-05
TASK_07687,Fix responsive layout,Database,Low,Grace,On Hold,18,1,2026-07-20,2026-08-11
TASK_07688,Write unit tests,Security,Medium,Charlie,Completed,6,5,2026-03-06,2026-04-03
TASK_07689,Develop user profile page,Security,High,Grace,Completed,19,6,2026-05-28,2026-06-01
TASK_07690,Optimize SQL queries,Database,Low,Alice,Completed,19,8,2026-05-04,2026-06-01
TASK_07691,Implement chatbot,Documentation,Critical,Frank,On Hold,10,1,2026-04-29,2026-05-28
TASK_07692,Create reports module,Feature,Medium,Bob,In Progress,9,3,2026-06-06,2026-06-18
TASK_07693,Update project documentation,Feature,Medium,Bob,Pending,16,0,2026-04-20,2026-04-22
TASK_07694,Develop user profile page,Security,High,Grace,On Hold,7,7,2026-05-16,2026-05-25
TASK_07695,Develop analytics dashboard,UI/UX,Low,Charlie,On Hold,12,7,2026-02-26,2026-03-04
TASK_07696,Develop analytics dashboard,Database,Critical,Emma,On Hold,20,12,2026-07-03,2026-07-27
TASK_07697,Update project documentation,DevOps,Critical,Henry,Completed,11,11,2026-05-25,2026-06-18
TASK_07698,Create reports module,Feature,Low,Emma,Completed,11,1,2026-04-24,2026-04-30
TASK_07699,Fix responsive layout,Security,Low,Bob,On Hold,16,6,2026-05-14,2026-06-07
TASK_07700,Optimize SQL queries,Bug,High,Charlie,On Hold,10,7,2026-05-01,2026-05-17
TASK_07701,Optimize SQL queries,Testing,High,Henry,Completed,10,1,2026-04-26,2026-05-02
TASK_07702,Build admin panel,Backend,Medium,Frank,On Hold,14,5,2026-04-13,2026-04-24
TASK_07703,Update project documentation,Documentation,Critical,Alice,Pending,15,6,2026-02-06,2026-02-20
TASK_07704,Improve application performance,UI/UX,High,Bob,In Progress,2,2,2026-06-30,2026-07-07
TASK_07705,Refactor backend code,Backend,High,Frank,On Hold,9,2,2026-04-11,2026-05-10
TASK_07706,Update project documentation,Backend,Medium,Grace,In Progress,12,8,2026-06-30,2026-07-26
TASK_07707,Build admin panel,UI/UX,High,Grace,In Progress,17,3,2026-06-16,2026-06-29
TASK_07708,Add search functionality,DevOps,High,Grace,On Hold,9,6,2026-05-06,2026-05-08
TASK_07709,Deploy application,Documentation,High,Frank,In Progress,16,8,2026-05-14,2026-06-02
TASK_07710,Refactor backend code,Testing,Low,Emma,Pending,18,7,2026-03-01,2026-03-06
TASK_07711,Add search functionality,Feature,Medium,Emma,In Progress,9,5,2026-04-16,2026-05-01
TASK_07712,Develop analytics dashboard,DevOps,Medium,Henry,Completed,3,0,2026-03-07,2026-03-11
TASK_07713,Update project documentation,Bug,Medium,David,On Hold,13,2,2026-03-21,2026-04-09
TASK_07714,Develop analytics dashboard,Backend,Critical,Henry,In Progress,5,0,2026-05-02,2026-05-30
TASK_07715,Implement payment gateway,Security,Critical,Charlie,Pending,4,0,2026-03-26,2026-04-01
TASK_07716,Fix responsive layout,Bug,Low,Frank,On Hold,20,14,2026-02-19,2026-02-25
TASK_07717,Refactor backend code,Frontend,Low,Charlie,On Hold,7,4,2026-04-05,2026-04-24
TASK_07718,Deploy application,Bug,High,Charlie,In Progress,2,2,2026-03-04,2026-03-15
TASK_07719,Update project documentation,Feature,Low,Emma,On Hold,16,11,2026-05-07,2026-05-12
TASK_07720,Implement payment gateway,Testing,Medium,Charlie,On Hold,2,0,2026-07-05,2026-07-07
TASK_07721,Create REST API,Backend,Low,Henry,Completed,5,0,2026-02-07,2026-02-14
TASK_07722,Optimize SQL queries,DevOps,Medium,Emma,Completed,3,2,2026-06-30,2026-07-09
TASK_07723,Implement chatbot,Frontend,Low,Bob,Pending,2,0,2026-05-30,2026-06-05
TASK_07724,Build admin panel,Bug,Medium,Charlie,On Hold,1,0,2026-04-06,2026-04-29
TASK_07725,Develop user profile page,Frontend,Critical,Henry,On Hold,14,11,2026-02-10,2026-03-06
TASK_07726,Create reports module,Backend,Low,Charlie,In Progress,15,11,2026-05-26,2026-06-10
TASK_07727,Develop user profile page,Database,Medium,Henry,In Progress,18,9,2026-04-29,2026-05-06
TASK_07728,Fix login authentication bug,Security,High,Emma,Pending,20,5,2026-05-22,2026-05-31
TASK_07729,Develop user profile page,Security,Low,Frank,On Hold,1,1,2026-05-13,2026-05-24
TASK_07730,Develop analytics dashboard,Database,Medium,Charlie,Pending,8,6,2026-04-11,2026-05-09
TASK_07731,Design dashboard UI,Database,Critical,Grace,Pending,15,2,2026-05-03,2026-05-07
TASK_07732,Create REST API,Backend,High,Frank,On Hold,15,1,2026-05-28,2026-05-30
TASK_07733,Fix login authentication bug,Security,Critical,Alice,In Progress,13,7,2026-05-17,2026-05-31
TASK_07734,Implement dark mode,Testing,Critical,Alice,Completed,12,5,2026-07-08,2026-07-30
TASK_07735,Fix responsive layout,Documentation,Medium,Emma,In Progress,12,3,2026-07-14,2026-08-13
TASK_07736,Fix responsive layout,Frontend,High,Henry,In Progress,3,2,2026-02-19,2026-03-10
TASK_07737,Improve application performance,Documentation,Medium,Henry,Pending,13,10,2026-07-06,2026-07-21
TASK_07738,Implement payment gateway,Database,High,Grace,Pending,17,2,2026-05-29,2026-06-17
TASK_07739,Design dashboard UI,Frontend,Critical,David,On Hold,3,1,2026-02-07,2026-03-09
TASK_07740,Refactor backend code,Database,Low,Frank,Pending,11,0,2026-01-30,2026-02-06
TASK_07741,Configure CI/CD pipeline,Feature,Low,Grace,Pending,9,7,2026-03-19,2026-03-31
TASK_07742,Optimize SQL queries,Testing,Low,Grace,Pending,1,0,2026-06-26,2026-07-23
TASK_07743,Create reports module,Security,High,Frank,On Hold,15,11,2026-06-13,2026-06-22
TASK_07744,Configure CI/CD pipeline,Backend,Medium,Frank,On Hold,18,1,2026-04-14,2026-04-16
TASK_07745,Implement chatbot,Testing,Low,David,On Hold,7,1,2026-04-17,2026-04-24
TASK_07746,Configure CI/CD pipeline,Testing,High,Henry,In Progress,3,1,2026-02-25,2026-03-08
TASK_07747,Develop analytics dashboard,Security,Medium,Henry,In Progress,7,6,2026-02-26,2026-03-15
TASK_07748,Write unit tests,Feature,Low,Grace,In Progress,3,1,2026-04-22,2026-05-14
TASK_07749,Design dashboard UI,Database,High,Frank,In Progress,19,11,2026-02-22,2026-03-15
TASK_07750,Configure CI/CD pipeline,Testing,Critical,Bob,On Hold,15,13,2026-05-11,2026-06-02
TASK_07751,Build admin panel,Feature,Medium,Frank,In Progress,2,2,2026-03-10,2026-03-21
TASK_07752,Create reports module,Testing,Medium,Alice,Pending,10,8,2026-01-29,2026-02-02
TASK_07753,Build admin panel,Database,High,Grace,On Hold,12,12,2026-04-06,2026-05-04
TASK_07754,Integrate email notifications,Feature,Low,Emma,Completed,6,2,2026-02-18,2026-03-15
TASK_07755,Configure CI/CD pipeline,Backend,Critical,Emma,On Hold,8,5,2026-04-17,2026-04-24
TASK_07756,Refactor backend code,Documentation,Medium,Emma,Completed,6,2,2026-03-11,2026-03-31
TASK_07757,Implement chatbot,UI/UX,High,Alice,Completed,18,6,2026-05-30,2026-06-03
TASK_07758,Implement dark mode,UI/UX,Low,Alice,In Progress,2,2,2026-03-31,2026-04-03
TASK_07759,Refactor backend code,Frontend,Low,Grace,Pending,4,3,2026-02-25,2026-03-03
TASK_07760,Create REST API,Feature,High,Grace,In Progress,15,3,2026-07-16,2026-07-27
TASK_07761,Create REST API,Backend,High,Emma,On Hold,12,11,2026-07-14,2026-07-16
TASK_07762,Implement payment gateway,DevOps,Medium,Alice,In Progress,9,9,2026-05-30,2026-06-08
TASK_07763,Fix responsive layout,Bug,Low,Alice,Pending,5,1,2026-03-26,2026-04-19
TASK_07764,Fix responsive layout,Testing,Critical,Frank,In Progress,6,3,2026-07-23,2026-07-28
TASK_07765,Write unit tests,UI/UX,High,Charlie,In Progress,8,2,2026-02-25,2026-03-15
TASK_07766,Create REST API,Backend,Critical,Bob,Completed,4,3,2026-07-09,2026-07-18
TASK_07767,Fix responsive layout,Frontend,High,Henry,On Hold,10,6,2026-07-12,2026-07-31
TASK_07768,Create reports module,Documentation,Critical,Henry,On Hold,9,2,2026-01-30,2026-02-21
TASK_07769,Develop user profile page,Feature,Critical,Grace,In Progress,9,6,2026-04-12,2026-04-15
TASK_07770,Design dashboard UI,DevOps,Critical,Emma,Completed,5,3,2026-07-18,2026-07-22
TASK_07771,Deploy application,UI/UX,Critical,Henry,On Hold,2,2,2026-07-03,2026-07-24
TASK_07772,Update project documentation,Database,High,Charlie,Pending,5,0,2026-03-17,2026-04-09
TASK_07773,Develop analytics dashboard,Testing,Critical,Frank,Completed,14,11,2026-06-05,2026-06-10
TASK_07774,Create reports module,Backend,Low,Bob,On Hold,4,1,2026-05-30,2026-06-10
TASK_07775,Design dashboard UI,UI/UX,Low,Bob,Pending,12,4,2026-04-12,2026-04-14
TASK_07776,Design dashboard UI,Bug,Medium,Emma,Pending,5,1,2026-03-06,2026-03-27
TASK_07777,Optimize SQL queries,Database,Critical,Emma,On Hold,19,14,2026-04-09,2026-04-20
TASK_07778,Refactor backend code,Database,Critical,Frank,In Progress,8,6,2026-01-30,2026-02-09
TASK_07779,Develop user profile page,Frontend,Medium,David,Completed,8,1,2026-04-20,2026-04-22
TASK_07780,Design dashboard UI,Backend,Critical,David,In Progress,13,3,2026-03-10,2026-03-17
TASK_07781,Fix login authentication bug,UI/UX,Low,Alice,On Hold,11,6,2026-06-02,2026-06-26
TASK_07782,Build admin panel,Frontend,Medium,Alice,Completed,10,1,2026-02-08,2026-02-17
TASK_07783,Implement payment gateway,Bug,Medium,David,Pending,7,4,2026-03-31,2026-04-19
TASK_07784,Implement dark mode,Feature,Critical,Emma,Pending,10,2,2026-01-28,2026-02-16
TASK_07785,Fix responsive layout,Documentation,Critical,David,Completed,4,2,2026-05-31,2026-06-28
TASK_07786,Optimize SQL queries,Frontend,High,Grace,On Hold,4,4,2026-02-09,2026-02-12
TASK_07787,Fix login authentication bug,Feature,Critical,Emma,Pending,7,1,2026-07-26,2026-08-02
TASK_07788,Configure CI/CD pipeline,Bug,Low,Alice,Completed,11,5,2026-02-01,2026-02-03
TASK_07789,Improve application performance,Database,Low,Bob,On Hold,17,4,2026-06-22,2026-07-08
TASK_07790,Implement chatbot,Bug,Critical,Henry,Pending,9,9,2026-04-02,2026-04-17
TASK_07791,Build admin panel,DevOps,Critical,Emma,In Progress,12,3,2026-07-18,2026-08-03
TASK_07792,Refactor backend code,Security,High,Bob,In Progress,17,6,2026-05-15,2026-05-25
TASK_07793,Fix responsive layout,Database,Critical,Henry,Pending,2,2,2026-03-12,2026-03-27
TASK_07794,Create REST API,Database,Medium,David,On Hold,10,4,2026-01-30,2026-02-08
TASK_07795,Deploy application,Database,Low,Charlie,On Hold,3,1,2026-02-13,2026-02-18
TASK_07796,Implement chatbot,Database,Medium,Henry,Completed,17,7,2026-05-23,2026-06-18
TASK_07797,Improve application performance,Backend,Critical,Grace,In Progress,7,1,2026-07-15,2026-07-28
TASK_07798,Create REST API,Documentation,High,Bob,Completed,7,5,2026-02-06,2026-02-28
TASK_07799,Fix login authentication bug,Documentation,High,Alice,In Progress,2,2,2026-06-23,2026-07-02
TASK_07800,Create reports module,UI/UX,Low,Bob,Completed,18,7,2026-03-21,2026-04-09
TASK_07801,Deploy application,Backend,High,Henry,Pending,19,10,2026-02-10,2026-02-24
TASK_07802,Create reports module,Bug,Critical,Alice,In Progress,18,15,2026-05-26,2026-06-12
TASK_07803,Develop user profile page,Backend,Medium,Emma,Pending,14,0,2026-03-24,2026-04-15
TASK_07804,Develop user profile page,Backend,Medium,Henry,On Hold,7,6,2026-07-21,2026-07-23
TASK_07805,Fix responsive layout,Documentation,Low,Bob,Pending,19,13,2026-07-23,2026-08-01
TASK_07806,Write unit tests,Security,Critical,Alice,Pending,5,4,2026-07-14,2026-07-27
TASK_07807,Update project documentation,Frontend,Medium,Charlie,Completed,20,9,2026-07-18,2026-08-08
TASK_07808,Deploy application,Bug,Low,Bob,Pending,11,10,2026-04-30,2026-05-08
TASK_07809,Configure CI/CD pipeline,Feature,Medium,Henry,In Progress,1,0,2026-03-20,2026-03-30
TASK_07810,Integrate email notifications,Security,Low,Bob,In Progress,5,5,2026-03-10,2026-03-12
TASK_07811,Deploy application,Feature,Medium,Frank,Pending,8,3,2026-05-26,2026-06-18
TASK_07812,Configure CI/CD pipeline,Frontend,Medium,Emma,Pending,10,4,2026-07-10,2026-07-26
TASK_07813,Optimize SQL queries,UI/UX,Low,Grace,Completed,8,2,2026-02-01,2026-02-14
TASK_07814,Create REST API,Database,High,Bob,On Hold,4,4,2026-01-31,2026-02-21
TASK_07815,Integrate email notifications,UI/UX,Critical,David,In Progress,9,5,2026-03-23,2026-04-16
TASK_07816,Implement dark mode,Documentation,Critical,Alice,Pending,12,1,2026-05-09,2026-05-26
TASK_07817,Develop analytics dashboard,DevOps,Low,Henry,Completed,3,3,2026-03-29,2026-04-01
TASK_07818,Implement dark mode,Testing,Medium,Emma,On Hold,6,3,2026-02-21,2026-02-26
TASK_07819,Build admin panel,Database,Critical,Emma,In Progress,20,5,2026-03-27,2026-04-10
TASK_07820,Update project documentation,UI/UX,High,Emma,On Hold,6,2,2026-07-21,2026-08-16
TASK_07821,Integrate email notifications,Database,Medium,Grace,Pending,16,11,2026-05-21,2026-06-04
TASK_07822,Update project documentation,DevOps,Critical,Charlie,In Progress,8,3,2026-07-07,2026-08-06
TASK_07823,Build admin panel,Testing,Critical,Henry,In Progress,4,1,2026-03-02,2026-03-21
TASK_07824,Fix login authentication bug,Backend,Critical,David,In Progress,14,5,2026-01-30,2026-02-08
TASK_07825,Configure CI/CD pipeline,Frontend,Critical,David,In Progress,20,8,2026-06-12,2026-07-01
TASK_07826,Develop analytics dashboard,Bug,Critical,Charlie,On Hold,1,1,2026-05-03,2026-05-15
TASK_07827,Write unit tests,Documentation,Low,Alice,On Hold,14,0,2026-06-23,2026-07-02
TASK_07828,Integrate email notifications,Security,Low,Charlie,Pending,10,6,2026-02-22,2026-03-07
TASK_07829,Build admin panel,Frontend,Critical,Grace,Pending,6,2,2026-03-09,2026-04-04
TASK_07830,Integrate email notifications,DevOps,Low,Alice,In Progress,14,1,2026-06-17,2026-07-09
TASK_07831,Implement payment gateway,Feature,Medium,Henry,Completed,6,3,2026-06-09,2026-06-30
TASK_07832,Improve application performance,DevOps,Medium,Emma,Completed,8,0,2026-07-11,2026-07-19
TASK_07833,Implement chatbot,Database,Critical,Bob,On Hold,16,0,2026-03-20,2026-04-03
TASK_07834,Write unit tests,UI/UX,Low,Charlie,In Progress,3,0,2026-05-29,2026-06-14
TASK_07835,Fix login authentication bug,Testing,Critical,Emma,On Hold,12,5,2026-05-29,2026-06-19
TASK_07836,Develop analytics dashboard,Testing,Low,Alice,On Hold,6,0,2026-07-10,2026-07-28
TASK_07837,Fix responsive layout,Feature,Critical,Grace,In Progress,6,2,2026-03-06,2026-03-15
TASK_07838,Write unit tests,Database,High,Grace,Completed,11,7,2026-05-19,2026-06-04
TASK_07839,Write unit tests,Feature,Low,David,In Progress,17,13,2026-03-24,2026-04-02
TASK_07840,Develop user profile page,Feature,Critical,Bob,Completed,7,1,2026-06-22,2026-07-14
TASK_07841,Create reports module,Frontend,High,Henry,Pending,7,1,2026-02-16,2026-03-14
TASK_07842,Create reports module,Frontend,High,Frank,Pending,19,4,2026-05-10,2026-05-23
TASK_07843,Fix login authentication bug,Security,Medium,David,On Hold,9,9,2026-05-10,2026-05-28
TASK_07844,Implement chatbot,Feature,High,Alice,Pending,15,5,2026-02-17,2026-03-10
TASK_07845,Fix login authentication bug,Documentation,Critical,Alice,In Progress,7,4,2026-06-07,2026-06-25
TASK_07846,Integrate email notifications,Feature,Critical,Alice,In Progress,1,0,2026-06-24,2026-07-07
TASK_07847,Create REST API,Documentation,Low,Bob,Pending,17,0,2026-05-06,2026-05-29
TASK_07848,Improve application performance,Security,Medium,Frank,In Progress,9,2,2026-03-28,2026-04-27
TASK_07849,Update project documentation,Testing,Low,Grace,Pending,2,0,2026-05-22,2026-06-21
TASK_07850,Develop user profile page,Database,High,Grace,Pending,9,1,2026-03-03,2026-03-21
TASK_07851,Improve application performance,Database,Medium,Bob,Completed,7,6,2026-06-10,2026-06-27
TASK_07852,Deploy application,Testing,Low,Frank,Pending,19,12,2026-03-14,2026-03-17
TASK_07853,Fix responsive layout,Backend,Medium,David,On Hold,9,6,2026-06-25,2026-07-21
TASK_07854,Fix responsive layout,Documentation,High,Alice,Completed,3,0,2026-03-26,2026-04-05
TASK_07855,Develop analytics dashboard,Bug,Low,Henry,On Hold,10,6,2026-04-27,2026-05-26
TASK_07856,Implement dark mode,Documentation,Critical,Emma,In Progress,6,3,2026-05-14,2026-05-18
TASK_07857,Improve application performance,Backend,Low,Alice,On Hold,12,6,2026-02-10,2026-03-03
TASK_07858,Implement dark mode,Database,High,Emma,In Progress,8,4,2026-02-08,2026-03-02
TASK_07859,Fix login authentication bug,Feature,Critical,Alice,On Hold,16,1,2026-06-22,2026-07-14
TASK_07860,Deploy application,Documentation,Medium,Emma,Completed,10,2,2026-06-19,2026-07-10
TASK_07861,Implement chatbot,UI/UX,Medium,Henry,Completed,7,3,2026-01-28,2026-02-16
TASK_07862,Fix login authentication bug,Feature,High,Frank,In Progress,16,1,2026-05-25,2026-05-28
TASK_07863,Fix login authentication bug,Bug,Critical,Bob,Pending,12,7,2026-07-18,2026-08-04
TASK_07864,Fix login authentication bug,Frontend,Critical,Alice,Pending,12,7,2026-07-20,2026-08-04
TASK_07865,Design dashboard UI,Database,High,Charlie,On Hold,10,6,2026-07-17,2026-07-23
TASK_07866,Integrate email notifications,Feature,Low,Bob,In Progress,14,11,2026-04-19,2026-04-21
TASK_07867,Develop user profile page,Bug,High,Alice,On Hold,10,6,2026-04-19,2026-05-05
TASK_07868,Fix login authentication bug,Bug,Medium,Grace,On Hold,13,4,2026-06-06,2026-07-02
TASK_07869,Deploy application,Documentation,Medium,David,Pending,2,2,2026-05-27,2026-05-30
TASK_07870,Refactor backend code,Documentation,Critical,Grace,In Progress,8,3,2026-07-26,2026-08-04
TASK_07871,Update project documentation,Documentation,Medium,Grace,On Hold,5,1,2026-04-20,2026-05-04
TASK_07872,Implement chatbot,UI/UX,High,David,Pending,20,9,2026-06-30,2026-07-19
TASK_07873,Add search functionality,Documentation,Medium,Grace,Pending,7,3,2026-07-05,2026-07-12
TASK_07874,Refactor backend code,Bug,Low,Charlie,Pending,9,3,2026-07-09,2026-08-05
TASK_07875,Design dashboard UI,Documentation,High,Frank,Pending,13,1,2026-04-12,2026-05-01
TASK_07876,Create REST API,DevOps,High,Frank,Completed,10,0,2026-07-17,2026-07-24
TASK_07877,Update project documentation,Feature,Critical,Charlie,On Hold,15,1,2026-07-19,2026-07-31
TASK_07878,Refactor backend code,Backend,High,Emma,Completed,1,0,2026-05-12,2026-06-09
TASK_07879,Fix responsive layout,Backend,Critical,Frank,Pending,5,5,2026-02-24,2026-03-02
TASK_07880,Build admin panel,Documentation,Critical,Henry,On Hold,14,8,2026-04-16,2026-05-01
TASK_07881,Refactor backend code,Testing,Low,Frank,In Progress,5,1,2026-03-17,2026-03-28
TASK_07882,Refactor backend code,Documentation,Medium,Emma,Pending,16,13,2026-07-07,2026-07-24
TASK_07883,Deploy application,Documentation,High,Grace,Pending,13,6,2026-06-22,2026-07-13
TASK_07884,Develop user profile page,DevOps,Low,David,On Hold,3,3,2026-03-12,2026-04-04
TASK_07885,Develop user profile page,Documentation,High,Henry,Completed,9,4,2026-02-03,2026-02-11
TASK_07886,Integrate email notifications,Testing,Low,Henry,In Progress,7,3,2026-06-11,2026-07-01
TASK_07887,Design dashboard UI,Backend,Low,Charlie,On Hold,16,15,2026-05-08,2026-06-05
TASK_07888,Update project documentation,Testing,Low,Charlie,In Progress,11,1,2026-04-28,2026-05-21
TASK_07889,Integrate email notifications,DevOps,Low,Alice,On Hold,5,5,2026-03-24,2026-04-01
TASK_07890,Develop user profile page,Security,Low,Charlie,Pending,20,12,2026-07-21,2026-08-12
TASK_07891,Develop analytics dashboard,DevOps,Low,Frank,Pending,20,17,2026-01-30,2026-02-06
TASK_07892,Implement dark mode,Testing,Critical,David,In Progress,19,0,2026-03-22,2026-03-29
TASK_07893,Deploy application,Security,Critical,Alice,On Hold,18,17,2026-03-19,2026-04-14
TASK_07894,Implement chatbot,Security,Low,Alice,In Progress,5,2,2026-07-07,2026-07-11
TASK_07895,Fix login authentication bug,Backend,Low,Emma,Completed,8,1,2026-06-21,2026-07-03
TASK_07896,Write unit tests,UI/UX,High,David,In Progress,2,2,2026-07-26,2026-08-16
TASK_07897,Refactor backend code,Backend,Low,David,Completed,8,5,2026-07-12,2026-07-29
TASK_07898,Implement chatbot,Backend,Medium,Henry,Pending,11,2,2026-05-24,2026-06-06
TASK_07899,Implement chatbot,UI/UX,High,Alice,In Progress,8,6,2026-06-16,2026-07-07
TASK_07900,Configure CI/CD pipeline,Frontend,High,Alice,Completed,2,1,2026-06-11,2026-07-11
TASK_07901,Develop user profile page,UI/UX,Medium,David,Completed,4,0,2026-05-27,2026-06-19
TASK_07902,Configure CI/CD pipeline,DevOps,High,Grace,In Progress,20,10,2026-05-26,2026-06-17
TASK_07903,Deploy application,Backend,Low,Emma,Completed,3,1,2026-05-31,2026-06-08
TASK_07904,Build admin panel,Testing,Medium,Emma,On Hold,14,8,2026-02-17,2026-03-03
TASK_07905,Write unit tests,Documentation,High,David,Pending,7,4,2026-05-07,2026-05-21
TASK_07906,Integrate email notifications,Documentation,Low,Bob,Completed,9,2,2026-03-27,2026-04-22
TASK_07907,Implement payment gateway,Security,High,Charlie,In Progress,17,2,2026-02-16,2026-03-18
TASK_07908,Fix responsive layout,DevOps,High,Henry,In Progress,20,5,2026-03-09,2026-03-19
TASK_07909,Develop analytics dashboard,Testing,Medium,David,Completed,13,11,2026-06-01,2026-06-07
TASK_07910,Implement dark mode,Database,Medium,Alice,Pending,13,12,2026-06-16,2026-07-09
TASK_07911,Fix login authentication bug,UI/UX,Medium,Emma,Pending,18,4,2026-04-12,2026-04-29
TASK_07912,Implement chatbot,Testing,Medium,Alice,In Progress,19,4,2026-03-27,2026-04-17
TASK_07913,Configure CI/CD pipeline,Bug,Medium,Emma,Pending,10,1,2026-07-18,2026-08-10
TASK_07914,Add search functionality,Testing,Medium,Alice,In Progress,10,10,2026-02-03,2026-02-08
TASK_07915,Fix responsive layout,UI/UX,Critical,Alice,Pending,5,1,2026-03-15,2026-04-04
TASK_07916,Integrate email notifications,Backend,High,Frank,Completed,9,4,2026-05-29,2026-06-14
TASK_07917,Develop user profile page,DevOps,Low,Emma,Pending,10,2,2026-06-19,2026-06-23
TASK_07918,Fix login authentication bug,Bug,Critical,Bob,Pending,14,3,2026-07-24,2026-08-21
TASK_07919,Implement payment gateway,Testing,Low,Frank,On Hold,19,2,2026-07-22,2026-08-18
TASK_07920,Fix login authentication bug,Database,Medium,Henry,In Progress,10,6,2026-07-10,2026-08-08
TASK_07921,Update project documentation,Database,Medium,Charlie,In Progress,8,1,2026-03-11,2026-03-25
TASK_07922,Develop user profile page,Security,Medium,Bob,Completed,8,7,2026-03-23,2026-04-02
TASK_07923,Fix responsive layout,Database,Medium,Bob,Completed,11,8,2026-04-14,2026-05-03
TASK_07924,Implement payment gateway,UI/UX,Low,Charlie,Completed,17,4,2026-04-24,2026-05-03
TASK_07925,Update project documentation,Feature,Low,David,Pending,5,2,2026-01-29,2026-02-01
TASK_07926,Create REST API,DevOps,Critical,Henry,On Hold,16,15,2026-02-06,2026-02-26
TASK_07927,Implement dark mode,Security,Low,Bob,In Progress,17,17,2026-02-15,2026-03-12
TASK_07928,Deploy application,Frontend,Medium,David,In Progress,18,6,2026-05-03,2026-05-29
TASK_07929,Add search functionality,Bug,Medium,Alice,Completed,19,9,2026-02-07,2026-02-14
TASK_07930,Improve application performance,Database,Critical,Bob,On Hold,17,6,2026-04-05,2026-04-19
TASK_07931,Write unit tests,Database,Low,David,On Hold,2,0,2026-04-13,2026-04-18
TASK_07932,Build admin panel,UI/UX,Low,Henry,Pending,13,11,2026-04-15,2026-05-10
TASK_07933,Configure CI/CD pipeline,DevOps,Low,Alice,In Progress,3,2,2026-02-08,2026-02-12
TASK_07934,Implement chatbot,Frontend,Low,Bob,Completed,16,3,2026-04-27,2026-05-23
TASK_07935,Implement payment gateway,Feature,Low,Frank,Completed,8,6,2026-03-13,2026-03-20
TASK_07936,Optimize SQL queries,Testing,Low,Grace,On Hold,14,9,2026-03-11,2026-03-31
TASK_07937,Fix responsive layout,Feature,Low,Grace,On Hold,9,7,2026-07-13,2026-07-31
TASK_07938,Develop analytics dashboard,Bug,Low,Bob,In Progress,11,11,2026-06-22,2026-06-24
TASK_07939,Configure CI/CD pipeline,Database,Low,Charlie,Pending,5,3,2026-07-18,2026-08-16
TASK_07940,Integrate email notifications,Feature,High,Frank,In Progress,1,0,2026-02-04,2026-02-13
TASK_07941,Write unit tests,Frontend,High,David,Pending,14,0,2026-03-11,2026-04-10
TASK_07942,Optimize SQL queries,Bug,High,Charlie,On Hold,15,4,2026-05-15,2026-06-12
TASK_07943,Integrate email notifications,Security,Critical,Grace,On Hold,15,4,2026-06-14,2026-06-28
TASK_07944,Build admin panel,DevOps,High,Grace,Completed,19,15,2026-04-19,2026-04-29
TASK_07945,Implement payment gateway,UI/UX,Medium,Alice,In Progress,3,0,2026-07-10,2026-07-15
TASK_07946,Optimize SQL queries,Bug,Critical,David,Completed,10,6,2026-03-26,2026-03-28
TASK_07947,Configure CI/CD pipeline,Backend,High,Henry,On Hold,6,4,2026-07-10,2026-07-12
TASK_07948,Create REST API,Database,Medium,Emma,Pending,7,6,2026-06-21,2026-07-07
TASK_07949,Implement chatbot,DevOps,High,Charlie,Pending,4,2,2026-07-24,2026-08-03
TASK_07950,Implement dark mode,DevOps,High,David,Completed,4,1,2026-02-10,2026-02-26
TASK_07951,Create REST API,Security,Low,Grace,Completed,9,0,2026-06-08,2026-06-29
TASK_07952,Design dashboard UI,Backend,Critical,Henry,Pending,20,5,2026-02-22,2026-03-10
TASK_07953,Fix login authentication bug,DevOps,Low,Emma,In Progress,5,1,2026-01-31,2026-02-27
TASK_07954,Create reports module,Backend,Low,Henry,Completed,4,3,2026-07-22,2026-08-05
TASK_07955,Deploy application,Testing,Medium,Grace,Pending,14,14,2026-03-21,2026-04-14
TASK_07956,Improve application performance,Documentation,Medium,Emma,Pending,9,0,2026-05-05,2026-05-22
TASK_07957,Configure CI/CD pipeline,Frontend,Medium,Henry,Completed,17,17,2026-04-05,2026-04-27
TASK_07958,Deploy application,Backend,High,Alice,Pending,16,13,2026-07-11,2026-08-03
TASK_07959,Optimize SQL queries,Testing,High,Bob,Completed,12,1,2026-05-16,2026-06-12
TASK_07960,Implement dark mode,Documentation,Critical,Alice,In Progress,13,11,2026-03-14,2026-03-28
TASK_07961,Implement payment gateway,DevOps,Medium,David,In Progress,10,3,2026-03-30,2026-04-16
TASK_07962,Refactor backend code,Backend,Critical,Alice,Pending,2,1,2026-06-28,2026-07-09
TASK_07963,Optimize SQL queries,DevOps,Low,Bob,On Hold,14,14,2026-02-03,2026-02-16
TASK_07964,Improve application performance,Backend,High,Emma,On Hold,10,2,2026-05-02,2026-05-18
TASK_07965,Integrate email notifications,Backend,High,Henry,Completed,19,14,2026-07-09,2026-07-23
TASK_07966,Add search functionality,UI/UX,High,Emma,Pending,13,7,2026-05-02,2026-05-30
TASK_07967,Write unit tests,Testing,High,David,On Hold,2,0,2026-06-24,2026-07-22
TASK_07968,Improve application performance,Documentation,High,Bob,Completed,10,9,2026-03-08,2026-04-06
TASK_07969,Design dashboard UI,UI/UX,Critical,Henry,Completed,3,1,2026-07-06,2026-07-15
TASK_07970,Refactor backend code,Database,Medium,David,Pending,1,0,2026-06-25,2026-07-24
TASK_07971,Refactor backend code,UI/UX,Low,Bob,On Hold,12,10,2026-05-23,2026-06-17
TASK_07972,Implement chatbot,Backend,High,Emma,In Progress,11,7,2026-02-21,2026-02-26
TASK_07973,Implement payment gateway,Database,High,Alice,Pending,16,15,2026-04-17,2026-05-15
TASK_07974,Refactor backend code,Frontend,Medium,Charlie,On Hold,9,7,2026-05-15,2026-06-06
TASK_07975,Develop user profile page,Backend,Critical,Frank,Pending,14,13,2026-05-08,2026-05-21
TASK_07976,Implement dark mode,Testing,Low,Grace,Pending,18,0,2026-05-29,2026-06-10
TASK_07977,Configure CI/CD pipeline,Database,Low,Henry,Pending,8,5,2026-04-04,2026-04-28
TASK_07978,Fix login authentication bug,Bug,High,Henry,On Hold,11,0,2026-03-09,2026-04-04
TASK_07979,Refactor backend code,Security,Low,Frank,On Hold,2,1,2026-03-29,2026-04-05
TASK_07980,Update project documentation,Backend,Medium,Henry,On Hold,19,13,2026-04-11,2026-05-02
TASK_07981,Add search functionality,Backend,Low,Emma,Pending,12,12,2026-03-27,2026-04-10
TASK_07982,Design dashboard UI,DevOps,Critical,Bob,On Hold,12,11,2026-03-14,2026-03-25
TASK_07983,Integrate email notifications,DevOps,High,Alice,Completed,10,3,2026-02-19,2026-03-10
TASK_07984,Refactor backend code,UI/UX,Medium,Frank,Pending,6,0,2026-07-03,2026-07-30
TASK_07985,Fix login authentication bug,Testing,Medium,Henry,Pending,14,1,2026-01-28,2026-01-31
TASK_07986,Develop analytics dashboard,Backend,Low,David,Completed,10,9,2026-04-03,2026-04-25
TASK_07987,Optimize SQL queries,DevOps,Critical,David,On Hold,5,4,2026-04-28,2026-05-08
TASK_07988,Add search functionality,Security,Low,Bob,Pending,14,13,2026-04-10,2026-05-07
TASK_07989,Build admin panel,Backend,High,Bob,In Progress,5,5,2026-05-01,2026-05-14
TASK_07990,Design dashboard UI,Database,Medium,David,In Progress,9,8,2026-02-17,2026-03-15
TASK_07991,Implement payment gateway,Database,Low,David,Completed,1,0,2026-05-08,2026-06-02
TASK_07992,Refactor backend code,Testing,Low,Alice,On Hold,7,4,2026-04-02,2026-04-17
TASK_07993,Implement chatbot,Testing,Medium,Emma,In Progress,5,2,2026-03-31,2026-04-25
TASK_07994,Add search functionality,Frontend,High,David,Completed,10,0,2026-02-13,2026-03-12
TASK_07995,Implement chatbot,Documentation,High,Frank,On Hold,16,0,2026-03-15,2026-04-08
TASK_07996,Implement payment gateway,Bug,Low,Grace,In Progress,10,1,2026-05-30,2026-06-12
TASK_07997,Refactor backend code,Security,Critical,Charlie,On Hold,5,5,2026-04-12,2026-04-23
TASK_07998,Implement payment gateway,Backend,Medium,Alice,On Hold,2,2,2026-07-02,2026-07-30
TASK_07999,Design dashboard UI,UI/UX,Critical,Charlie,In Progress,10,6,2026-02-14,2026-02-18
TASK_08000,Implement chatbot,DevOps,High,Grace,Completed,4,4,2026-06-11,2026-06-21
TASK_08001,Develop analytics dashboard,Backend,Critical,Charlie,Completed,19,0,2026-02-16,2026-03-07
TASK_08002,Develop analytics dashboard,Frontend,Low,David,In Progress,13,5,2026-04-21,2026-05-03
TASK_08003,Create reports module,Security,High,Bob,In Progress,11,8,2026-06-03,2026-06-18
TASK_08004,Configure CI/CD pipeline,Testing,Medium,Bob,In Progress,5,4,2026-03-07,2026-03-13
TASK_08005,Write unit tests,Feature,High,Charlie,On Hold,18,11,2026-05-25,2026-06-08
TASK_08006,Refactor backend code,Frontend,Low,Emma,Pending,15,10,2026-06-26,2026-07-15
TASK_08007,Configure CI/CD pipeline,Documentation,Critical,Bob,In Progress,18,12,2026-01-31,2026-02-02
TASK_08008,Design dashboard UI,Database,Medium,Bob,In Progress,9,6,2026-07-01,2026-07-09
TASK_08009,Fix login authentication bug,UI/UX,Medium,Bob,Completed,7,2,2026-07-02,2026-07-27
TASK_08010,Write unit tests,Bug,Low,Frank,On Hold,20,12,2026-05-22,2026-06-15
TASK_08011,Implement chatbot,Bug,Low,Grace,On Hold,18,11,2026-06-01,2026-06-19
TASK_08012,Fix login authentication bug,DevOps,Low,David,On Hold,13,4,2026-05-14,2026-06-05
TASK_08013,Develop user profile page,Frontend,Low,Charlie,On Hold,16,5,2026-06-21,2026-06-23
TASK_08014,Build admin panel,Feature,Medium,Emma,On Hold,14,4,2026-02-03,2026-02-08
TASK_08015,Configure CI/CD pipeline,Security,Medium,Charlie,Pending,8,7,2026-04-05,2026-04-25
TASK_08016,Build admin panel,Backend,Low,Grace,Pending,10,6,2026-05-31,2026-06-03
TASK_08017,Configure CI/CD pipeline,Feature,Medium,Emma,Pending,12,0,2026-02-25,2026-03-08
TASK_08018,Fix responsive layout,Security,Low,Emma,Completed,14,8,2026-07-12,2026-07-15
TASK_08019,Implement chatbot,Security,High,Charlie,Pending,15,11,2026-03-12,2026-04-05
TASK_08020,Develop analytics dashboard,Documentation,Medium,Emma,Pending,11,2,2026-05-08,2026-06-05
TASK_08021,Implement chatbot,Database,High,Alice,Pending,5,2,2026-06-11,2026-07-07
TASK_08022,Develop analytics dashboard,UI/UX,Medium,David,On Hold,19,10,2026-05-27,2026-06-13
TASK_08023,Improve application performance,DevOps,Medium,Bob,Completed,13,2,2026-06-17,2026-07-03
TASK_08024,Write unit tests,Documentation,Medium,Charlie,In Progress,8,1,2026-07-01,2026-07-06
TASK_08025,Implement chatbot,Frontend,High,Alice,Completed,10,2,2026-06-05,2026-06-07
TASK_08026,Develop analytics dashboard,Security,High,Charlie,Pending,11,4,2026-07-24,2026-08-19
TASK_08027,Implement payment gateway,Bug,High,Henry,Pending,3,0,2026-06-12,2026-07-04
TASK_08028,Update project documentation,Database,Low,Frank,Completed,5,3,2026-02-21,2026-03-10
TASK_08029,Create reports module,Database,Medium,Frank,On Hold,2,2,2026-06-15,2026-07-11
TASK_08030,Implement chatbot,Backend,Critical,David,Pending,14,12,2026-05-01,2026-05-25
TASK_08031,Integrate email notifications,Frontend,Low,Alice,Completed,20,20,2026-07-21,2026-07-30
TASK_08032,Build admin panel,Backend,High,Bob,On Hold,17,15,2026-07-24,2026-08-11
TASK_08033,Implement payment gateway,Bug,Low,Henry,Pending,3,2,2026-03-29,2026-04-07
TASK_08034,Refactor backend code,Security,Medium,Bob,Completed,4,3,2026-03-12,2026-03-25
TASK_08035,Deploy application,Database,Medium,David,Pending,11,1,2026-02-25,2026-03-13
TASK_08036,Integrate email notifications,Frontend,High,Charlie,Completed,12,12,2026-03-08,2026-04-05
TASK_08037,Create REST API,DevOps,High,Bob,On Hold,20,18,2026-07-14,2026-07-25
TASK_08038,Implement dark mode,Documentation,Critical,Alice,On Hold,19,14,2026-06-14,2026-07-04
TASK_08039,Deploy application,Bug,Low,Charlie,Pending,16,0,2026-03-19,2026-04-12
TASK_08040,Implement dark mode,DevOps,Low,Grace,Pending,7,1,2026-04-18,2026-05-15
TASK_08041,Implement dark mode,Documentation,High,David,Completed,2,1,2026-02-24,2026-03-03
TASK_08042,Design dashboard UI,Feature,Low,Alice,Completed,1,1,2026-04-05,2026-04-24
TASK_08043,Integrate email notifications,DevOps,High,Frank,In Progress,14,3,2026-05-02,2026-05-04
TASK_08044,Implement payment gateway,Testing,Low,Emma,In Progress,15,15,2026-02-04,2026-02-08
TASK_08045,Fix login authentication bug,Security,Critical,Frank,On Hold,1,1,2026-06-24,2026-07-03
TASK_08046,Update project documentation,Feature,Low,David,In Progress,20,15,2026-02-05,2026-02-28
TASK_08047,Fix login authentication bug,UI/UX,High,David,In Progress,13,8,2026-05-13,2026-05-23
TASK_08048,Improve application performance,Frontend,Medium,Alice,Pending,1,1,2026-07-22,2026-08-15
TASK_08049,Design dashboard UI,Frontend,High,David,On Hold,16,4,2026-03-22,2026-03-28
TASK_08050,Write unit tests,Frontend,Low,Bob,On Hold,5,0,2026-07-12,2026-08-04
TASK_08051,Refactor backend code,Feature,Medium,Grace,Completed,8,3,2026-05-30,2026-06-24
TASK_08052,Develop analytics dashboard,Bug,Medium,Henry,On Hold,16,2,2026-03-16,2026-03-23
TASK_08053,Design dashboard UI,UI/UX,Medium,Grace,On Hold,19,9,2026-06-27,2026-07-01
TASK_08054,Fix responsive layout,Security,Low,Henry,In Progress,4,3,2026-04-03,2026-04-06
TASK_08055,Write unit tests,DevOps,Low,Emma,In Progress,8,6,2026-03-27,2026-04-07
TASK_08056,Integrate email notifications,DevOps,Critical,Grace,Pending,5,0,2026-03-28,2026-04-22
TASK_08057,Implement dark mode,Security,Low,Henry,On Hold,13,12,2026-03-09,2026-03-15
TASK_08058,Develop analytics dashboard,DevOps,High,Grace,Completed,13,13,2026-07-17,2026-08-10
TASK_08059,Update project documentation,Frontend,Critical,Alice,Pending,5,2,2026-02-06,2026-02-13
TASK_08060,Implement payment gateway,Frontend,High,David,Pending,1,0,2026-05-04,2026-05-11
TASK_08061,Configure CI/CD pipeline,Feature,Low,Frank,In Progress,5,2,2026-03-04,2026-03-19
TASK_08062,Design dashboard UI,Frontend,Critical,David,Completed,7,5,2026-03-01,2026-03-04
TASK_08063,Write unit tests,UI/UX,Critical,Charlie,In Progress,11,8,2026-05-11,2026-06-01
TASK_08064,Create REST API,DevOps,Medium,David,In Progress,20,12,2026-06-08,2026-07-05
TASK_08065,Build admin panel,Frontend,Low,Emma,In Progress,3,3,2026-07-10,2026-08-07
TASK_08066,Create REST API,Security,Low,Emma,On Hold,10,7,2026-02-22,2026-02-25
TASK_08067,Implement payment gateway,Backend,High,Bob,Pending,6,4,2026-07-09,2026-07-31
TASK_08068,Create REST API,Bug,High,David,Pending,7,0,2026-03-06,2026-03-14
TASK_08069,Update project documentation,Bug,Medium,Bob,On Hold,18,11,2026-05-19,2026-05-26
TASK_08070,Implement dark mode,Frontend,Medium,Emma,Completed,12,6,2026-04-12,2026-04-27
TASK_08071,Develop user profile page,Security,Low,Frank,Pending,1,0,2026-02-22,2026-03-19
TASK_08072,Develop user profile page,Testing,Critical,Henry,In Progress,4,3,2026-03-25,2026-04-09
TASK_08073,Design dashboard UI,Bug,High,Charlie,Completed,1,0,2026-07-03,2026-08-01
TASK_08074,Implement payment gateway,Backend,Critical,Alice,In Progress,6,6,2026-02-22,2026-03-05
TASK_08075,Develop analytics dashboard,Security,Medium,Charlie,On Hold,10,10,2026-03-19,2026-03-28
TASK_08076,Add search functionality,UI/UX,High,Henry,Completed,1,1,2026-02-04,2026-02-13
TASK_08077,Deploy application,Security,Medium,Charlie,Completed,12,1,2026-07-24,2026-08-10
TASK_08078,Create reports module,Security,High,David,In Progress,19,10,2026-05-26,2026-06-10
TASK_08079,Write unit tests,Bug,Critical,Frank,Completed,1,0,2026-05-04,2026-05-22
TASK_08080,Deploy application,DevOps,High,Bob,Completed,13,12,2026-02-16,2026-03-04
TASK_08081,Fix responsive layout,UI/UX,High,Bob,Completed,4,0,2026-03-14,2026-04-04
TASK_08082,Write unit tests,Documentation,Critical,Alice,In Progress,10,5,2026-04-10,2026-04-24
TASK_08083,Deploy application,Security,High,Frank,In Progress,6,2,2026-05-17,2026-05-29
TASK_08084,Deploy application,UI/UX,Critical,Bob,Pending,20,16,2026-03-05,2026-03-19
TASK_08085,Implement dark mode,Security,Medium,Grace,In Progress,13,10,2026-03-03,2026-03-31
TASK_08086,Create REST API,Documentation,Critical,David,Completed,17,11,2026-07-01,2026-07-30
TASK_08087,Integrate email notifications,UI/UX,Medium,Emma,Pending,9,7,2026-03-12,2026-04-05
TASK_08088,Develop user profile page,DevOps,Low,Charlie,On Hold,16,10,2026-04-27,2026-05-10
TASK_08089,Integrate email notifications,Backend,Critical,Henry,Pending,4,0,2026-03-10,2026-03-14
TASK_08090,Implement dark mode,DevOps,Low,Emma,Pending,8,3,2026-03-24,2026-04-03
TASK_08091,Refactor backend code,Frontend,Critical,Charlie,Completed,14,10,2026-05-21,2026-06-15
TASK_08092,Optimize SQL queries,Testing,Medium,David,On Hold,13,13,2026-05-31,2026-06-16
TASK_08093,Optimize SQL queries,Feature,High,Bob,In Progress,17,1,2026-03-25,2026-04-11
TASK_08094,Integrate email notifications,Bug,Medium,Grace,In Progress,5,2,2026-03-19,2026-04-02
TASK_08095,Implement chatbot,Security,High,David,Completed,20,12,2026-07-26,2026-08-02
TASK_08096,Fix login authentication bug,Feature,Low,David,In Progress,6,5,2026-06-03,2026-06-06
TASK_08097,Develop analytics dashboard,Backend,Critical,Grace,On Hold,9,2,2026-03-07,2026-04-05
TASK_08098,Build admin panel,Feature,High,David,In Progress,6,3,2026-02-08,2026-03-04
TASK_08099,Update project documentation,Database,Medium,Grace,Completed,7,7,2026-01-28,2026-02-18
TASK_08100,Design dashboard UI,Bug,High,Grace,In Progress,1,0,2026-03-15,2026-04-10
TASK_08101,Integrate email notifications,Feature,High,Grace,In Progress,18,10,2026-06-12,2026-06-27
TASK_08102,Develop analytics dashboard,DevOps,Critical,Bob,Completed,19,5,2026-06-10,2026-07-08
TASK_08103,Update project documentation,UI/UX,High,Alice,In Progress,4,4,2026-02-11,2026-03-04
TASK_08104,Develop user profile page,Feature,Critical,Bob,In Progress,19,17,2026-01-30,2026-02-07
TASK_08105,Improve application performance,Database,High,Bob,Completed,1,0,2026-04-30,2026-05-23
TASK_08106,Deploy application,Feature,Critical,Frank,In Progress,9,3,2026-05-07,2026-05-16
TASK_08107,Integrate email notifications,Database,Medium,Frank,Completed,13,13,2026-01-28,2026-02-17
TASK_08108,Implement payment gateway,Database,Critical,Alice,Pending,10,10,2026-05-23,2026-05-29
TASK_08109,Fix responsive layout,Frontend,Critical,Alice,Pending,5,0,2026-02-05,2026-02-18
TASK_08110,Design dashboard UI,Backend,Low,David,Completed,20,2,2026-02-09,2026-02-28
TASK_08111,Fix login authentication bug,DevOps,Critical,Grace,In Progress,6,4,2026-04-04,2026-04-28
TASK_08112,Implement chatbot,UI/UX,Critical,David,In Progress,8,4,2026-04-06,2026-05-05
TASK_08113,Design dashboard UI,Testing,Critical,Bob,Pending,7,1,2026-02-09,2026-02-25
TASK_08114,Create reports module,Testing,High,Alice,In Progress,4,2,2026-04-25,2026-05-13
TASK_08115,Refactor backend code,Testing,High,Bob,On Hold,13,13,2026-03-14,2026-04-08
TASK_08116,Update project documentation,Frontend,High,Henry,In Progress,2,0,2026-04-02,2026-04-06
TASK_08117,Write unit tests,Documentation,Low,Charlie,Pending,19,2,2026-07-18,2026-07-25
TASK_08118,Create reports module,Database,Medium,Alice,Completed,12,10,2026-06-22,2026-07-07
TASK_08119,Implement chatbot,Backend,Low,Charlie,Completed,12,5,2026-05-07,2026-05-16
TASK_08120,Update project documentation,Testing,Critical,Charlie,In Progress,8,2,2026-05-15,2026-06-08
TASK_08121,Refactor backend code,Testing,Critical,Alice,Pending,7,2,2026-06-06,2026-07-05
TASK_08122,Integrate email notifications,UI/UX,Medium,Grace,Pending,8,1,2026-03-05,2026-03-25
TASK_08123,Build admin panel,Bug,Low,Alice,In Progress,19,4,2026-04-03,2026-04-24
TASK_08124,Implement chatbot,Documentation,Medium,Emma,Pending,8,3,2026-04-18,2026-05-06
TASK_08125,Deploy application,Frontend,Critical,Emma,On Hold,4,2,2026-06-15,2026-07-14
TASK_08126,Create reports module,Security,Low,Charlie,On Hold,1,1,2026-06-17,2026-07-14
TASK_08127,Implement chatbot,Bug,Medium,Henry,Pending,3,1,2026-04-24,2026-05-09
TASK_08128,Integrate email notifications,Frontend,Low,Charlie,On Hold,1,1,2026-02-24,2026-03-17
TASK_08129,Update project documentation,Feature,Critical,Bob,On Hold,6,4,2026-04-07,2026-04-26
TASK_08130,Refactor backend code,Security,Low,Henry,Pending,8,3,2026-03-28,2026-04-19
TASK_08131,Fix login authentication bug,DevOps,Low,Grace,In Progress,1,1,2026-07-16,2026-08-11
TASK_08132,Fix responsive layout,Bug,Low,Emma,On Hold,16,16,2026-02-20,2026-03-10
TASK_08133,Update project documentation,Documentation,Low,Bob,Pending,16,1,2026-07-05,2026-07-23
TASK_08134,Write unit tests,UI/UX,Critical,Emma,On Hold,9,0,2026-03-25,2026-04-09
TASK_08135,Write unit tests,Bug,Critical,Charlie,Completed,7,1,2026-07-11,2026-08-06
TASK_08136,Refactor backend code,Feature,Medium,Charlie,Completed,10,10,2026-02-16,2026-03-02
TASK_08137,Fix responsive layout,DevOps,High,Grace,On Hold,17,3,2026-01-29,2026-02-24
TASK_08138,Configure CI/CD pipeline,Documentation,Medium,Emma,Pending,1,1,2026-02-04,2026-02-06
TASK_08139,Design dashboard UI,Feature,Medium,Alice,Pending,15,12,2026-05-28,2026-06-01
TASK_08140,Build admin panel,UI/UX,Critical,Charlie,Pending,18,16,2026-02-07,2026-02-14
TASK_08141,Write unit tests,Backend,High,Alice,Pending,2,2,2026-06-07,2026-06-10
TASK_08142,Build admin panel,Frontend,Low,Charlie,Pending,20,15,2026-03-04,2026-03-16
TASK_08143,Deploy application,Frontend,Medium,David,Pending,10,8,2026-07-08,2026-07-19
TASK_08144,Create reports module,Database,Low,Grace,Completed,14,2,2026-02-09,2026-02-21
TASK_08145,Refactor backend code,DevOps,Medium,Grace,On Hold,16,2,2026-07-14,2026-08-13
TASK_08146,Develop user profile page,Testing,Critical,Alice,Completed,9,0,2026-05-27,2026-05-29
TASK_08147,Optimize SQL queries,Testing,Low,Grace,On Hold,8,7,2026-07-07,2026-07-27
TASK_08148,Refactor backend code,DevOps,High,Emma,Pending,16,12,2026-06-24,2026-07-21
TASK_08149,Implement dark mode,UI/UX,Medium,David,Completed,5,3,2026-05-12,2026-06-06
TASK_08150,Create reports module,Backend,Critical,Charlie,In Progress,1,0,2026-02-08,2026-02-17
TASK_08151,Integrate email notifications,Bug,Critical,Bob,In Progress,17,0,2026-02-04,2026-02-21
TASK_08152,Improve application performance,Testing,Critical,Charlie,Completed,17,13,2026-05-17,2026-06-07
TASK_08153,Deploy application,Feature,Critical,Bob,On Hold,7,0,2026-03-21,2026-03-29
TASK_08154,Develop user profile page,Bug,Low,David,Completed,16,12,2026-04-22,2026-05-18
TASK_08155,Optimize SQL queries,Testing,Low,Charlie,On Hold,4,1,2026-05-15,2026-05-25
TASK_08156,Implement dark mode,DevOps,Low,Frank,In Progress,12,1,2026-04-08,2026-04-28
TASK_08157,Build admin panel,Bug,High,Bob,In Progress,4,3,2026-06-17,2026-07-01
TASK_08158,Develop user profile page,Testing,Low,Grace,Pending,18,17,2026-02-24,2026-03-15
TASK_08159,Improve application performance,DevOps,Critical,Henry,In Progress,5,4,2026-05-26,2026-06-15
TASK_08160,Deploy application,Feature,Low,Bob,Completed,13,0,2026-04-09,2026-05-07
TASK_08161,Refactor backend code,UI/UX,Medium,Frank,Completed,16,5,2026-06-07,2026-06-27
TASK_08162,Update project documentation,Testing,Low,Alice,On Hold,6,4,2026-05-02,2026-05-31
TASK_08163,Create reports module,UI/UX,High,Bob,Pending,4,1,2026-05-02,2026-05-09
TASK_08164,Update project documentation,UI/UX,High,Emma,Completed,19,5,2026-02-26,2026-03-17
TASK_08165,Build admin panel,Backend,Medium,Bob,On Hold,11,3,2026-05-26,2026-06-04
TASK_08166,Create reports module,Security,High,Grace,In Progress,3,2,2026-07-20,2026-08-06
TASK_08167,Update project documentation,Bug,Critical,Bob,Completed,11,7,2026-02-24,2026-03-15
TASK_08168,Add search functionality,UI/UX,High,Charlie,On Hold,5,5,2026-06-13,2026-06-30
TASK_08169,Improve application performance,Frontend,Medium,Frank,On Hold,15,13,2026-04-26,2026-05-04
TASK_08170,Implement payment gateway,UI/UX,Critical,Bob,Completed,4,1,2026-06-16,2026-07-09
TASK_08171,Create reports module,Documentation,Medium,Charlie,On Hold,7,0,2026-05-10,2026-05-26
TASK_08172,Develop analytics dashboard,Feature,High,Henry,Completed,1,1,2026-06-01,2026-06-13
TASK_08173,Improve application performance,Database,High,Henry,On Hold,8,4,2026-07-06,2026-07-19
TASK_08174,Optimize SQL queries,Bug,Medium,Bob,Completed,5,3,2026-02-21,2026-02-25
TASK_08175,Update project documentation,Database,Medium,Bob,In Progress,12,0,2026-07-11,2026-08-10
TASK_08176,Fix login authentication bug,Security,Critical,David,In Progress,2,0,2026-07-20,2026-08-04
TASK_08177,Implement chatbot,Database,High,David,In Progress,12,4,2026-04-24,2026-05-19
TASK_08178,Refactor backend code,DevOps,Critical,Henry,In Progress,15,10,2026-04-04,2026-05-03
TASK_08179,Configure CI/CD pipeline,DevOps,High,Frank,In Progress,14,0,2026-05-10,2026-05-17
TASK_08180,Design dashboard UI,Security,High,Bob,In Progress,8,6,2026-03-13,2026-03-21
TASK_08181,Fix responsive layout,Documentation,High,Bob,Pending,6,6,2026-05-31,2026-06-12
TASK_08182,Design dashboard UI,Testing,Low,Alice,In Progress,7,1,2026-02-08,2026-02-27
TASK_08183,Integrate email notifications,Backend,High,Henry,Completed,12,2,2026-02-18,2026-03-18
TASK_08184,Update project documentation,Feature,Critical,Henry,In Progress,1,1,2026-03-30,2026-04-15
TASK_08185,Configure CI/CD pipeline,Feature,Critical,Alice,On Hold,1,0,2026-05-31,2026-06-05
TASK_08186,Develop user profile page,UI/UX,High,Emma,Completed,15,3,2026-06-06,2026-06-26
TASK_08187,Fix login authentication bug,DevOps,Medium,Alice,Completed,7,4,2026-05-17,2026-05-25
TASK_08188,Design dashboard UI,Backend,Low,Grace,On Hold,6,2,2026-07-17,2026-07-28
TASK_08189,Implement chatbot,DevOps,Medium,Alice,On Hold,15,15,2026-06-23,2026-06-29
TASK_08190,Develop analytics dashboard,Bug,Medium,Charlie,In Progress,17,3,2026-01-29,2026-02-22
TASK_08191,Write unit tests,Documentation,High,Grace,In Progress,8,3,2026-07-01,2026-07-20
TASK_08192,Design dashboard UI,Testing,Medium,Charlie,Pending,4,2,2026-02-12,2026-03-14
TASK_08193,Design dashboard UI,Backend,Low,Charlie,Pending,10,2,2026-03-15,2026-04-03
TASK_08194,Write unit tests,Testing,High,Grace,In Progress,13,6,2026-06-21,2026-07-17
TASK_08195,Develop analytics dashboard,Bug,High,Emma,On Hold,16,4,2026-05-12,2026-06-02
TASK_08196,Fix login authentication bug,Database,Low,Frank,Completed,8,3,2026-02-22,2026-03-15
TASK_08197,Implement payment gateway,Documentation,Critical,Grace,On Hold,6,5,2026-04-01,2026-04-06
TASK_08198,Implement payment gateway,DevOps,Critical,Henry,Completed,1,1,2026-05-02,2026-05-08
TASK_08199,Configure CI/CD pipeline,Frontend,Medium,Frank,On Hold,9,2,2026-02-17,2026-03-04
TASK_08200,Integrate email notifications,Frontend,Medium,Charlie,On Hold,19,1,2026-01-28,2026-01-31
TASK_08201,Write unit tests,UI/UX,High,Grace,On Hold,3,3,2026-06-20,2026-07-06
TASK_08202,Optimize SQL queries,UI/UX,Low,Emma,Completed,20,10,2026-02-03,2026-02-27
TASK_08203,Update project documentation,Testing,Medium,Emma,In Progress,8,8,2026-02-05,2026-02-25
TASK_08204,Build admin panel,Documentation,High,Frank,Pending,3,1,2026-06-14,2026-07-06
TASK_08205,Implement payment gateway,Frontend,Medium,Charlie,In Progress,4,3,2026-05-06,2026-05-29
TASK_08206,Add search functionality,Bug,High,Charlie,On Hold,6,2,2026-06-14,2026-07-06
TASK_08207,Implement chatbot,Backend,Low,Bob,Pending,9,9,2026-05-27,2026-05-29
TASK_08208,Build admin panel,Testing,Low,Henry,Completed,12,5,2026-02-11,2026-02-22
TASK_08209,Configure CI/CD pipeline,DevOps,Medium,Charlie,In Progress,20,0,2026-07-08,2026-07-25
TASK_08210,Add search functionality,Security,Low,Bob,On Hold,4,4,2026-06-05,2026-06-25
TASK_08211,Configure CI/CD pipeline,Security,High,Henry,In Progress,7,3,2026-02-26,2026-03-23
TASK_08212,Create REST API,Database,Medium,David,Completed,20,13,2026-03-03,2026-03-11
TASK_08213,Create REST API,Security,Critical,Bob,On Hold,12,9,2026-05-07,2026-05-09
TASK_08214,Improve application performance,UI/UX,Low,David,In Progress,7,7,2026-06-23,2026-07-03
TASK_08215,Create REST API,Bug,High,Emma,In Progress,4,2,2026-02-14,2026-03-13
TASK_08216,Improve application performance,Bug,Medium,Charlie,In Progress,10,8,2026-07-22,2026-07-28
TASK_08217,Integrate email notifications,Feature,Low,Henry,Pending,5,5,2026-05-21,2026-06-16
TASK_08218,Update project documentation,Bug,High,Henry,Completed,16,11,2026-02-13,2026-03-07
TASK_08219,Refactor backend code,Database,Critical,Alice,Completed,15,12,2026-05-28,2026-06-25
TASK_08220,Improve application performance,Feature,High,Bob,Pending,4,2,2026-07-16,2026-08-10
TASK_08221,Fix responsive layout,Bug,High,David,In Progress,7,4,2026-06-22,2026-06-29
TASK_08222,Create REST API,Database,High,Alice,On Hold,20,16,2026-02-28,2026-03-28
TASK_08223,Create REST API,Testing,High,Alice,Pending,4,3,2026-07-26,2026-07-30
TASK_08224,Add search functionality,Testing,Critical,Emma,Completed,12,8,2026-06-13,2026-06-27
TASK_08225,Fix responsive layout,Documentation,Low,Frank,Pending,10,6,2026-07-26,2026-07-30
TASK_08226,Create reports module,UI/UX,Critical,Frank,Pending,6,5,2026-04-26,2026-05-15
TASK_08227,Design dashboard UI,Database,Medium,Alice,On Hold,6,3,2026-03-30,2026-04-26
TASK_08228,Fix responsive layout,Backend,Low,Frank,Completed,13,5,2026-05-09,2026-05-23
TASK_08229,Create reports module,Backend,Medium,Bob,Completed,3,1,2026-03-06,2026-03-10
TASK_08230,Add search functionality,UI/UX,High,David,Completed,10,8,2026-04-03,2026-04-14
TASK_08231,Build admin panel,Frontend,High,Charlie,Completed,7,4,2026-05-27,2026-06-07
TASK_08232,Improve application performance,Frontend,Low,Charlie,Pending,4,3,2026-03-15,2026-03-29
TASK_08233,Implement chatbot,Documentation,Medium,David,On Hold,3,0,2026-04-27,2026-05-07
TASK_08234,Develop user profile page,DevOps,Low,Emma,On Hold,19,1,2026-04-09,2026-05-01
TASK_08235,Fix responsive layout,Bug,Low,Charlie,Completed,8,4,2026-02-02,2026-02-17
TASK_08236,Configure CI/CD pipeline,Backend,High,Bob,Pending,16,12,2026-03-14,2026-03-21
TASK_08237,Add search functionality,DevOps,High,Alice,Pending,19,15,2026-03-12,2026-03-15
TASK_08238,Integrate email notifications,Bug,High,Charlie,Pending,16,9,2026-06-16,2026-06-30
TASK_08239,Develop user profile page,Testing,Medium,Bob,Completed,6,4,2026-02-06,2026-02-09
TASK_08240,Implement chatbot,Testing,High,Grace,Pending,9,7,2026-04-01,2026-04-18
TASK_08241,Refactor backend code,Testing,Medium,Henry,In Progress,8,5,2026-05-24,2026-06-03
TASK_08242,Write unit tests,Database,High,Henry,On Hold,17,3,2026-07-25,2026-08-06
TASK_08243,Develop user profile page,DevOps,Critical,Grace,In Progress,15,9,2026-06-11,2026-06-23
TASK_08244,Configure CI/CD pipeline,UI/UX,Low,Emma,In Progress,17,5,2026-06-11,2026-06-23
TASK_08245,Integrate email notifications,Database,Medium,Frank,Pending,9,0,2026-03-06,2026-03-31
TASK_08246,Deploy application,Backend,Medium,Alice,Completed,7,7,2026-05-25,2026-06-11
TASK_08247,Write unit tests,Security,Critical,David,On Hold,14,14,2026-06-30,2026-07-27
TASK_08248,Fix login authentication bug,Database,Medium,Bob,On Hold,10,8,2026-03-09,2026-03-22
TASK_08249,Add search functionality,Frontend,High,Henry,In Progress,14,2,2026-02-16,2026-02-26
TASK_08250,Create reports module,Feature,Critical,Charlie,On Hold,12,5,2026-07-05,2026-07-18
TASK_08251,Build admin panel,Documentation,Low,David,In Progress,3,2,2026-04-21,2026-05-18
TASK_08252,Create REST API,DevOps,Critical,Charlie,In Progress,16,2,2026-02-03,2026-02-20
TASK_08253,Create reports module,DevOps,High,Henry,In Progress,4,1,2026-07-14,2026-08-07
TASK_08254,Refactor backend code,UI/UX,Low,Alice,In Progress,9,8,2026-04-11,2026-04-19
TASK_08255,Integrate email notifications,Frontend,High,Grace,Completed,15,6,2026-06-26,2026-07-18
TASK_08256,Update project documentation,Backend,Critical,Grace,Completed,4,4,2026-03-17,2026-03-19
TASK_08257,Implement chatbot,Feature,Low,Grace,In Progress,5,2,2026-02-12,2026-02-21
TASK_08258,Deploy application,Database,High,Charlie,Completed,12,0,2026-07-22,2026-07-26
TASK_08259,Fix login authentication bug,Database,Low,Henry,Pending,3,2,2026-03-09,2026-04-01
TASK_08260,Add search functionality,Security,Critical,Bob,In Progress,11,10,2026-02-10,2026-02-20
TASK_08261,Refactor backend code,DevOps,Medium,David,On Hold,9,1,2026-04-10,2026-04-24
TASK_08262,Create REST API,Backend,Critical,Henry,On Hold,6,6,2026-02-24,2026-03-11
TASK_08263,Implement dark mode,Feature,Medium,Bob,In Progress,7,1,2026-07-11,2026-08-02
TASK_08264,Create REST API,Security,Medium,Henry,Completed,14,3,2026-06-23,2026-07-17
TASK_08265,Fix login authentication bug,UI/UX,Critical,Bob,Completed,11,2,2026-03-24,2026-04-04
TASK_08266,Implement payment gateway,Documentation,Low,David,On Hold,10,1,2026-06-10,2026-06-19
TASK_08267,Integrate email notifications,Frontend,Medium,David,On Hold,16,11,2026-07-24,2026-08-18
TASK_08268,Implement payment gateway,Feature,Critical,Grace,On Hold,3,1,2026-06-18,2026-07-03
TASK_08269,Refactor backend code,Frontend,Medium,Bob,In Progress,4,2,2026-07-14,2026-08-12
TASK_08270,Design dashboard UI,Backend,Critical,Bob,Pending,11,5,2026-05-25,2026-06-14
TASK_08271,Design dashboard UI,Documentation,Critical,Bob,Completed,18,17,2026-06-26,2026-07-18
TASK_08272,Improve application performance,Testing,High,Henry,In Progress,8,8,2026-02-09,2026-02-21
TASK_08273,Refactor backend code,Security,High,Grace,Pending,16,9,2026-03-09,2026-04-01
TASK_08274,Fix login authentication bug,UI/UX,Low,Emma,In Progress,14,2,2026-06-25,2026-07-19
TASK_08275,Fix login authentication bug,Frontend,Critical,Bob,In Progress,9,2,2026-05-23,2026-06-16
TASK_08276,Create reports module,UI/UX,Low,Alice,In Progress,2,0,2026-05-27,2026-06-04
TASK_08277,Design dashboard UI,Database,Low,Alice,Completed,1,0,2026-05-14,2026-06-11
TASK_08278,Improve application performance,Feature,High,Frank,On Hold,6,5,2026-02-22,2026-03-14
TASK_08279,Create reports module,Testing,Critical,Alice,Pending,19,18,2026-05-28,2026-06-16
TASK_08280,Create REST API,Frontend,Critical,Emma,In Progress,14,9,2026-04-02,2026-04-06
TASK_08281,Optimize SQL queries,Frontend,High,Emma,On Hold,14,13,2026-04-06,2026-04-14
TASK_08282,Fix login authentication bug,Database,High,Alice,On Hold,9,2,2026-07-18,2026-08-16
TASK_08283,Design dashboard UI,Bug,Critical,Henry,On Hold,15,0,2026-06-15,2026-06-25
TASK_08284,Build admin panel,Database,Critical,David,Completed,7,0,2026-04-02,2026-04-19
TASK_08285,Optimize SQL queries,Documentation,High,Alice,On Hold,5,5,2026-06-09,2026-06-23
TASK_08286,Fix responsive layout,Testing,Critical,Bob,On Hold,7,3,2026-04-28,2026-05-27
TASK_08287,Optimize SQL queries,Security,Medium,Frank,On Hold,1,0,2026-07-14,2026-08-03
TASK_08288,Create REST API,Frontend,Medium,Charlie,In Progress,5,3,2026-04-12,2026-04-16
TASK_08289,Add search functionality,DevOps,Critical,Grace,In Progress,6,1,2026-07-06,2026-07-23
TASK_08290,Refactor backend code,Security,Medium,David,Completed,4,2,2026-02-25,2026-03-14
TASK_08291,Fix responsive layout,Testing,Critical,Alice,On Hold,16,1,2026-04-14,2026-05-02
TASK_08292,Create reports module,Testing,Medium,Frank,Completed,20,19,2026-03-17,2026-03-22
TASK_08293,Create REST API,DevOps,Low,Bob,In Progress,11,2,2026-04-16,2026-04-23
TASK_08294,Configure CI/CD pipeline,Feature,Medium,Alice,In Progress,5,0,2026-05-02,2026-05-24
TASK_08295,Improve application performance,Frontend,Critical,Grace,Pending,10,2,2026-02-18,2026-03-17
TASK_08296,Create reports module,DevOps,Low,Alice,Completed,17,6,2026-02-13,2026-02-27
TASK_08297,Add search functionality,Bug,Critical,Alice,On Hold,14,5,2026-06-01,2026-06-17
TASK_08298,Create reports module,Bug,Low,Frank,In Progress,11,9,2026-07-10,2026-08-06
TASK_08299,Improve application performance,Backend,Low,Alice,In Progress,8,2,2026-05-13,2026-05-30
TASK_08300,Implement chatbot,UI/UX,Low,Frank,In Progress,6,4,2026-05-29,2026-06-07
TASK_08301,Deploy application,Database,Critical,Grace,In Progress,9,3,2026-03-20,2026-04-16
TASK_08302,Improve application performance,Security,High,Grace,Pending,6,5,2026-01-28,2026-02-01
TASK_08303,Optimize SQL queries,Testing,High,Emma,In Progress,17,5,2026-03-23,2026-04-13
TASK_08304,Design dashboard UI,Feature,Low,Charlie,Pending,11,11,2026-06-07,2026-06-30
TASK_08305,Implement dark mode,UI/UX,High,Alice,On Hold,2,0,2026-03-14,2026-03-28
TASK_08306,Implement payment gateway,DevOps,High,Grace,Pending,7,7,2026-05-03,2026-05-07
TASK_08307,Improve application performance,Database,Low,Emma,Pending,9,1,2026-03-08,2026-04-07
TASK_08308,Write unit tests,Security,High,Grace,Completed,7,0,2026-03-14,2026-03-31
TASK_08309,Build admin panel,UI/UX,High,Frank,Pending,9,4,2026-02-05,2026-02-28
TASK_08310,Integrate email notifications,Frontend,Low,David,In Progress,15,5,2026-02-01,2026-02-19
TASK_08311,Deploy application,Security,High,Emma,In Progress,2,1,2026-03-08,2026-03-26
TASK_08312,Design dashboard UI,Database,Low,Bob,Completed,3,3,2026-04-03,2026-04-14
TASK_08313,Fix login authentication bug,Documentation,Critical,Frank,Pending,15,2,2026-04-06,2026-04-10
TASK_08314,Create REST API,Bug,High,Henry,Completed,14,6,2026-05-22,2026-05-30
TASK_08315,Fix login authentication bug,Testing,Medium,David,Completed,6,2,2026-05-23,2026-06-11
TASK_08316,Implement dark mode,Security,High,Frank,On Hold,15,7,2026-04-27,2026-05-05
TASK_08317,Refactor backend code,DevOps,Medium,Grace,Completed,16,2,2026-02-04,2026-02-21
TASK_08318,Create reports module,Bug,Critical,Grace,Pending,8,5,2026-04-18,2026-04-27
TASK_08319,Improve application performance,Database,High,Charlie,Pending,18,13,2026-05-21,2026-06-04
TASK_08320,Add search functionality,Documentation,High,David,Completed,14,0,2026-03-21,2026-04-05
TASK_08321,Develop analytics dashboard,Security,Critical,Frank,Pending,17,13,2026-04-01,2026-05-01
TASK_08322,Create reports module,Bug,Critical,Alice,Pending,20,3,2026-06-06,2026-06-17
TASK_08323,Fix login authentication bug,DevOps,Low,Henry,On Hold,7,7,2026-02-10,2026-02-12
TASK_08324,Integrate email notifications,Security,Low,Bob,Completed,7,1,2026-03-01,2026-03-08
TASK_08325,Fix responsive layout,Backend,Medium,Charlie,Pending,13,3,2026-04-05,2026-04-22
TASK_08326,Create reports module,Backend,Medium,Emma,Completed,17,16,2026-02-05,2026-02-20
TASK_08327,Optimize SQL queries,UI/UX,Medium,Grace,On Hold,5,3,2026-03-21,2026-03-27
TASK_08328,Develop user profile page,Feature,Low,Alice,Pending,18,15,2026-07-13,2026-07-17
TASK_08329,Implement chatbot,Backend,Low,Charlie,Pending,9,5,2026-07-26,2026-08-25
TASK_08330,Improve application performance,Database,Critical,Henry,In Progress,20,20,2026-01-31,2026-02-14
TASK_08331,Develop user profile page,Testing,Critical,Frank,Pending,18,10,2026-02-15,2026-02-22
TASK_08332,Build admin panel,Bug,Low,Emma,On Hold,3,1,2026-05-06,2026-05-14
TASK_08333,Refactor backend code,Database,Medium,David,In Progress,7,3,2026-05-20,2026-06-06
TASK_08334,Develop user profile page,Backend,Critical,Charlie,Completed,15,3,2026-02-23,2026-03-24
TASK_08335,Refactor backend code,Feature,Critical,Frank,In Progress,9,2,2026-03-18,2026-03-22
TASK_08336,Write unit tests,DevOps,High,Henry,Pending,10,10,2026-06-17,2026-06-23
TASK_08337,Develop user profile page,Testing,Low,Alice,On Hold,8,0,2026-03-02,2026-03-12
TASK_08338,Deploy application,UI/UX,Medium,Frank,Pending,10,10,2026-07-10,2026-08-04
TASK_08339,Improve application performance,Security,Low,Frank,On Hold,20,7,2026-05-02,2026-05-26
TASK_08340,Implement chatbot,UI/UX,Low,Emma,Completed,19,3,2026-04-06,2026-04-12
TASK_08341,Fix login authentication bug,Documentation,Critical,Emma,Pending,6,2,2026-07-20,2026-08-10
TASK_08342,Integrate email notifications,Documentation,Medium,Emma,In Progress,20,7,2026-01-30,2026-02-14
TASK_08343,Fix login authentication bug,Bug,Low,Henry,Pending,19,19,2026-04-06,2026-04-22
TASK_08344,Implement chatbot,Bug,Critical,Grace,Completed,20,11,2026-07-16,2026-08-02
TASK_08345,Develop analytics dashboard,Security,High,Emma,In Progress,13,6,2026-03-02,2026-03-29
TASK_08346,Deploy application,Bug,Critical,Charlie,Pending,6,4,2026-06-09,2026-07-01
TASK_08347,Design dashboard UI,Documentation,Low,Frank,On Hold,13,9,2026-04-02,2026-04-21
TASK_08348,Implement dark mode,Testing,High,Alice,In Progress,8,5,2026-07-19,2026-08-10
TASK_08349,Write unit tests,Frontend,Critical,Charlie,In Progress,11,3,2026-05-15,2026-06-06
TASK_08350,Integrate email notifications,Security,Medium,Emma,Completed,9,2,2026-03-03,2026-03-16
TASK_08351,Create REST API,Security,Low,David,Completed,15,14,2026-03-11,2026-03-23
TASK_08352,Develop analytics dashboard,Database,High,David,Pending,16,13,2026-04-03,2026-04-11
TASK_08353,Deploy application,DevOps,Low,Bob,On Hold,1,1,2026-03-02,2026-04-01
TASK_08354,Integrate email notifications,Security,Low,David,Pending,3,1,2026-07-06,2026-07-25
TASK_08355,Create reports module,UI/UX,Medium,Frank,Pending,5,3,2026-02-18,2026-03-11
TASK_08356,Implement payment gateway,Feature,High,Grace,Completed,16,5,2026-05-24,2026-06-11
TASK_08357,Refactor backend code,Database,Low,Emma,Completed,20,6,2026-02-07,2026-03-02
TASK_08358,Optimize SQL queries,Testing,Medium,Emma,Pending,13,13,2026-05-16,2026-05-21
TASK_08359,Fix responsive layout,Testing,Medium,Henry,Completed,5,1,2026-04-24,2026-05-08
TASK_08360,Implement payment gateway,Security,High,David,Pending,15,15,2026-05-29,2026-06-21
TASK_08361,Design dashboard UI,Database,High,Henry,On Hold,19,11,2026-06-17,2026-07-16
TASK_08362,Implement payment gateway,UI/UX,High,Emma,On Hold,6,0,2026-02-28,2026-03-18
TASK_08363,Implement payment gateway,Database,Medium,Frank,Pending,17,16,2026-04-11,2026-04-13
TASK_08364,Refactor backend code,Database,Low,Alice,Pending,7,6,2026-03-11,2026-03-16
TASK_08365,Create reports module,UI/UX,Low,Charlie,Completed,1,1,2026-03-07,2026-03-13
TASK_08366,Implement dark mode,Bug,Low,Charlie,Completed,18,17,2026-03-09,2026-04-08
TASK_08367,Optimize SQL queries,Feature,Medium,Henry,On Hold,5,1,2026-04-10,2026-04-18
TASK_08368,Implement dark mode,Bug,Medium,Frank,In Progress,13,12,2026-04-24,2026-04-30
TASK_08369,Update project documentation,Testing,Medium,Frank,Pending,13,9,2026-05-04,2026-06-02
TASK_08370,Refactor backend code,Frontend,High,Henry,In Progress,14,1,2026-02-26,2026-03-08
TASK_08371,Develop user profile page,UI/UX,High,Charlie,Pending,12,4,2026-03-09,2026-04-07
TASK_08372,Implement chatbot,Bug,Medium,Grace,Pending,15,15,2026-04-21,2026-04-24
TASK_08373,Create REST API,Feature,High,Grace,Pending,19,8,2026-03-24,2026-03-26
TASK_08374,Fix responsive layout,Frontend,Critical,Charlie,Completed,1,1,2026-06-26,2026-07-18
TASK_08375,Implement chatbot,Testing,Low,Frank,On Hold,12,8,2026-05-10,2026-05-19
TASK_08376,Update project documentation,Backend,Low,Bob,Pending,5,5,2026-02-21,2026-03-22
TASK_08377,Build admin panel,Testing,High,Grace,Completed,16,6,2026-06-04,2026-06-30
TASK_08378,Deploy application,Backend,Medium,Frank,On Hold,11,2,2026-07-20,2026-08-08
TASK_08379,Configure CI/CD pipeline,Security,Critical,Charlie,On Hold,16,8,2026-04-11,2026-04-28
TASK_08380,Implement dark mode,Bug,Critical,Charlie,In Progress,17,9,2026-06-21,2026-07-05
TASK_08381,Develop user profile page,Database,High,Henry,Completed,7,3,2026-04-21,2026-05-06
TASK_08382,Implement dark mode,Feature,Critical,David,In Progress,18,7,2026-03-09,2026-03-19
TASK_08383,Optimize SQL queries,Documentation,Medium,Henry,Completed,1,1,2026-03-01,2026-03-19
TASK_08384,Integrate email notifications,UI/UX,Critical,Bob,On Hold,15,0,2026-03-26,2026-04-23
TASK_08385,Create reports module,DevOps,High,Bob,Pending,3,0,2026-05-17,2026-05-24
TASK_08386,Develop user profile page,DevOps,Low,Charlie,On Hold,8,5,2026-03-14,2026-03-25
TASK_08387,Implement chatbot,Security,Medium,David,Completed,15,0,2026-05-01,2026-05-25
TASK_08388,Optimize SQL queries,Documentation,Critical,Alice,On Hold,12,1,2026-07-25,2026-08-08
TASK_08389,Add search functionality,Security,High,Bob,On Hold,7,7,2026-05-25,2026-06-24
TASK_08390,Create REST API,Documentation,Medium,Bob,Completed,6,0,2026-05-10,2026-05-31
TASK_08391,Optimize SQL queries,Frontend,Low,Bob,Completed,20,19,2026-03-01,2026-03-25
TASK_08392,Implement payment gateway,Backend,Medium,Henry,Completed,3,2,2026-04-15,2026-04-24
TASK_08393,Develop analytics dashboard,Bug,Medium,Frank,In Progress,13,2,2026-05-23,2026-06-06
TASK_08394,Update project documentation,Feature,High,Emma,In Progress,2,0,2026-02-12,2026-02-14
TASK_08395,Optimize SQL queries,Documentation,Low,Alice,In Progress,12,7,2026-04-08,2026-04-16
TASK_08396,Fix responsive layout,Feature,High,Grace,On Hold,2,0,2026-07-24,2026-08-04
TASK_08397,Optimize SQL queries,Database,High,Bob,In Progress,16,0,2026-05-29,2026-06-24
TASK_08398,Develop analytics dashboard,Security,Medium,David,Completed,8,5,2026-07-23,2026-08-11
TASK_08399,Update project documentation,Bug,Low,Charlie,Completed,13,0,2026-07-06,2026-07-15
TASK_08400,Refactor backend code,Documentation,High,Alice,On Hold,7,5,2026-07-17,2026-08-11
TASK_08401,Improve application performance,Bug,Medium,Charlie,Pending,8,6,2026-06-06,2026-06-27
TASK_08402,Add search functionality,Documentation,Low,Alice,In Progress,18,10,2026-02-13,2026-02-21
TASK_08403,Implement chatbot,Documentation,High,Charlie,In Progress,15,13,2026-04-04,2026-04-21
TASK_08404,Create reports module,Feature,Medium,Charlie,Pending,10,3,2026-07-12,2026-07-28
TASK_08405,Integrate email notifications,Security,Low,Henry,In Progress,11,11,2026-07-22,2026-07-30
TASK_08406,Add search functionality,DevOps,High,Henry,In Progress,20,14,2026-07-07,2026-07-22
TASK_08407,Configure CI/CD pipeline,UI/UX,Low,Bob,Completed,9,6,2026-02-05,2026-02-27
TASK_08408,Deploy application,UI/UX,High,Charlie,Completed,17,8,2026-04-27,2026-05-17
TASK_08409,Deploy application,Bug,High,Charlie,Completed,12,6,2026-03-12,2026-03-18
TASK_08410,Deploy application,Bug,Low,Henry,Pending,6,0,2026-06-07,2026-06-19
TASK_08411,Configure CI/CD pipeline,Testing,Medium,Frank,In Progress,4,3,2026-06-26,2026-07-06
TASK_08412,Develop user profile page,Testing,Low,Henry,On Hold,10,9,2026-03-01,2026-03-12
TASK_08413,Improve application performance,Security,Low,Alice,Completed,9,5,2026-03-14,2026-03-27
TASK_08414,Implement payment gateway,UI/UX,High,Emma,In Progress,8,5,2026-03-02,2026-03-27
TASK_08415,Develop analytics dashboard,DevOps,High,Grace,In Progress,3,2,2026-03-14,2026-03-24
TASK_08416,Fix login authentication bug,Frontend,High,Charlie,On Hold,19,11,2026-05-22,2026-06-09
TASK_08417,Optimize SQL queries,Security,High,Grace,On Hold,8,8,2026-04-27,2026-05-09
TASK_08418,Integrate email notifications,UI/UX,High,Grace,On Hold,20,0,2026-07-20,2026-08-18
TASK_08419,Optimize SQL queries,Database,High,Charlie,On Hold,17,6,2026-02-17,2026-02-21
TASK_08420,Create REST API,DevOps,High,Henry,Pending,15,6,2026-04-25,2026-04-28
TASK_08421,Improve application performance,DevOps,Medium,Frank,In Progress,10,5,2026-04-03,2026-04-15
TASK_08422,Optimize SQL queries,Security,Medium,Grace,Completed,5,4,2026-05-09,2026-05-17
TASK_08423,Deploy application,UI/UX,Medium,Alice,Pending,15,5,2026-04-11,2026-04-27
TASK_08424,Add search functionality,Security,Low,David,Completed,18,15,2026-06-09,2026-06-18
TASK_08425,Develop analytics dashboard,UI/UX,High,Frank,Pending,17,5,2026-04-01,2026-04-25
TASK_08426,Add search functionality,Documentation,High,Emma,In Progress,9,5,2026-05-15,2026-05-20
TASK_08427,Write unit tests,Frontend,Critical,David,In Progress,20,9,2026-03-22,2026-04-14
TASK_08428,Implement chatbot,Security,Critical,David,Pending,1,0,2026-06-03,2026-06-13
TASK_08429,Configure CI/CD pipeline,Bug,Medium,Emma,On Hold,12,1,2026-07-14,2026-07-22
TASK_08430,Fix responsive layout,UI/UX,High,Bob,Pending,2,1,2026-02-27,2026-03-04
TASK_08431,Develop user profile page,DevOps,High,Bob,In Progress,12,0,2026-03-28,2026-04-02
TASK_08432,Write unit tests,Testing,Critical,Henry,Completed,2,2,2026-04-18,2026-05-09
TASK_08433,Update project documentation,UI/UX,Medium,Bob,In Progress,10,1,2026-06-10,2026-06-14
TASK_08434,Deploy application,Frontend,Medium,Emma,Pending,1,1,2026-05-23,2026-06-15
TASK_08435,Create REST API,Documentation,Low,Frank,On Hold,13,11,2026-07-12,2026-07-24
TASK_08436,Write unit tests,DevOps,High,Henry,In Progress,16,12,2026-02-26,2026-03-27
TASK_08437,Implement dark mode,Feature,Critical,Henry,Completed,9,2,2026-03-10,2026-03-12
TASK_08438,Fix login authentication bug,Feature,Low,Bob,Pending,19,1,2026-03-17,2026-03-27
TASK_08439,Fix login authentication bug,Frontend,Critical,Charlie,In Progress,13,7,2026-07-09,2026-07-11
TASK_08440,Implement chatbot,Database,High,Alice,In Progress,4,4,2026-05-09,2026-05-11
TASK_08441,Optimize SQL queries,Frontend,Medium,Frank,Pending,5,1,2026-03-28,2026-04-07
TASK_08442,Deploy application,Database,High,Frank,Completed,19,1,2026-03-12,2026-03-18
TASK_08443,Develop analytics dashboard,Backend,High,Grace,On Hold,17,8,2026-05-09,2026-05-12
TASK_08444,Add search functionality,Documentation,Low,Grace,On Hold,9,7,2026-02-13,2026-03-02
TASK_08445,Create REST API,Frontend,Critical,Charlie,Completed,3,0,2026-04-11,2026-04-28
TASK_08446,Design dashboard UI,DevOps,Low,Charlie,Completed,1,1,2026-03-05,2026-03-12
TASK_08447,Update project documentation,Security,High,David,On Hold,14,9,2026-04-27,2026-05-22
TASK_08448,Develop analytics dashboard,Testing,High,Alice,Pending,9,7,2026-04-02,2026-04-12
TASK_08449,Configure CI/CD pipeline,DevOps,Medium,David,Completed,3,1,2026-04-15,2026-05-07
TASK_08450,Improve application performance,Security,Low,Charlie,On Hold,14,4,2026-06-16,2026-06-25
TASK_08451,Fix responsive layout,Frontend,Low,Charlie,Pending,15,0,2026-03-02,2026-03-24
TASK_08452,Build admin panel,Database,Low,Alice,Pending,1,0,2026-03-24,2026-04-01
TASK_08453,Implement payment gateway,Testing,Critical,Frank,In Progress,5,0,2026-05-11,2026-06-02
TASK_08454,Improve application performance,Database,Medium,Grace,On Hold,19,9,2026-05-29,2026-06-19
TASK_08455,Build admin panel,Testing,Critical,Alice,Completed,6,3,2026-03-22,2026-04-19
TASK_08456,Implement payment gateway,DevOps,High,Grace,In Progress,7,6,2026-05-26,2026-06-01
TASK_08457,Deploy application,Security,Low,Grace,In Progress,4,1,2026-02-20,2026-03-10
TASK_08458,Integrate email notifications,Security,Low,Bob,On Hold,10,8,2026-02-20,2026-03-11
TASK_08459,Develop user profile page,Frontend,High,Grace,On Hold,6,1,2026-02-01,2026-02-08
TASK_08460,Integrate email notifications,Security,Low,Alice,Completed,2,0,2026-03-03,2026-03-19
TASK_08461,Fix responsive layout,UI/UX,Critical,David,On Hold,15,7,2026-06-20,2026-07-17
TASK_08462,Build admin panel,DevOps,Low,Henry,Completed,5,3,2026-06-18,2026-07-14
TASK_08463,Develop user profile page,Documentation,Medium,Grace,In Progress,12,4,2026-01-28,2026-02-15
TASK_08464,Integrate email notifications,Bug,Medium,Alice,Completed,14,10,2026-02-28,2026-03-24
TASK_08465,Design dashboard UI,Backend,High,Henry,Completed,14,4,2026-07-11,2026-08-05
TASK_08466,Develop user profile page,Security,Low,Charlie,Pending,15,3,2026-04-16,2026-05-05
TASK_08467,Improve application performance,UI/UX,Critical,Frank,Pending,5,4,2026-07-15,2026-07-23
TASK_08468,Integrate email notifications,Testing,Medium,Bob,Pending,5,2,2026-07-24,2026-08-13
TASK_08469,Integrate email notifications,Bug,Critical,Bob,Pending,1,1,2026-04-06,2026-04-25
TASK_08470,Configure CI/CD pipeline,DevOps,High,Grace,Pending,18,18,2026-07-17,2026-08-14
TASK_08471,Implement dark mode,Backend,Medium,David,On Hold,20,0,2026-03-01,2026-03-21
TASK_08472,Develop user profile page,Testing,Critical,Henry,Pending,11,7,2026-02-17,2026-03-01
TASK_08473,Implement chatbot,Bug,High,Grace,In Progress,17,10,2026-05-18,2026-06-11
TASK_08474,Build admin panel,Frontend,Low,Grace,Pending,1,0,2026-02-10,2026-02-18
TASK_08475,Create reports module,Frontend,Low,Bob,In Progress,18,6,2026-05-06,2026-05-13
TASK_08476,Improve application performance,Database,Critical,David,Pending,9,0,2026-05-18,2026-06-03
TASK_08477,Create reports module,Database,Low,David,Pending,9,1,2026-04-15,2026-04-20
TASK_08478,Integrate email notifications,Bug,High,Frank,Pending,20,19,2026-02-11,2026-02-19
TASK_08479,Implement payment gateway,Frontend,Low,Emma,In Progress,15,8,2026-05-21,2026-06-15
TASK_08480,Implement chatbot,Bug,Medium,David,In Progress,18,2,2026-02-03,2026-02-27
TASK_08481,Implement chatbot,Feature,Medium,Alice,Pending,12,4,2026-06-26,2026-07-17
TASK_08482,Fix login authentication bug,Feature,Medium,Bob,Completed,15,3,2026-02-18,2026-02-24
TASK_08483,Implement chatbot,Backend,High,Grace,Pending,14,3,2026-03-22,2026-04-13
TASK_08484,Build admin panel,DevOps,High,David,Pending,10,0,2026-04-24,2026-04-29
TASK_08485,Configure CI/CD pipeline,Frontend,Medium,Henry,Pending,13,9,2026-03-22,2026-04-20
TASK_08486,Add search functionality,Bug,Low,Emma,In Progress,2,1,2026-04-20,2026-04-28
TASK_08487,Integrate email notifications,Frontend,Low,Alice,Completed,15,8,2026-02-01,2026-02-27
TASK_08488,Integrate email notifications,Feature,Medium,Grace,Pending,1,1,2026-01-28,2026-02-23
TASK_08489,Improve application performance,DevOps,Low,Charlie,In Progress,14,14,2026-03-13,2026-04-12
TASK_08490,Refactor backend code,Testing,Critical,Charlie,In Progress,19,7,2026-04-21,2026-04-27
TASK_08491,Implement chatbot,Bug,Critical,David,Completed,10,4,2026-03-21,2026-04-15
TASK_08492,Improve application performance,Security,Critical,Henry,Completed,6,6,2026-05-05,2026-05-13
TASK_08493,Integrate email notifications,UI/UX,Critical,Alice,In Progress,20,10,2026-03-24,2026-04-05
TASK_08494,Implement chatbot,DevOps,Critical,Frank,On Hold,16,0,2026-06-18,2026-07-05
TASK_08495,Update project documentation,Security,Medium,Alice,On Hold,17,9,2026-03-29,2026-04-20
TASK_08496,Fix responsive layout,UI/UX,High,Frank,In Progress,3,3,2026-06-22,2026-07-12
TASK_08497,Fix responsive layout,Backend,High,Henry,On Hold,17,15,2026-05-22,2026-06-03
TASK_08498,Configure CI/CD pipeline,UI/UX,High,Grace,In Progress,9,1,2026-07-08,2026-07-23
TASK_08499,Deploy application,Documentation,Medium,David,Pending,17,17,2026-04-23,2026-05-05
TASK_08500,Build admin panel,Frontend,Low,Bob,On Hold,13,3,2026-04-05,2026-04-22
TASK_08501,Fix login authentication bug,Documentation,Medium,Emma,In Progress,19,8,2026-04-27,2026-05-02
TASK_08502,Write unit tests,Testing,High,Henry,Pending,19,13,2026-05-02,2026-05-23
TASK_08503,Build admin panel,DevOps,Medium,Frank,Pending,11,3,2026-02-12,2026-03-02
TASK_08504,Add search functionality,Backend,Low,Henry,Pending,8,1,2026-03-19,2026-03-31
TASK_08505,Create REST API,DevOps,Medium,Alice,In Progress,20,17,2026-04-30,2026-05-17
TASK_08506,Integrate email notifications,DevOps,Critical,Frank,On Hold,13,13,2026-04-08,2026-05-06
TASK_08507,Fix responsive layout,DevOps,Critical,Bob,Completed,9,2,2026-07-11,2026-08-10
TASK_08508,Implement chatbot,Testing,Medium,David,On Hold,17,16,2026-06-17,2026-07-09
TASK_08509,Fix login authentication bug,Documentation,Medium,Bob,Completed,1,1,2026-05-11,2026-05-24
TASK_08510,Implement chatbot,Backend,Medium,Henry,Completed,12,11,2026-03-17,2026-04-12
TASK_08511,Design dashboard UI,Documentation,High,Charlie,Pending,19,6,2026-06-17,2026-06-29
TASK_08512,Design dashboard UI,Documentation,Critical,Grace,On Hold,12,0,2026-07-03,2026-07-20
TASK_08513,Integrate email notifications,Documentation,High,Henry,In Progress,2,1,2026-02-04,2026-02-19
TASK_08514,Deploy application,Database,Critical,Henry,On Hold,14,6,2026-06-15,2026-07-02
TASK_08515,Optimize SQL queries,Frontend,Medium,Henry,Completed,6,0,2026-02-04,2026-02-23
TASK_08516,Deploy application,Documentation,High,David,Completed,18,5,2026-06-18,2026-06-23
TASK_08517,Configure CI/CD pipeline,Feature,Low,Bob,Completed,5,5,2026-04-27,2026-05-21
TASK_08518,Fix responsive layout,UI/UX,Critical,Charlie,In Progress,12,6,2026-07-06,2026-07-15
TASK_08519,Refactor backend code,Feature,Critical,Emma,On Hold,8,8,2026-03-10,2026-04-05
TASK_08520,Implement dark mode,Backend,High,David,In Progress,10,0,2026-06-01,2026-06-18
TASK_08521,Fix responsive layout,Documentation,Low,Alice,Pending,13,9,2026-03-05,2026-03-08
TASK_08522,Add search functionality,Documentation,Low,Grace,On Hold,16,7,2026-02-14,2026-03-02
TASK_08523,Integrate email notifications,Testing,Medium,David,Pending,8,3,2026-07-13,2026-07-20
TASK_08524,Develop user profile page,Testing,Medium,Frank,Pending,7,0,2026-05-27,2026-06-26
TASK_08525,Add search functionality,Documentation,High,Grace,In Progress,17,4,2026-06-27,2026-07-15
TASK_08526,Develop analytics dashboard,Bug,Critical,Charlie,On Hold,11,8,2026-03-19,2026-03-24
TASK_08527,Develop analytics dashboard,UI/UX,Low,Grace,On Hold,7,2,2026-07-01,2026-07-15
TASK_08528,Deploy application,Testing,Critical,David,On Hold,13,5,2026-05-13,2026-05-20
TASK_08529,Deploy application,DevOps,High,Bob,On Hold,20,6,2026-03-07,2026-04-01
TASK_08530,Implement dark mode,Database,Medium,Henry,On Hold,4,0,2026-02-05,2026-02-18
TASK_08531,Implement dark mode,Documentation,High,Emma,On Hold,6,6,2026-06-12,2026-07-06
TASK_08532,Create REST API,Backend,Critical,Emma,Pending,13,10,2026-02-26,2026-03-10
TASK_08533,Build admin panel,DevOps,Low,Henry,On Hold,15,9,2026-02-08,2026-02-15
TASK_08534,Add search functionality,UI/UX,Critical,Bob,Completed,3,3,2026-03-07,2026-03-24
TASK_08535,Develop analytics dashboard,Testing,High,Alice,Pending,15,11,2026-05-26,2026-06-08
TASK_08536,Add search functionality,UI/UX,Low,Alice,Pending,5,4,2026-05-08,2026-05-31
TASK_08537,Configure CI/CD pipeline,Frontend,Critical,Henry,In Progress,10,10,2026-03-04,2026-03-15
TASK_08538,Implement payment gateway,Backend,Low,David,Pending,2,0,2026-02-19,2026-03-17
TASK_08539,Design dashboard UI,UI/UX,Critical,Charlie,Pending,10,1,2026-02-01,2026-02-04
TASK_08540,Develop analytics dashboard,Feature,Medium,David,In Progress,3,3,2026-04-08,2026-05-07
TASK_08541,Develop analytics dashboard,Testing,Medium,Frank,Completed,7,1,2026-05-24,2026-05-28
TASK_08542,Fix responsive layout,Documentation,Medium,Frank,In Progress,16,9,2026-04-23,2026-05-19
TASK_08543,Add search functionality,Documentation,Low,Alice,Pending,13,3,2026-02-01,2026-02-09
TASK_08544,Implement chatbot,Bug,Low,Frank,On Hold,9,9,2026-02-18,2026-03-08
TASK_08545,Improve application performance,Bug,Low,Henry,Completed,1,0,2026-03-23,2026-03-28
TASK_08546,Refactor backend code,Documentation,Low,Frank,On Hold,4,0,2026-02-04,2026-02-06
TASK_08547,Fix login authentication bug,Security,Medium,Grace,Completed,19,6,2026-05-11,2026-05-17
TASK_08548,Develop user profile page,UI/UX,Low,David,In Progress,19,11,2026-06-15,2026-07-07
TASK_08549,Write unit tests,Bug,High,Frank,On Hold,12,2,2026-05-16,2026-06-03
TASK_08550,Optimize SQL queries,UI/UX,Low,Frank,Completed,14,14,2026-01-31,2026-02-07
TASK_08551,Integrate email notifications,DevOps,Critical,Frank,Completed,6,4,2026-04-01,2026-04-19
TASK_08552,Fix login authentication bug,Database,High,Alice,In Progress,5,5,2026-07-16,2026-08-08
TASK_08553,Add search functionality,Database,High,Frank,Pending,13,0,2026-02-19,2026-03-20
TASK_08554,Optimize SQL queries,Database,Critical,Henry,Completed,20,7,2026-06-29,2026-07-01
TASK_08555,Write unit tests,Documentation,Low,Emma,On Hold,19,9,2026-04-23,2026-05-22
TASK_08556,Add search functionality,Database,Critical,Emma,Completed,4,4,2026-02-26,2026-03-12
TASK_08557,Implement chatbot,Backend,Critical,Charlie,Completed,6,3,2026-03-30,2026-04-22
TASK_08558,Create REST API,Testing,Critical,Frank,Completed,12,12,2026-06-05,2026-06-27
TASK_08559,Fix login authentication bug,Database,High,Charlie,Pending,1,1,2026-04-21,2026-05-15
TASK_08560,Add search functionality,DevOps,Medium,Emma,Completed,9,9,2026-04-24,2026-04-27
TASK_08561,Update project documentation,Frontend,Low,David,Completed,13,11,2026-05-15,2026-05-29
TASK_08562,Update project documentation,Testing,Critical,Henry,Completed,9,0,2026-03-27,2026-04-11
TASK_08563,Fix responsive layout,Bug,High,Bob,Pending,5,4,2026-06-13,2026-06-17
TASK_08564,Build admin panel,Security,Medium,Frank,Completed,14,11,2026-07-24,2026-08-19
TASK_08565,Improve application performance,Documentation,Low,David,Pending,16,14,2026-06-26,2026-07-07
TASK_08566,Refactor backend code,UI/UX,Critical,Frank,Completed,3,1,2026-02-27,2026-03-12
TASK_08567,Write unit tests,UI/UX,High,Henry,In Progress,17,5,2026-07-26,2026-08-19
TASK_08568,Develop user profile page,Testing,Critical,Frank,Pending,7,5,2026-06-06,2026-06-11
TASK_08569,Add search functionality,Frontend,Critical,David,Completed,2,1,2026-05-05,2026-05-26
TASK_08570,Develop user profile page,UI/UX,High,Emma,In Progress,6,4,2026-03-09,2026-03-25
TASK_08571,Design dashboard UI,Testing,Critical,Grace,On Hold,1,1,2026-03-21,2026-03-24
TASK_08572,Implement chatbot,DevOps,Low,Henry,Completed,1,0,2026-05-08,2026-05-31
TASK_08573,Add search functionality,Testing,Low,Charlie,In Progress,20,6,2026-02-20,2026-03-06
TASK_08574,Add search functionality,UI/UX,Low,Bob,In Progress,4,3,2026-07-23,2026-08-18
TASK_08575,Implement dark mode,Frontend,Critical,Grace,On Hold,1,1,2026-06-02,2026-06-15
TASK_08576,Integrate email notifications,Feature,Medium,Emma,Completed,19,13,2026-05-10,2026-05-31
TASK_08577,Fix login authentication bug,Security,Low,Alice,In Progress,15,5,2026-04-01,2026-04-15
TASK_08578,Integrate email notifications,Frontend,Low,Charlie,In Progress,5,1,2026-04-11,2026-04-28
TASK_08579,Refactor backend code,Backend,Medium,David,Pending,14,0,2026-06-26,2026-06-28
TASK_08580,Implement dark mode,Security,Critical,Henry,Pending,14,5,2026-06-04,2026-06-30
TASK_08581,Deploy application,UI/UX,Medium,David,In Progress,7,1,2026-05-16,2026-05-24
TASK_08582,Develop user profile page,UI/UX,High,Bob,Completed,4,2,2026-03-13,2026-03-22
TASK_08583,Add search functionality,Security,Low,Bob,On Hold,10,0,2026-05-01,2026-05-25
TASK_08584,Optimize SQL queries,Database,High,Bob,Pending,2,1,2026-07-23,2026-08-18
TASK_08585,Refactor backend code,Security,Low,Bob,Completed,2,1,2026-07-04,2026-07-19
TASK_08586,Fix responsive layout,UI/UX,Low,Emma,On Hold,12,9,2026-06-04,2026-06-30
TASK_08587,Implement dark mode,Backend,Low,Henry,In Progress,13,6,2026-07-02,2026-07-04
TASK_08588,Fix login authentication bug,Security,Medium,David,Completed,10,3,2026-01-31,2026-02-28
TASK_08589,Fix responsive layout,Feature,Medium,Frank,In Progress,20,3,2026-07-15,2026-07-18
TASK_08590,Configure CI/CD pipeline,UI/UX,Low,Bob,In Progress,3,3,2026-05-05,2026-05-09
TASK_08591,Develop analytics dashboard,Testing,Low,Charlie,On Hold,9,9,2026-06-03,2026-06-17
TASK_08592,Update project documentation,Database,Critical,Grace,Pending,16,6,2026-05-10,2026-05-17
TASK_08593,Develop user profile page,Frontend,Critical,Frank,On Hold,19,13,2026-03-19,2026-04-11
TASK_08594,Write unit tests,Backend,Low,Henry,Pending,16,9,2026-02-05,2026-03-02
TASK_08595,Integrate email notifications,Feature,Low,Grace,Completed,7,7,2026-02-14,2026-02-17
TASK_08596,Configure CI/CD pipeline,UI/UX,Medium,Bob,In Progress,20,14,2026-03-23,2026-04-09
TASK_08597,Implement chatbot,Security,Low,Emma,Completed,16,15,2026-03-29,2026-04-24
TASK_08598,Improve application performance,Security,Critical,Grace,In Progress,3,3,2026-03-27,2026-04-06
TASK_08599,Implement dark mode,Bug,High,Bob,Completed,10,5,2026-02-04,2026-02-23
TASK_08600,Design dashboard UI,Bug,Low,David,In Progress,11,4,2026-06-30,2026-07-03
TASK_08601,Deploy application,Frontend,Critical,Alice,Completed,3,3,2026-02-24,2026-03-04
TASK_08602,Integrate email notifications,Database,High,Frank,Pending,9,7,2026-03-02,2026-03-29
TASK_08603,Refactor backend code,Backend,Medium,Alice,In Progress,20,5,2026-07-02,2026-08-01
TASK_08604,Add search functionality,Database,Low,Frank,On Hold,20,10,2026-03-07,2026-04-02
TASK_08605,Add search functionality,Testing,High,Emma,Pending,1,0,2026-03-23,2026-04-09
TASK_08606,Develop analytics dashboard,Backend,High,Frank,On Hold,11,4,2026-05-19,2026-05-27
TASK_08607,Implement payment gateway,Documentation,Low,Frank,Pending,11,0,2026-03-26,2026-04-13
TASK_08608,Create REST API,Security,High,David,Pending,15,12,2026-06-09,2026-06-29
TASK_08609,Fix responsive layout,UI/UX,Low,Frank,Pending,5,5,2026-07-21,2026-07-27
TASK_08610,Configure CI/CD pipeline,Security,Low,Grace,Pending,18,13,2026-06-06,2026-06-29
TASK_08611,Deploy application,Testing,Low,Charlie,On Hold,9,2,2026-05-28,2026-06-25
TASK_08612,Improve application performance,Testing,Critical,Bob,Completed,2,1,2026-05-20,2026-06-15
TASK_08613,Update project documentation,UI/UX,Medium,David,Pending,14,6,2026-02-08,2026-03-02
TASK_08614,Design dashboard UI,Bug,Low,Alice,Pending,4,0,2026-01-31,2026-02-27
TASK_08615,Write unit tests,Database,Low,Bob,On Hold,2,0,2026-04-13,2026-05-11
TASK_08616,Create reports module,Security,Medium,Emma,On Hold,1,1,2026-02-07,2026-02-25
TASK_08617,Refactor backend code,Feature,Medium,Emma,In Progress,7,1,2026-04-24,2026-04-26
TASK_08618,Add search functionality,Bug,Critical,Charlie,On Hold,11,6,2026-05-21,2026-05-31
TASK_08619,Design dashboard UI,Security,Medium,David,Pending,10,5,2026-02-18,2026-03-05
TASK_08620,Update project documentation,Documentation,Medium,Charlie,Completed,4,3,2026-05-23,2026-05-29
TASK_08621,Write unit tests,Testing,High,David,Pending,12,0,2026-02-21,2026-03-06
TASK_08622,Fix responsive layout,Database,Medium,Grace,Pending,18,18,2026-06-09,2026-07-05
TASK_08623,Implement payment gateway,DevOps,Low,Frank,Pending,7,4,2026-05-13,2026-05-20
TASK_08624,Deploy application,Backend,Medium,Charlie,Pending,15,10,2026-03-16,2026-04-02
TASK_08625,Fix responsive layout,Bug,Critical,Charlie,Completed,7,4,2026-04-29,2026-05-10
TASK_08626,Deploy application,Frontend,High,David,Completed,15,14,2026-03-09,2026-04-07
TASK_08627,Design dashboard UI,Testing,Critical,Grace,Pending,10,8,2026-07-09,2026-07-11
TASK_08628,Create reports module,Backend,Medium,Charlie,In Progress,13,6,2026-05-13,2026-05-21
TASK_08629,Integrate email notifications,Security,Critical,Bob,In Progress,3,2,2026-05-04,2026-05-30
TASK_08630,Design dashboard UI,Backend,High,Henry,In Progress,9,0,2026-06-08,2026-06-17
TASK_08631,Write unit tests,DevOps,High,Frank,Pending,18,6,2026-07-13,2026-08-02
TASK_08632,Add search functionality,Frontend,Medium,Frank,In Progress,17,16,2026-01-28,2026-02-02
TASK_08633,Refactor backend code,DevOps,Low,Alice,On Hold,3,2,2026-02-09,2026-02-16
TASK_08634,Configure CI/CD pipeline,DevOps,Medium,Henry,In Progress,13,13,2026-06-05,2026-06-11
TASK_08635,Refactor backend code,Feature,Low,David,On Hold,1,1,2026-07-02,2026-07-12
TASK_08636,Implement chatbot,UI/UX,Low,Charlie,Pending,20,17,2026-02-12,2026-03-07
TASK_08637,Write unit tests,Testing,High,Bob,On Hold,1,0,2026-02-18,2026-03-13
TASK_08638,Create REST API,Documentation,High,David,Completed,4,4,2026-03-20,2026-04-15
TASK_08639,Implement chatbot,Documentation,High,David,Completed,2,1,2026-03-08,2026-03-21
TASK_08640,Fix login authentication bug,Frontend,Medium,Grace,In Progress,11,3,2026-05-20,2026-06-14
TASK_08641,Fix login authentication bug,Backend,High,Emma,Pending,16,2,2026-03-15,2026-03-24
TASK_08642,Deploy application,DevOps,Low,Alice,Completed,7,3,2026-06-18,2026-06-21
TASK_08643,Create REST API,Feature,Critical,Frank,On Hold,13,10,2026-02-03,2026-02-07
TASK_08644,Create REST API,Documentation,Low,Frank,Completed,5,3,2026-03-10,2026-03-23
TASK_08645,Fix responsive layout,Security,Medium,Charlie,Completed,17,13,2026-02-22,2026-03-04
TASK_08646,Integrate email notifications,Feature,High,Alice,On Hold,7,5,2026-04-05,2026-04-29
TASK_08647,Add search functionality,Bug,High,Emma,On Hold,13,3,2026-06-15,2026-07-01
TASK_08648,Create REST API,Frontend,Critical,Bob,In Progress,1,0,2026-04-12,2026-05-01
TASK_08649,Create reports module,Bug,Low,Charlie,In Progress,20,20,2026-04-21,2026-04-25
TASK_08650,Add search functionality,Bug,Low,Emma,Pending,10,7,2026-06-25,2026-06-27
TASK_08651,Implement payment gateway,Feature,Low,Charlie,Completed,11,10,2026-02-08,2026-02-24
TASK_08652,Implement dark mode,Database,Medium,Emma,Pending,18,9,2026-03-15,2026-04-09
TASK_08653,Implement dark mode,Security,Critical,Alice,Pending,10,5,2026-04-25,2026-05-20
TASK_08654,Develop analytics dashboard,Testing,High,Charlie,Pending,6,3,2026-03-16,2026-03-25
TASK_08655,Optimize SQL queries,Bug,Critical,Henry,On Hold,19,3,2026-06-05,2026-06-13
TASK_08656,Fix login authentication bug,Security,Medium,Bob,In Progress,4,4,2026-02-17,2026-03-18
TASK_08657,Create reports module,UI/UX,Critical,Frank,In Progress,19,7,2026-07-11,2026-08-02
TASK_08658,Deploy application,DevOps,Critical,Bob,Completed,14,0,2026-05-20,2026-06-15
TASK_08659,Design dashboard UI,Bug,Medium,Charlie,On Hold,18,2,2026-06-22,2026-07-15
TASK_08660,Implement payment gateway,Bug,Low,Emma,In Progress,9,6,2026-06-07,2026-06-16
TASK_08661,Design dashboard UI,UI/UX,High,Henry,In Progress,6,5,2026-05-18,2026-05-29
TASK_08662,Add search functionality,Frontend,Low,Henry,Completed,12,8,2026-06-13,2026-06-20
TASK_08663,Configure CI/CD pipeline,Testing,Critical,David,In Progress,8,5,2026-06-13,2026-07-06
TASK_08664,Update project documentation,Documentation,Low,Alice,In Progress,5,3,2026-06-10,2026-06-26
TASK_08665,Implement payment gateway,Documentation,Medium,Grace,Completed,10,0,2026-05-02,2026-05-31
TASK_08666,Fix login authentication bug,UI/UX,Medium,David,On Hold,11,6,2026-05-07,2026-05-25
TASK_08667,Fix responsive layout,Testing,Low,Henry,In Progress,3,3,2026-03-22,2026-03-26
TASK_08668,Configure CI/CD pipeline,Documentation,Low,Grace,Completed,8,4,2026-03-10,2026-04-02
TASK_08669,Write unit tests,Bug,Low,Alice,Pending,3,3,2026-04-06,2026-04-30
TASK_08670,Develop user profile page,DevOps,High,Henry,In Progress,15,13,2026-07-07,2026-07-19
TASK_08671,Implement chatbot,Feature,Low,Charlie,On Hold,1,0,2026-06-18,2026-07-16
TASK_08672,Fix responsive layout,Security,High,Grace,Pending,19,8,2026-06-08,2026-06-10
TASK_08673,Implement chatbot,Bug,Critical,Henry,On Hold,2,0,2026-01-30,2026-02-09
TASK_08674,Add search functionality,Security,Low,Grace,On Hold,5,5,2026-07-18,2026-07-29
TASK_08675,Refactor backend code,Security,Critical,Henry,In Progress,5,3,2026-06-07,2026-06-21
TASK_08676,Develop user profile page,Backend,High,Charlie,Pending,1,1,2026-05-16,2026-06-03
TASK_08677,Add search functionality,Database,Critical,Frank,In Progress,17,1,2026-03-20,2026-04-06
TASK_08678,Build admin panel,Bug,Medium,Henry,On Hold,11,7,2026-07-07,2026-07-19
TASK_08679,Configure CI/CD pipeline,Frontend,Medium,Henry,Pending,10,8,2026-07-19,2026-08-04
TASK_08680,Improve application performance,Security,Medium,Charlie,On Hold,17,10,2026-03-16,2026-04-08
TASK_08681,Develop user profile page,Security,Medium,David,Pending,4,0,2026-02-21,2026-03-09
TASK_08682,Develop analytics dashboard,Backend,Medium,Bob,On Hold,12,12,2026-04-05,2026-04-08
TASK_08683,Implement payment gateway,DevOps,Low,Frank,Pending,2,2,2026-05-21,2026-06-11
TASK_08684,Deploy application,Bug,High,David,In Progress,13,9,2026-07-05,2026-07-12
TASK_08685,Optimize SQL queries,Frontend,Critical,Alice,Completed,5,4,2026-06-03,2026-06-24
TASK_08686,Design dashboard UI,UI/UX,Critical,Henry,Pending,4,2,2026-07-16,2026-07-30
TASK_08687,Implement chatbot,Frontend,Critical,Bob,On Hold,7,4,2026-04-20,2026-05-15
TASK_08688,Optimize SQL queries,Testing,Medium,Emma,Pending,19,2,2026-03-30,2026-04-23
TASK_08689,Configure CI/CD pipeline,Security,Low,Bob,Completed,3,3,2026-03-17,2026-03-24
TASK_08690,Build admin panel,Documentation,Low,Henry,Completed,14,2,2026-07-12,2026-07-27
TASK_08691,Implement payment gateway,Bug,Medium,David,On Hold,13,10,2026-02-07,2026-02-11
TASK_08692,Create reports module,Bug,High,Alice,Pending,18,15,2026-04-04,2026-04-17
TASK_08693,Implement chatbot,Backend,Medium,Frank,In Progress,15,3,2026-05-29,2026-06-28
TASK_08694,Create REST API,Backend,Medium,Emma,In Progress,17,0,2026-05-17,2026-06-06
TASK_08695,Implement chatbot,Backend,Critical,Henry,Completed,13,11,2026-07-19,2026-08-07
TASK_08696,Deploy application,Testing,High,Henry,Pending,7,7,2026-03-27,2026-04-05
TASK_08697,Develop analytics dashboard,Bug,Medium,Alice,Pending,10,5,2026-03-21,2026-03-28
TASK_08698,Create REST API,Backend,High,Alice,Completed,7,6,2026-03-05,2026-04-02
TASK_08699,Update project documentation,DevOps,Critical,David,Completed,7,0,2026-06-17,2026-07-16
TASK_08700,Create REST API,Backend,High,Henry,Completed,7,0,2026-06-23,2026-06-25
TASK_08701,Add search functionality,Documentation,Low,Henry,Completed,13,12,2026-05-31,2026-06-25
TASK_08702,Fix responsive layout,Testing,High,Alice,Completed,13,3,2026-04-19,2026-04-24
TASK_08703,Develop analytics dashboard,Frontend,Medium,Charlie,In Progress,7,4,2026-04-05,2026-05-02
TASK_08704,Develop analytics dashboard,Testing,Medium,Alice,On Hold,7,2,2026-07-14,2026-07-29
TASK_08705,Deploy application,Bug,High,David,Pending,9,0,2026-05-25,2026-06-05
TASK_08706,Refactor backend code,Database,Medium,Bob,On Hold,13,11,2026-07-14,2026-07-19
TASK_08707,Design dashboard UI,Bug,Medium,Henry,Pending,15,1,2026-05-18,2026-05-30
TASK_08708,Create REST API,DevOps,Medium,Henry,Completed,4,0,2026-04-12,2026-05-03
TASK_08709,Configure CI/CD pipeline,Testing,High,Alice,Pending,4,0,2026-04-27,2026-05-18
TASK_08710,Develop analytics dashboard,Frontend,High,Frank,Completed,13,2,2026-04-16,2026-04-22
TASK_08711,Implement payment gateway,UI/UX,High,Alice,In Progress,5,4,2026-07-14,2026-07-17
TASK_08712,Update project documentation,Documentation,Critical,Grace,Pending,14,3,2026-02-19,2026-02-23
TASK_08713,Refactor backend code,Feature,High,Charlie,On Hold,20,2,2026-06-27,2026-07-17
TASK_08714,Update project documentation,Testing,High,Frank,Pending,14,5,2026-02-25,2026-03-16
TASK_08715,Fix login authentication bug,Testing,Medium,Emma,Completed,18,5,2026-07-05,2026-08-03
TASK_08716,Deploy application,DevOps,Low,Grace,Completed,4,2,2026-03-11,2026-03-13
TASK_08717,Add search functionality,Feature,Medium,Emma,On Hold,14,11,2026-06-23,2026-07-02
TASK_08718,Develop analytics dashboard,Frontend,Critical,Charlie,Pending,4,2,2026-05-21,2026-06-05
TASK_08719,Create REST API,Feature,Medium,Grace,On Hold,6,4,2026-07-04,2026-07-30
TASK_08720,Improve application performance,Security,Low,Emma,Pending,8,6,2026-06-21,2026-07-12
TASK_08721,Implement dark mode,Documentation,Low,Henry,In Progress,13,4,2026-03-03,2026-03-15
TASK_08722,Develop user profile page,Security,High,Henry,In Progress,12,4,2026-04-20,2026-05-12
TASK_08723,Fix login authentication bug,Backend,Medium,Henry,In Progress,20,4,2026-02-16,2026-03-12
TASK_08724,Develop analytics dashboard,Security,Low,Charlie,Completed,19,9,2026-03-19,2026-04-04
TASK_08725,Add search functionality,Bug,Medium,Emma,On Hold,9,8,2026-03-18,2026-04-01
TASK_08726,Refactor backend code,Database,Medium,Henry,On Hold,10,9,2026-05-01,2026-05-19
TASK_08727,Create REST API,UI/UX,High,Bob,On Hold,11,2,2026-05-27,2026-06-14
TASK_08728,Create REST API,Testing,Low,Henry,On Hold,6,2,2026-06-26,2026-06-28
TASK_08729,Create REST API,Bug,High,Henry,Completed,20,6,2026-04-11,2026-05-07
TASK_08730,Develop user profile page,Database,Low,Frank,Completed,7,6,2026-02-20,2026-03-10
TASK_08731,Add search functionality,Documentation,Low,Frank,On Hold,8,4,2026-07-23,2026-07-28
TASK_08732,Integrate email notifications,DevOps,Medium,Henry,In Progress,9,7,2026-06-26,2026-07-23
TASK_08733,Create reports module,DevOps,High,Henry,In Progress,1,0,2026-04-28,2026-05-28
TASK_08734,Improve application performance,Backend,Critical,Bob,On Hold,20,8,2026-06-15,2026-07-13
TASK_08735,Add search functionality,Feature,Low,Charlie,Pending,5,1,2026-05-30,2026-06-12
TASK_08736,Design dashboard UI,DevOps,High,Bob,In Progress,14,7,2026-03-12,2026-03-24
TASK_08737,Implement payment gateway,UI/UX,Critical,Bob,On Hold,3,0,2026-06-28,2026-07-13
TASK_08738,Refactor backend code,Testing,High,Henry,Completed,2,1,2026-06-06,2026-06-13
TASK_08739,Fix responsive layout,UI/UX,High,Charlie,On Hold,15,7,2026-07-09,2026-07-13
TASK_08740,Update project documentation,Testing,Medium,Charlie,Completed,18,11,2026-04-24,2026-04-29
TASK_08741,Deploy application,Testing,High,Alice,In Progress,10,6,2026-06-14,2026-07-08
TASK_08742,Design dashboard UI,Feature,Medium,Grace,Completed,3,2,2026-05-15,2026-05-21
TASK_08743,Optimize SQL queries,UI/UX,Medium,Emma,In Progress,9,0,2026-02-06,2026-03-07
TASK_08744,Develop analytics dashboard,Feature,High,Charlie,On Hold,11,9,2026-04-11,2026-04-27
TASK_08745,Implement dark mode,Frontend,Low,David,Pending,16,4,2026-07-15,2026-08-12
TASK_08746,Update project documentation,UI/UX,High,Emma,On Hold,11,4,2026-05-02,2026-05-13
TASK_08747,Design dashboard UI,Frontend,Low,Emma,On Hold,2,0,2026-07-13,2026-07-15
TASK_08748,Deploy application,Database,Low,Emma,On Hold,11,2,2026-05-17,2026-05-31
TASK_08749,Create reports module,Bug,Critical,Henry,In Progress,9,0,2026-06-26,2026-07-15
TASK_08750,Refactor backend code,Database,Medium,Charlie,Pending,18,17,2026-03-10,2026-03-12
TASK_08751,Fix login authentication bug,UI/UX,Critical,Bob,In Progress,15,9,2026-03-02,2026-03-10
TASK_08752,Implement payment gateway,UI/UX,High,Bob,Pending,13,3,2026-07-12,2026-07-23
TASK_08753,Optimize SQL queries,Bug,Medium,David,Pending,17,8,2026-02-17,2026-03-02
TASK_08754,Refactor backend code,Frontend,Medium,Frank,In Progress,20,15,2026-05-27,2026-06-25
TASK_08755,Integrate email notifications,Bug,Critical,David,Completed,19,15,2026-06-12,2026-06-29
TASK_08756,Implement chatbot,Security,High,Bob,On Hold,12,12,2026-04-19,2026-04-27
TASK_08757,Add search functionality,Frontend,Low,Alice,Completed,7,0,2026-04-21,2026-04-27
TASK_08758,Deploy application,Feature,High,Charlie,Pending,8,1,2026-05-13,2026-06-07
TASK_08759,Fix responsive layout,Database,Medium,Henry,In Progress,6,5,2026-01-29,2026-02-08
TASK_08760,Improve application performance,Security,Low,Grace,On Hold,12,3,2026-06-12,2026-07-09
TASK_08761,Refactor backend code,Bug,Low,Henry,Completed,19,7,2026-05-24,2026-05-26
TASK_08762,Add search functionality,Frontend,Critical,Henry,Completed,16,11,2026-06-11,2026-06-28
TASK_08763,Optimize SQL queries,Frontend,Critical,Charlie,Pending,15,0,2026-02-27,2026-03-24
TASK_08764,Optimize SQL queries,Security,Critical,David,Pending,2,0,2026-06-10,2026-07-04
TASK_08765,Write unit tests,Testing,Medium,Grace,On Hold,20,2,2026-04-13,2026-05-07
TASK_08766,Develop analytics dashboard,Testing,High,Frank,On Hold,10,8,2026-05-17,2026-05-25
TASK_08767,Create REST API,Feature,Low,Charlie,Pending,20,11,2026-04-26,2026-05-23
TASK_08768,Update project documentation,Feature,Critical,Bob,On Hold,16,15,2026-07-10,2026-07-26
TASK_08769,Deploy application,Database,Medium,Grace,On Hold,18,14,2026-04-06,2026-04-27
TASK_08770,Write unit tests,Feature,Low,Alice,On Hold,16,10,2026-07-22,2026-07-24
TASK_08771,Optimize SQL queries,Frontend,Low,Grace,Pending,10,3,2026-03-09,2026-03-27
TASK_08772,Improve application performance,Database,Medium,Charlie,In Progress,18,16,2026-03-07,2026-03-29
TASK_08773,Deploy application,Feature,Critical,Alice,Completed,9,2,2026-03-20,2026-04-06
TASK_08774,Configure CI/CD pipeline,Frontend,Critical,Alice,Pending,14,11,2026-04-02,2026-04-28
TASK_08775,Fix responsive layout,Testing,Low,Henry,In Progress,5,3,2026-05-28,2026-06-20
TASK_08776,Deploy application,Documentation,Critical,Bob,Pending,9,8,2026-07-06,2026-07-23
TASK_08777,Build admin panel,UI/UX,High,David,On Hold,9,6,2026-05-03,2026-05-30
TASK_08778,Develop analytics dashboard,Backend,Low,Henry,On Hold,12,10,2026-07-12,2026-07-18
TASK_08779,Fix responsive layout,UI/UX,Critical,Henry,Completed,19,1,2026-04-13,2026-05-06
TASK_08780,Develop analytics dashboard,UI/UX,Critical,David,In Progress,1,0,2026-07-15,2026-07-31
TASK_08781,Develop analytics dashboard,Database,Critical,Charlie,In Progress,16,3,2026-06-15,2026-06-27
TASK_08782,Fix login authentication bug,Testing,High,Alice,Completed,3,0,2026-02-02,2026-02-17
TASK_08783,Develop user profile page,UI/UX,Medium,Bob,In Progress,2,2,2026-03-11,2026-04-03
TASK_08784,Deploy application,Documentation,High,Bob,In Progress,5,3,2026-05-10,2026-05-29
TASK_08785,Add search functionality,UI/UX,Low,Grace,Pending,20,6,2026-06-10,2026-07-01
TASK_08786,Integrate email notifications,Security,Critical,David,Pending,4,0,2026-02-23,2026-03-24
TASK_08787,Develop analytics dashboard,UI/UX,High,Henry,On Hold,13,9,2026-06-22,2026-07-07
TASK_08788,Update project documentation,Frontend,Medium,Frank,In Progress,5,1,2026-07-19,2026-08-11
TASK_08789,Update project documentation,Feature,Low,Bob,Completed,11,1,2026-04-18,2026-05-02
TASK_08790,Improve application performance,Database,Critical,Alice,Pending,11,2,2026-07-15,2026-08-01
TASK_08791,Create reports module,Database,Medium,Emma,In Progress,19,0,2026-06-14,2026-07-04
TASK_08792,Improve application performance,Documentation,Low,Bob,Pending,18,10,2026-06-09,2026-06-30
TASK_08793,Add search functionality,Bug,Low,Frank,On Hold,12,6,2026-07-02,2026-07-21
TASK_08794,Develop analytics dashboard,Bug,Medium,Henry,Pending,13,10,2026-04-04,2026-04-12
TASK_08795,Implement chatbot,Bug,Medium,Frank,Completed,4,2,2026-01-31,2026-02-02
TASK_08796,Create reports module,Feature,Critical,Henry,Completed,14,6,2026-05-16,2026-05-26
TASK_08797,Implement dark mode,Frontend,Critical,Emma,In Progress,13,3,2026-04-18,2026-05-15
TASK_08798,Fix responsive layout,Database,Critical,Henry,Pending,1,1,2026-05-30,2026-06-12
TASK_08799,Build admin panel,UI/UX,Critical,Henry,Completed,14,8,2026-05-15,2026-05-21
TASK_08800,Develop user profile page,Backend,Low,Grace,In Progress,13,0,2026-02-12,2026-03-10
TASK_08801,Integrate email notifications,Feature,High,Henry,On Hold,13,0,2026-02-25,2026-03-07
TASK_08802,Update project documentation,DevOps,High,Frank,On Hold,19,15,2026-05-12,2026-05-15
TASK_08803,Implement payment gateway,Documentation,Low,Bob,In Progress,14,8,2026-05-22,2026-06-20
TASK_08804,Deploy application,DevOps,Low,Frank,Pending,8,4,2026-05-22,2026-05-28
TASK_08805,Develop analytics dashboard,Feature,Medium,Emma,In Progress,14,14,2026-04-24,2026-04-30
TASK_08806,Implement chatbot,Security,Medium,Charlie,On Hold,10,1,2026-02-16,2026-03-01
TASK_08807,Implement dark mode,Bug,Medium,Henry,Completed,9,8,2026-06-10,2026-06-16
TASK_08808,Implement payment gateway,Feature,Medium,Emma,In Progress,5,3,2026-06-04,2026-06-11
TASK_08809,Create REST API,Security,Critical,David,Pending,10,1,2026-04-05,2026-04-13
TASK_08810,Implement dark mode,Security,Critical,Grace,Completed,1,1,2026-04-08,2026-05-03
TASK_08811,Write unit tests,Testing,Critical,Grace,Completed,2,0,2026-06-11,2026-06-19
TASK_08812,Optimize SQL queries,Feature,Medium,Bob,In Progress,14,8,2026-05-05,2026-06-01
TASK_08813,Build admin panel,Testing,Medium,Henry,In Progress,4,3,2026-07-18,2026-08-03
TASK_08814,Deploy application,Bug,Critical,Emma,On Hold,12,3,2026-07-26,2026-08-16
TASK_08815,Configure CI/CD pipeline,Testing,Low,Frank,In Progress,16,9,2026-06-01,2026-06-08
TASK_08816,Fix login authentication bug,UI/UX,High,Henry,In Progress,20,20,2026-05-24,2026-06-21
TASK_08817,Refactor backend code,Bug,Low,Bob,In Progress,19,14,2026-07-22,2026-07-26
TASK_08818,Create REST API,Bug,Medium,Charlie,Pending,19,4,2026-07-05,2026-07-27
TASK_08819,Integrate email notifications,UI/UX,Low,Frank,Pending,10,2,2026-05-12,2026-05-17
TASK_08820,Optimize SQL queries,Testing,Low,Henry,In Progress,19,10,2026-02-25,2026-03-01
TASK_08821,Refactor backend code,DevOps,Low,Emma,In Progress,6,0,2026-05-18,2026-05-30
TASK_08822,Fix login authentication bug,Testing,Critical,Alice,Pending,16,7,2026-06-25,2026-07-05
TASK_08823,Optimize SQL queries,Database,Critical,Henry,Completed,15,6,2026-07-08,2026-07-17
TASK_08824,Develop analytics dashboard,Backend,Medium,Alice,Pending,10,10,2026-06-16,2026-06-22
TASK_08825,Deploy application,Documentation,High,Charlie,On Hold,20,10,2026-01-28,2026-02-24
TASK_08826,Fix login authentication bug,Frontend,Medium,Bob,Completed,20,4,2026-03-16,2026-03-25
TASK_08827,Improve application performance,Backend,High,Grace,Completed,10,8,2026-06-07,2026-06-10
TASK_08828,Implement chatbot,Backend,High,Henry,In Progress,6,1,2026-02-27,2026-03-25
TASK_08829,Implement chatbot,Frontend,High,Grace,Pending,13,7,2026-06-30,2026-07-10
TASK_08830,Integrate email notifications,Feature,High,David,Completed,13,3,2026-02-20,2026-03-01
TASK_08831,Design dashboard UI,Backend,Low,Alice,On Hold,4,4,2026-06-27,2026-07-09
TASK_08832,Implement chatbot,Frontend,Medium,David,Completed,10,9,2026-04-24,2026-04-29
TASK_08833,Create reports module,Security,High,Emma,In Progress,14,13,2026-07-01,2026-07-26
TASK_08834,Develop analytics dashboard,Backend,Medium,Bob,On Hold,9,0,2026-05-07,2026-05-22
TASK_08835,Implement chatbot,Frontend,Medium,Alice,Completed,20,6,2026-05-03,2026-05-08
TASK_08836,Refactor backend code,Documentation,Medium,Emma,In Progress,14,11,2026-02-20,2026-03-18
TASK_08837,Optimize SQL queries,Feature,Low,Bob,Completed,1,1,2026-02-07,2026-02-26
TASK_08838,Develop analytics dashboard,Database,Critical,Henry,Pending,12,1,2026-07-03,2026-07-14
TASK_08839,Refactor backend code,Frontend,High,Emma,In Progress,15,3,2026-06-25,2026-06-30
TASK_08840,Configure CI/CD pipeline,Frontend,High,Frank,Completed,5,4,2026-07-04,2026-07-20
TASK_08841,Fix login authentication bug,Documentation,Low,Emma,In Progress,12,3,2026-02-14,2026-03-14
TASK_08842,Create reports module,Feature,Critical,Bob,In Progress,1,0,2026-02-03,2026-02-13
TASK_08843,Build admin panel,Frontend,Critical,David,In Progress,2,2,2026-02-14,2026-02-23
TASK_08844,Implement payment gateway,Security,Low,Emma,In Progress,8,5,2026-07-02,2026-07-20
TASK_08845,Design dashboard UI,Testing,High,Charlie,Pending,18,13,2026-05-18,2026-06-09
TASK_08846,Create reports module,Security,Low,Emma,Completed,17,9,2026-02-13,2026-03-13
TASK_08847,Update project documentation,Frontend,Medium,Henry,Pending,8,0,2026-04-24,2026-05-19
TASK_08848,Refactor backend code,Feature,Low,Frank,Completed,9,7,2026-07-08,2026-08-03
TASK_08849,Implement dark mode,Testing,High,David,On Hold,17,17,2026-02-14,2026-03-16
TASK_08850,Configure CI/CD pipeline,Database,Critical,Grace,On Hold,13,9,2026-02-24,2026-03-03
TASK_08851,Write unit tests,Feature,Medium,Henry,In Progress,20,8,2026-02-21,2026-03-17
TASK_08852,Implement chatbot,Documentation,Medium,David,On Hold,3,0,2026-04-04,2026-04-22
TASK_08853,Develop analytics dashboard,UI/UX,Critical,Bob,Completed,2,0,2026-03-02,2026-03-05
TASK_08854,Implement payment gateway,Bug,Low,Charlie,On Hold,7,2,2026-05-08,2026-05-29
TASK_08855,Implement chatbot,DevOps,Medium,David,Completed,3,2,2026-05-20,2026-06-04
TASK_08856,Develop user profile page,Security,Medium,Charlie,On Hold,18,8,2026-04-17,2026-04-22
TASK_08857,Fix responsive layout,Documentation,High,Henry,Pending,15,1,2026-04-03,2026-04-06
TASK_08858,Fix login authentication bug,Frontend,Critical,Frank,Pending,18,13,2026-06-20,2026-07-18
TASK_08859,Implement dark mode,UI/UX,Low,Emma,Completed,16,5,2026-07-03,2026-07-20
TASK_08860,Write unit tests,UI/UX,Critical,Henry,In Progress,20,19,2026-02-03,2026-03-05
TASK_08861,Create reports module,DevOps,Medium,David,Completed,18,2,2026-03-08,2026-03-28
TASK_08862,Create reports module,Security,Medium,Charlie,Completed,18,3,2026-02-24,2026-03-04
TASK_08863,Build admin panel,Feature,Medium,Henry,On Hold,15,3,2026-07-12,2026-08-08
TASK_08864,Refactor backend code,Documentation,Medium,Charlie,Completed,3,3,2026-03-22,2026-03-27
TASK_08865,Refactor backend code,Testing,Critical,David,In Progress,6,5,2026-02-13,2026-02-18
TASK_08866,Fix responsive layout,Database,Critical,Frank,On Hold,14,3,2026-04-12,2026-04-18
TASK_08867,Configure CI/CD pipeline,Bug,Low,Bob,Pending,16,5,2026-02-18,2026-02-27
TASK_08868,Develop analytics dashboard,DevOps,Critical,Grace,Pending,6,2,2026-02-18,2026-03-06
TASK_08869,Integrate email notifications,DevOps,Low,David,Pending,5,0,2026-05-11,2026-05-24
TASK_08870,Refactor backend code,Frontend,Medium,Henry,On Hold,7,0,2026-04-23,2026-05-11
TASK_08871,Create reports module,Security,Low,Henry,Completed,7,3,2026-04-08,2026-05-07
TASK_08872,Refactor backend code,Bug,High,David,Pending,5,5,2026-03-02,2026-03-04
TASK_08873,Create reports module,Frontend,Low,Henry,On Hold,12,1,2026-04-07,2026-05-06
TASK_08874,Design dashboard UI,Feature,Medium,Emma,In Progress,18,3,2026-04-05,2026-04-16
TASK_08875,Develop user profile page,Testing,Medium,Bob,Completed,8,1,2026-05-25,2026-06-07
TASK_08876,Add search functionality,Frontend,Low,Alice,Completed,9,2,2026-03-14,2026-03-21
TASK_08877,Configure CI/CD pipeline,Bug,Medium,Henry,On Hold,10,2,2026-06-01,2026-06-27
TASK_08878,Implement chatbot,DevOps,High,Henry,Completed,5,4,2026-03-17,2026-03-23
TASK_08879,Integrate email notifications,Database,Low,Frank,In Progress,9,1,2026-07-16,2026-07-21
TASK_08880,Build admin panel,Frontend,Low,David,Completed,1,0,2026-07-14,2026-07-16
TASK_08881,Create reports module,DevOps,Critical,Emma,Completed,14,4,2026-05-26,2026-05-28
TASK_08882,Write unit tests,Database,Low,Frank,In Progress,13,13,2026-07-22,2026-08-19
TASK_08883,Optimize SQL queries,UI/UX,Low,David,Completed,14,14,2026-03-01,2026-03-11
TASK_08884,Develop user profile page,Documentation,High,Grace,Pending,11,1,2026-07-18,2026-07-21
TASK_08885,Deploy application,Security,Low,David,Completed,3,3,2026-03-15,2026-03-27
TASK_08886,Create reports module,Feature,Medium,Charlie,On Hold,10,5,2026-07-11,2026-08-02
TASK_08887,Deploy application,Security,High,Alice,Completed,3,2,2026-05-31,2026-06-11
TASK_08888,Deploy application,Feature,Medium,Grace,In Progress,10,9,2026-03-30,2026-04-18
TASK_08889,Implement payment gateway,Database,High,Alice,On Hold,14,6,2026-07-18,2026-07-30
TASK_08890,Refactor backend code,Frontend,Medium,Frank,Completed,4,2,2026-07-02,2026-07-22
TASK_08891,Integrate email notifications,Documentation,Low,Bob,Completed,13,6,2026-03-19,2026-04-01
TASK_08892,Improve application performance,Security,Critical,Alice,Pending,5,3,2026-07-21,2026-07-25
TASK_08893,Create REST API,Bug,Critical,Charlie,Completed,1,1,2026-06-05,2026-06-09
TASK_08894,Optimize SQL queries,Security,Critical,Henry,On Hold,12,6,2026-04-18,2026-04-23
TASK_08895,Implement dark mode,Documentation,Medium,Emma,Pending,4,4,2026-07-13,2026-07-16
TASK_08896,Deploy application,Documentation,Medium,Frank,On Hold,11,0,2026-03-15,2026-03-26
TASK_08897,Implement payment gateway,UI/UX,Medium,Alice,On Hold,18,14,2026-06-19,2026-06-23
TASK_08898,Create REST API,Documentation,Medium,Alice,Pending,18,0,2026-05-17,2026-06-13
TASK_08899,Develop user profile page,Testing,Medium,Frank,Completed,17,9,2026-02-04,2026-02-25
TASK_08900,Write unit tests,Frontend,High,Frank,In Progress,5,2,2026-05-23,2026-05-29
TASK_08901,Optimize SQL queries,Testing,High,Henry,In Progress,7,4,2026-06-23,2026-07-08
TASK_08902,Optimize SQL queries,Feature,High,Alice,In Progress,14,1,2026-04-02,2026-04-17
TASK_08903,Fix responsive layout,Database,Low,Grace,On Hold,6,4,2026-03-21,2026-03-25
TASK_08904,Write unit tests,UI/UX,Medium,Bob,On Hold,6,4,2026-05-22,2026-05-27
TASK_08905,Develop analytics dashboard,Bug,Medium,David,Pending,11,11,2026-06-03,2026-06-28
TASK_08906,Integrate email notifications,Backend,Low,Emma,In Progress,2,2,2026-06-17,2026-07-16
TASK_08907,Create REST API,Testing,Medium,Henry,Pending,6,0,2026-05-01,2026-05-15
TASK_08908,Create reports module,Database,Medium,Emma,Completed,18,12,2026-07-12,2026-07-22
TASK_08909,Fix responsive layout,Feature,High,Charlie,Pending,11,3,2026-03-29,2026-04-10
TASK_08910,Implement dark mode,Backend,Low,Alice,Pending,4,3,2026-03-12,2026-04-02
TASK_08911,Configure CI/CD pipeline,Frontend,Medium,Emma,On Hold,1,0,2026-07-19,2026-08-08
TASK_08912,Fix responsive layout,Documentation,Medium,Henry,On Hold,8,1,2026-05-26,2026-06-17
TASK_08913,Add search functionality,Documentation,Low,Emma,On Hold,15,4,2026-06-04,2026-06-24
TASK_08914,Fix login authentication bug,Backend,Low,Emma,Pending,9,6,2026-07-21,2026-08-12
TASK_08915,Develop user profile page,Database,Medium,Emma,Pending,8,8,2026-02-19,2026-02-27
TASK_08916,Update project documentation,UI/UX,Low,Emma,Pending,13,6,2026-03-18,2026-03-31
TASK_08917,Develop analytics dashboard,Documentation,Medium,Frank,In Progress,13,2,2026-05-24,2026-06-08
TASK_08918,Deploy application,Frontend,High,Frank,On Hold,3,3,2026-05-14,2026-05-24
TASK_08919,Develop analytics dashboard,DevOps,High,Henry,Completed,11,5,2026-03-27,2026-04-25
TASK_08920,Implement payment gateway,Bug,Critical,Grace,On Hold,17,13,2026-03-25,2026-03-30
TASK_08921,Implement payment gateway,UI/UX,Medium,Bob,On Hold,17,3,2026-07-16,2026-07-24
TASK_08922,Implement chatbot,Database,Critical,Bob,Pending,17,9,2026-07-04,2026-07-25
TASK_08923,Implement dark mode,Backend,Medium,David,In Progress,16,7,2026-05-15,2026-06-04
TASK_08924,Create reports module,Bug,Medium,Frank,On Hold,5,2,2026-05-05,2026-05-29
TASK_08925,Create REST API,Frontend,Critical,Emma,In Progress,3,3,2026-07-16,2026-08-11
TASK_08926,Write unit tests,Documentation,High,Charlie,On Hold,9,9,2026-06-14,2026-07-11
TASK_08927,Update project documentation,UI/UX,High,Charlie,Completed,15,11,2026-06-07,2026-06-19
TASK_08928,Implement chatbot,DevOps,Low,Bob,Pending,18,6,2026-06-16,2026-07-05
TASK_08929,Improve application performance,Frontend,High,David,In Progress,12,8,2026-05-11,2026-06-05
TASK_08930,Build admin panel,Frontend,Critical,Alice,Pending,18,5,2026-03-14,2026-03-25
TASK_08931,Implement payment gateway,Feature,Medium,Grace,On Hold,15,1,2026-05-26,2026-06-04
TASK_08932,Configure CI/CD pipeline,Database,High,Bob,In Progress,6,4,2026-02-04,2026-02-19
TASK_08933,Improve application performance,DevOps,Low,Henry,Pending,18,4,2026-04-04,2026-04-19
TASK_08934,Integrate email notifications,DevOps,Low,Emma,Pending,19,1,2026-02-02,2026-02-16
TASK_08935,Develop analytics dashboard,DevOps,High,Alice,On Hold,3,1,2026-04-17,2026-04-28
TASK_08936,Write unit tests,Testing,High,Frank,Completed,1,0,2026-05-31,2026-06-25
TASK_08937,Refactor backend code,Testing,High,Alice,On Hold,11,6,2026-06-09,2026-06-27
TASK_08938,Optimize SQL queries,Testing,High,Grace,Pending,12,2,2026-06-10,2026-06-20
TASK_08939,Implement dark mode,Bug,Low,Henry,On Hold,16,1,2026-05-20,2026-05-30
TASK_08940,Implement dark mode,DevOps,High,David,Pending,18,10,2026-06-05,2026-07-02
TASK_08941,Fix responsive layout,Documentation,High,Alice,In Progress,7,4,2026-04-05,2026-04-07
TASK_08942,Implement dark mode,DevOps,High,Grace,In Progress,17,15,2026-04-03,2026-04-15
TASK_08943,Design dashboard UI,Database,High,Frank,In Progress,19,14,2026-02-22,2026-03-03
TASK_08944,Deploy application,Backend,Medium,Frank,Pending,12,4,2026-06-28,2026-07-06
TASK_08945,Implement payment gateway,Feature,High,Bob,Pending,8,8,2026-03-28,2026-04-12
TASK_08946,Fix login authentication bug,Feature,High,Bob,Completed,9,9,2026-05-04,2026-06-01
TASK_08947,Optimize SQL queries,Documentation,Medium,Charlie,In Progress,9,9,2026-02-11,2026-03-12
TASK_08948,Fix responsive layout,Database,High,Bob,In Progress,4,4,2026-04-04,2026-05-02
TASK_08949,Create reports module,Documentation,High,Charlie,Pending,13,11,2026-05-24,2026-06-23
TASK_08950,Fix login authentication bug,Bug,Medium,Grace,Pending,6,0,2026-05-26,2026-06-21
TASK_08951,Implement payment gateway,DevOps,Low,Alice,Pending,14,10,2026-06-16,2026-06-23
TASK_08952,Implement chatbot,Documentation,Medium,Grace,Pending,12,11,2026-05-13,2026-06-03
TASK_08953,Deploy application,Feature,Low,Alice,Pending,12,4,2026-06-22,2026-07-17
TASK_08954,Deploy application,Frontend,High,Grace,On Hold,5,0,2026-07-23,2026-08-08
TASK_08955,Implement dark mode,Testing,Critical,Charlie,On Hold,1,0,2026-06-22,2026-07-09
TASK_08956,Configure CI/CD pipeline,Feature,Critical,Alice,Pending,15,5,2026-07-11,2026-08-02
TASK_08957,Deploy application,Security,Critical,Emma,On Hold,17,15,2026-05-06,2026-05-26
TASK_08958,Implement chatbot,Frontend,Critical,Bob,In Progress,10,5,2026-07-15,2026-07-29
TASK_08959,Develop user profile page,Database,Critical,Charlie,On Hold,14,3,2026-07-08,2026-07-25
TASK_08960,Refactor backend code,Bug,High,Grace,On Hold,19,19,2026-06-16,2026-06-28
TASK_08961,Update project documentation,Bug,High,Henry,On Hold,14,9,2026-03-30,2026-04-10
TASK_08962,Implement chatbot,Backend,Critical,Alice,On Hold,4,0,2026-03-07,2026-03-12
TASK_08963,Implement chatbot,DevOps,Medium,Emma,On Hold,6,1,2026-05-19,2026-05-27
TASK_08964,Write unit tests,Security,High,Grace,Pending,7,7,2026-03-24,2026-04-21
TASK_08965,Implement dark mode,Testing,Low,Henry,In Progress,14,7,2026-02-05,2026-02-19
TASK_08966,Refactor backend code,Backend,Medium,Charlie,Pending,16,13,2026-02-17,2026-03-15
TASK_08967,Design dashboard UI,Security,Low,Henry,In Progress,18,12,2026-03-02,2026-03-31
TASK_08968,Implement payment gateway,Documentation,Medium,Emma,In Progress,7,0,2026-07-24,2026-08-13
TASK_08969,Fix login authentication bug,Feature,Medium,Alice,In Progress,9,4,2026-04-24,2026-05-20
TASK_08970,Design dashboard UI,Feature,Medium,Charlie,On Hold,4,1,2026-05-26,2026-05-31
TASK_08971,Fix login authentication bug,UI/UX,High,Alice,On Hold,4,3,2026-05-31,2026-06-07
TASK_08972,Deploy application,Bug,High,Alice,Pending,11,1,2026-04-29,2026-05-14
TASK_08973,Update project documentation,DevOps,Critical,Alice,Completed,6,1,2026-03-16,2026-04-06
TASK_08974,Configure CI/CD pipeline,Frontend,High,Alice,Pending,4,2,2026-05-20,2026-05-27
TASK_08975,Implement dark mode,DevOps,Medium,Charlie,On Hold,4,2,2026-03-07,2026-03-16
TASK_08976,Fix login authentication bug,Database,Medium,Bob,Completed,6,3,2026-06-29,2026-07-07
TASK_08977,Fix login authentication bug,DevOps,Low,Henry,Pending,3,1,2026-02-10,2026-02-15
TASK_08978,Develop user profile page,Security,Low,Alice,In Progress,8,3,2026-04-26,2026-05-19
TASK_08979,Add search functionality,Testing,High,Charlie,On Hold,16,5,2026-05-31,2026-06-09
TASK_08980,Develop analytics dashboard,Backend,Low,Alice,Pending,6,2,2026-02-20,2026-03-02
TASK_08981,Fix responsive layout,Testing,Medium,Henry,Pending,8,2,2026-05-26,2026-06-16
TASK_08982,Create reports module,Bug,Critical,Grace,Completed,14,2,2026-03-29,2026-04-02
TASK_08983,Implement payment gateway,UI/UX,Medium,Alice,Completed,9,7,2026-03-12,2026-03-27
TASK_08984,Improve application performance,Database,High,Henry,In Progress,3,0,2026-05-18,2026-06-11
TASK_08985,Refactor backend code,Bug,Low,Grace,Completed,16,3,2026-02-16,2026-03-12
TASK_08986,Optimize SQL queries,DevOps,Critical,Alice,In Progress,8,5,2026-04-13,2026-04-19
TASK_08987,Fix login authentication bug,Testing,Critical,Alice,In Progress,15,8,2026-02-09,2026-02-27
TASK_08988,Deploy application,Documentation,Critical,Frank,Completed,9,9,2026-06-10,2026-06-19
TASK_08989,Design dashboard UI,Backend,Medium,Charlie,Completed,15,6,2026-05-11,2026-05-24
TASK_08990,Develop analytics dashboard,Security,Medium,Henry,Pending,19,1,2026-07-03,2026-07-23
TASK_08991,Create REST API,Documentation,Low,Emma,Pending,12,11,2026-06-09,2026-06-17
TASK_08992,Develop analytics dashboard,Testing,Critical,Frank,Pending,3,2,2026-02-14,2026-02-26
TASK_08993,Integrate email notifications,DevOps,Medium,Emma,On Hold,5,2,2026-05-05,2026-05-27
TASK_08994,Build admin panel,Database,High,Bob,Completed,20,8,2026-06-02,2026-06-09
TASK_08995,Update project documentation,Documentation,Critical,Charlie,Completed,14,4,2026-06-05,2026-06-14
TASK_08996,Develop analytics dashboard,Frontend,Low,Grace,Completed,19,2,2026-07-25,2026-08-11
TASK_08997,Fix login authentication bug,Backend,Low,Frank,Pending,10,8,2026-06-16,2026-06-23
TASK_08998,Create reports module,Testing,Critical,Grace,In Progress,7,2,2026-05-30,2026-06-21
TASK_08999,Integrate email notifications,UI/UX,Medium,Grace,In Progress,2,0,2026-03-07,2026-03-30
TASK_09000,Integrate email notifications,Frontend,Critical,David,Completed,19,9,2026-03-12,2026-03-28
TASK_09001,Build admin panel,Testing,High,Emma,On Hold,14,10,2026-04-16,2026-04-20
TASK_09002,Create REST API,Database,Low,Charlie,Completed,6,4,2026-02-13,2026-02-15
TASK_09003,Integrate email notifications,Security,High,Grace,Pending,19,6,2026-04-09,2026-05-03
TASK_09004,Build admin panel,Backend,Medium,David,In Progress,10,5,2026-05-15,2026-05-30
TASK_09005,Improve application performance,Security,Low,Bob,On Hold,16,5,2026-06-22,2026-06-29
TASK_09006,Create REST API,UI/UX,Low,Emma,On Hold,5,1,2026-03-02,2026-03-26
TASK_09007,Fix login authentication bug,DevOps,Critical,David,In Progress,20,12,2026-02-08,2026-02-25
TASK_09008,Implement dark mode,DevOps,Low,Henry,In Progress,5,2,2026-04-13,2026-05-12
TASK_09009,Update project documentation,Documentation,Critical,Frank,Completed,8,5,2026-07-16,2026-08-08
TASK_09010,Implement chatbot,Feature,High,David,In Progress,2,1,2026-07-22,2026-08-15
TASK_09011,Design dashboard UI,Security,Medium,Grace,Pending,19,17,2026-02-21,2026-03-07
TASK_09012,Implement dark mode,Documentation,Critical,Henry,On Hold,14,6,2026-03-24,2026-04-13
TASK_09013,Update project documentation,Bug,Low,Alice,In Progress,12,1,2026-02-28,2026-03-17
TASK_09014,Develop analytics dashboard,Documentation,Medium,Bob,Completed,19,12,2026-07-20,2026-08-13
TASK_09015,Develop analytics dashboard,Bug,Critical,Alice,Pending,11,6,2026-06-07,2026-07-05
TASK_09016,Implement dark mode,Feature,Medium,Emma,Pending,7,1,2026-03-19,2026-03-28
TASK_09017,Fix login authentication bug,Security,Critical,Charlie,On Hold,15,8,2026-03-26,2026-04-23
TASK_09018,Write unit tests,Backend,High,Grace,Pending,1,1,2026-07-12,2026-07-22
TASK_09019,Implement dark mode,UI/UX,High,Emma,On Hold,4,4,2026-05-04,2026-05-07
TASK_09020,Integrate email notifications,Documentation,High,Frank,In Progress,6,4,2026-03-12,2026-03-29
TASK_09021,Update project documentation,Database,Low,Henry,Pending,4,1,2026-03-31,2026-04-26
TASK_09022,Update project documentation,Security,Medium,Charlie,On Hold,1,0,2026-03-31,2026-04-19
TASK_09023,Add search functionality,DevOps,Critical,Charlie,Pending,17,9,2026-02-17,2026-03-16
TASK_09024,Improve application performance,Database,Critical,Henry,In Progress,20,11,2026-05-01,2026-05-15
TASK_09025,Develop user profile page,Bug,Medium,David,Completed,15,5,2026-06-02,2026-06-11
TASK_09026,Design dashboard UI,Database,High,David,In Progress,19,13,2026-07-23,2026-08-18
TASK_09027,Create reports module,Database,High,Grace,Completed,16,4,2026-02-09,2026-02-28
TASK_09028,Update project documentation,Security,Medium,David,Pending,3,1,2026-05-19,2026-06-11
TASK_09029,Implement payment gateway,DevOps,Medium,Alice,Pending,11,3,2026-07-07,2026-07-21
TASK_09030,Implement dark mode,Backend,Critical,Frank,Completed,15,8,2026-04-26,2026-05-13
TASK_09031,Design dashboard UI,Security,Low,Alice,Pending,10,7,2026-02-26,2026-03-10
TASK_09032,Design dashboard UI,Database,High,Bob,On Hold,14,1,2026-04-11,2026-05-06
TASK_09033,Integrate email notifications,Feature,Medium,Henry,On Hold,13,12,2026-02-25,2026-03-25
TASK_09034,Develop analytics dashboard,Security,Low,Emma,Pending,4,0,2026-02-09,2026-02-23
TASK_09035,Design dashboard UI,Database,High,Henry,Pending,13,2,2026-03-24,2026-03-31
TASK_09036,Implement chatbot,Security,Critical,Alice,Pending,1,1,2026-07-20,2026-08-06
TASK_09037,Develop analytics dashboard,Frontend,High,Alice,Pending,3,1,2026-04-13,2026-05-12
TASK_09038,Refactor backend code,Backend,Critical,Emma,On Hold,11,7,2026-04-01,2026-04-23
TASK_09039,Write unit tests,Testing,Low,Alice,In Progress,12,12,2026-04-10,2026-04-30
TASK_09040,Fix responsive layout,DevOps,Critical,Grace,Completed,6,5,2026-06-06,2026-06-21
TASK_09041,Configure CI/CD pipeline,DevOps,Critical,Henry,On Hold,18,12,2026-07-09,2026-08-04
TASK_09042,Develop analytics dashboard,Backend,Medium,David,On Hold,19,10,2026-06-23,2026-07-05
TASK_09043,Improve application performance,Feature,High,Alice,Completed,19,11,2026-06-19,2026-06-26
TASK_09044,Deploy application,Frontend,High,David,On Hold,19,3,2026-05-31,2026-06-24
TASK_09045,Write unit tests,Security,Medium,Grace,On Hold,5,3,2026-06-29,2026-07-14
TASK_09046,Build admin panel,Documentation,Medium,Emma,Pending,7,3,2026-07-04,2026-07-12
TASK_09047,Integrate email notifications,DevOps,Medium,David,On Hold,2,1,2026-05-23,2026-06-20
TASK_09048,Fix responsive layout,Frontend,Low,David,Completed,12,7,2026-05-19,2026-06-09
TASK_09049,Update project documentation,Frontend,Medium,Grace,Pending,12,11,2026-02-27,2026-03-08
TASK_09050,Implement chatbot,UI/UX,Medium,Charlie,Pending,16,15,2026-06-09,2026-06-14
TASK_09051,Improve application performance,Security,Low,Henry,In Progress,18,16,2026-03-24,2026-03-29
TASK_09052,Fix responsive layout,DevOps,Critical,Henry,Pending,16,7,2026-02-26,2026-03-08
TASK_09053,Design dashboard UI,Security,Critical,Frank,Pending,3,0,2026-03-31,2026-04-26
TASK_09054,Deploy application,Frontend,Critical,Emma,In Progress,15,7,2026-05-10,2026-05-27
TASK_09055,Implement payment gateway,Database,Low,Charlie,Completed,9,6,2026-04-29,2026-05-07
TASK_09056,Update project documentation,Bug,Critical,Alice,Completed,18,15,2026-06-20,2026-07-12
TASK_09057,Add search functionality,Bug,Medium,Bob,Pending,8,7,2026-07-09,2026-07-21
TASK_09058,Create reports module,DevOps,High,David,In Progress,15,5,2026-07-24,2026-08-23
TASK_09059,Configure CI/CD pipeline,Documentation,Medium,Frank,Pending,10,7,2026-04-23,2026-05-08
TASK_09060,Fix login authentication bug,Backend,High,Henry,Completed,16,5,2026-03-02,2026-03-05
TASK_09061,Implement payment gateway,Security,Critical,Alice,In Progress,9,5,2026-01-31,2026-02-09
TASK_09062,Develop user profile page,Database,Medium,Charlie,Pending,14,7,2026-06-04,2026-06-20
TASK_09063,Create REST API,Testing,High,David,Completed,6,5,2026-05-25,2026-05-28
TASK_09064,Design dashboard UI,Database,Low,Emma,On Hold,12,7,2026-02-17,2026-02-23
TASK_09065,Build admin panel,Security,High,Grace,In Progress,2,2,2026-05-22,2026-05-31
TASK_09066,Develop user profile page,DevOps,Medium,Grace,In Progress,12,6,2026-02-06,2026-03-01
TASK_09067,Fix responsive layout,DevOps,Critical,David,Pending,6,6,2026-02-07,2026-03-03
TASK_09068,Implement payment gateway,Frontend,High,David,Pending,13,6,2026-05-09,2026-05-21
TASK_09069,Implement dark mode,Documentation,Low,Charlie,On Hold,20,6,2026-02-17,2026-03-19
TASK_09070,Integrate email notifications,UI/UX,High,Frank,Pending,5,5,2026-06-20,2026-07-11
TASK_09071,Implement payment gateway,Documentation,Critical,Henry,On Hold,15,11,2026-04-19,2026-04-29
TASK_09072,Design dashboard UI,Testing,Medium,Frank,Completed,18,17,2026-07-25,2026-08-21
TASK_09073,Configure CI/CD pipeline,Backend,Medium,Alice,On Hold,12,12,2026-05-15,2026-06-11
TASK_09074,Fix responsive layout,Documentation,Medium,Emma,In Progress,19,6,2026-03-12,2026-03-22
TASK_09075,Fix responsive layout,Bug,Medium,Grace,On Hold,20,4,2026-07-24,2026-08-01
TASK_09076,Optimize SQL queries,Documentation,Medium,David,Pending,14,7,2026-04-30,2026-05-13
TASK_09077,Update project documentation,UI/UX,High,David,Completed,14,0,2026-03-24,2026-04-08
TASK_09078,Design dashboard UI,Database,High,Emma,Completed,7,4,2026-02-16,2026-03-06
TASK_09079,Integrate email notifications,Security,Low,David,Completed,3,3,2026-07-20,2026-07-29
TASK_09080,Implement dark mode,Documentation,High,Emma,In Progress,15,5,2026-04-10,2026-04-29
TASK_09081,Implement chatbot,Backend,High,Charlie,In Progress,4,4,2026-06-02,2026-06-05
TASK_09082,Create reports module,Feature,Critical,David,Completed,7,0,2026-07-22,2026-07-25
TASK_09083,Implement dark mode,Documentation,Medium,Emma,Completed,6,1,2026-04-23,2026-04-28
TASK_09084,Design dashboard UI,Testing,Medium,Grace,Pending,18,8,2026-07-21,2026-07-30
TASK_09085,Refactor backend code,DevOps,Medium,David,Pending,18,5,2026-05-18,2026-06-09
TASK_09086,Optimize SQL queries,Backend,Low,Alice,Pending,15,3,2026-07-20,2026-07-27
TASK_09087,Deploy application,Backend,High,Bob,Pending,10,10,2026-06-04,2026-07-04
TASK_09088,Develop user profile page,Database,High,Emma,Completed,19,13,2026-05-22,2026-06-10
TASK_09089,Implement payment gateway,Feature,Low,Emma,Completed,11,9,2026-05-02,2026-05-11
TASK_09090,Build admin panel,UI/UX,High,David,Pending,14,10,2026-05-17,2026-05-30
TASK_09091,Refactor backend code,Frontend,Critical,Frank,Pending,3,2,2026-06-20,2026-07-18
TASK_09092,Build admin panel,DevOps,Critical,Grace,On Hold,19,4,2026-05-13,2026-05-23
TASK_09093,Integrate email notifications,UI/UX,Critical,Charlie,Pending,10,5,2026-03-09,2026-03-22
TASK_09094,Build admin panel,Backend,High,Emma,In Progress,18,1,2026-05-01,2026-05-14
TASK_09095,Design dashboard UI,Documentation,Critical,Alice,In Progress,14,11,2026-03-10,2026-03-16
TASK_09096,Create reports module,Database,Medium,David,In Progress,6,6,2026-07-10,2026-07-23
TASK_09097,Create REST API,DevOps,Medium,Charlie,In Progress,12,0,2026-06-15,2026-06-29
TASK_09098,Refactor backend code,UI/UX,Critical,Bob,In Progress,1,0,2026-04-19,2026-04-25
TASK_09099,Improve application performance,DevOps,Medium,Henry,On Hold,8,6,2026-01-31,2026-02-23
TASK_09100,Write unit tests,Documentation,High,David,On Hold,10,9,2026-07-21,2026-08-15
TASK_09101,Update project documentation,Documentation,Medium,Alice,On Hold,16,0,2026-05-08,2026-06-04
TASK_09102,Write unit tests,Frontend,Low,Emma,On Hold,14,12,2026-06-08,2026-07-04
TASK_09103,Implement dark mode,UI/UX,Critical,Bob,In Progress,11,5,2026-06-30,2026-07-06
TASK_09104,Design dashboard UI,Testing,Low,Alice,Pending,18,4,2026-07-23,2026-07-31
TASK_09105,Add search functionality,Security,Critical,Grace,Pending,14,7,2026-01-29,2026-02-27
TASK_09106,Improve application performance,Documentation,Low,Henry,In Progress,7,1,2026-04-20,2026-05-12
TASK_09107,Fix responsive layout,Testing,Low,Bob,On Hold,20,12,2026-07-12,2026-08-06
TASK_09108,Create reports module,Backend,Low,Henry,Completed,1,1,2026-06-11,2026-07-04
TASK_09109,Fix responsive layout,Security,Low,Grace,Pending,20,16,2026-07-14,2026-08-01
TASK_09110,Optimize SQL queries,UI/UX,Low,Bob,Pending,5,4,2026-02-24,2026-03-07
TASK_09111,Configure CI/CD pipeline,Backend,High,Alice,On Hold,9,8,2026-02-21,2026-03-08
TASK_09112,Fix login authentication bug,Frontend,Critical,Henry,On Hold,10,4,2026-03-21,2026-04-13
TASK_09113,Refactor backend code,UI/UX,Critical,Frank,Completed,1,0,2026-06-21,2026-07-17
TASK_09114,Fix responsive layout,Testing,Critical,David,Completed,3,3,2026-03-07,2026-04-05
TASK_09115,Add search functionality,Bug,Low,Henry,In Progress,20,3,2026-05-29,2026-06-08
TASK_09116,Optimize SQL queries,Frontend,Low,Bob,On Hold,15,2,2026-02-05,2026-02-20
TASK_09117,Build admin panel,Frontend,Critical,Bob,In Progress,10,3,2026-04-04,2026-04-21
TASK_09118,Update project documentation,Frontend,Low,Bob,In Progress,1,1,2026-04-29,2026-05-08
TASK_09119,Write unit tests,DevOps,Medium,Grace,On Hold,19,0,2026-07-08,2026-07-27
TASK_09120,Develop user profile page,UI/UX,Medium,Grace,Pending,1,0,2026-05-20,2026-05-31
TASK_09121,Fix responsive layout,UI/UX,Low,Frank,In Progress,5,2,2026-05-29,2026-06-12
TASK_09122,Integrate email notifications,UI/UX,Critical,Alice,On Hold,11,3,2026-04-03,2026-05-02
TASK_09123,Update project documentation,Frontend,Medium,Frank,In Progress,18,18,2026-04-17,2026-04-30
TASK_09124,Configure CI/CD pipeline,Backend,Critical,Emma,Pending,18,18,2026-03-22,2026-03-25
TASK_09125,Develop analytics dashboard,Bug,Low,Charlie,On Hold,8,6,2026-04-14,2026-05-01
TASK_09126,Develop analytics dashboard,Frontend,Medium,Frank,Pending,1,0,2026-06-02,2026-06-25
TASK_09127,Integrate email notifications,UI/UX,Low,Grace,Pending,4,4,2026-03-19,2026-04-02
TASK_09128,Improve application performance,Documentation,High,Bob,Completed,14,14,2026-02-26,2026-03-19
TASK_09129,Develop user profile page,Feature,Medium,Henry,Completed,14,10,2026-05-25,2026-06-10
TASK_09130,Integrate email notifications,DevOps,Critical,Henry,Pending,3,0,2026-03-14,2026-03-29
TASK_09131,Create REST API,Frontend,Medium,David,Completed,9,3,2026-06-19,2026-07-16
TASK_09132,Implement dark mode,DevOps,High,Bob,On Hold,18,2,2026-06-08,2026-06-25
TASK_09133,Write unit tests,Frontend,Medium,David,On Hold,10,0,2026-02-01,2026-02-16
TASK_09134,Build admin panel,Documentation,Medium,Henry,Completed,14,5,2026-03-31,2026-04-30
TASK_09135,Develop user profile page,Database,High,Charlie,In Progress,5,4,2026-06-02,2026-06-28
TASK_09136,Develop analytics dashboard,Backend,Critical,Emma,Completed,6,4,2026-02-17,2026-02-26
TASK_09137,Design dashboard UI,Backend,High,Bob,On Hold,5,0,2026-04-21,2026-04-24
TASK_09138,Develop user profile page,Security,Low,Henry,Pending,1,0,2026-07-19,2026-07-28
TASK_09139,Deploy application,Backend,Critical,Henry,In Progress,4,2,2026-04-21,2026-05-12
TASK_09140,Integrate email notifications,Feature,High,Alice,On Hold,18,17,2026-04-23,2026-05-23
TASK_09141,Configure CI/CD pipeline,Feature,Low,Charlie,Completed,20,4,2026-04-01,2026-04-29
TASK_09142,Add search functionality,DevOps,Critical,Grace,In Progress,1,0,2026-03-05,2026-03-27
TASK_09143,Build admin panel,Frontend,Critical,Henry,Completed,18,4,2026-05-07,2026-05-24
TASK_09144,Add search functionality,DevOps,High,Emma,In Progress,5,4,2026-07-24,2026-08-08
TASK_09145,Integrate email notifications,Backend,Medium,Grace,Completed,10,6,2026-05-05,2026-05-12
TASK_09146,Fix responsive layout,UI/UX,High,Henry,Completed,11,5,2026-04-18,2026-04-22
TASK_09147,Create reports module,Testing,Medium,Henry,Completed,10,5,2026-02-03,2026-02-23
TASK_09148,Integrate email notifications,Database,Low,Grace,On Hold,14,11,2026-06-22,2026-07-08
TASK_09149,Build admin panel,Documentation,Low,Henry,In Progress,1,0,2026-03-12,2026-03-21
TASK_09150,Develop analytics dashboard,Bug,Medium,Henry,Pending,18,14,2026-04-25,2026-05-05
TASK_09151,Deploy application,DevOps,Critical,Grace,On Hold,13,0,2026-02-04,2026-02-10
TASK_09152,Develop analytics dashboard,Documentation,High,Charlie,On Hold,10,4,2026-06-10,2026-06-22
TASK_09153,Configure CI/CD pipeline,Backend,Low,Bob,In Progress,4,2,2026-02-04,2026-02-22
TASK_09154,Design dashboard UI,Bug,Critical,Frank,On Hold,5,4,2026-01-30,2026-02-14
TASK_09155,Fix login authentication bug,Security,Medium,Charlie,On Hold,3,1,2026-05-10,2026-05-20
TASK_09156,Add search functionality,Feature,Critical,Emma,On Hold,6,4,2026-02-16,2026-03-03
TASK_09157,Build admin panel,Security,Low,Frank,In Progress,18,12,2026-07-13,2026-08-02
TASK_09158,Write unit tests,Backend,High,Bob,Completed,18,4,2026-02-01,2026-02-19
TASK_09159,Develop user profile page,Feature,High,Alice,In Progress,19,19,2026-02-24,2026-03-26
TASK_09160,Develop user profile page,UI/UX,Low,Henry,Pending,8,5,2026-06-16,2026-07-16
TASK_09161,Implement dark mode,UI/UX,Medium,Frank,On Hold,5,3,2026-02-11,2026-03-08
TASK_09162,Write unit tests,DevOps,Medium,Emma,On Hold,5,3,2026-03-21,2026-03-26
TASK_09163,Design dashboard UI,Documentation,Low,David,On Hold,6,0,2026-02-25,2026-03-26
TASK_09164,Add search functionality,Documentation,High,Emma,On Hold,10,3,2026-02-03,2026-03-04
TASK_09165,Build admin panel,UI/UX,High,Grace,On Hold,15,12,2026-06-30,2026-07-20
TASK_09166,Update project documentation,Frontend,Critical,Grace,In Progress,4,2,2026-07-07,2026-08-04
TASK_09167,Write unit tests,Documentation,Low,Emma,On Hold,1,1,2026-06-20,2026-06-22
TASK_09168,Improve application performance,Frontend,Medium,Charlie,Pending,19,17,2026-05-02,2026-05-13
TASK_09169,Implement payment gateway,Database,Medium,Frank,Completed,14,0,2026-05-26,2026-06-08
TASK_09170,Build admin panel,Documentation,High,Grace,On Hold,18,16,2026-07-24,2026-08-21
TASK_09171,Develop analytics dashboard,Bug,Critical,Frank,Pending,12,11,2026-05-28,2026-06-26
TASK_09172,Fix responsive layout,Security,Low,Bob,On Hold,2,2,2026-03-31,2026-04-30
TASK_09173,Implement dark mode,DevOps,Critical,Henry,On Hold,1,0,2026-07-16,2026-07-30
TASK_09174,Build admin panel,DevOps,High,Bob,Completed,8,7,2026-04-23,2026-05-23
TASK_09175,Create reports module,Testing,Critical,Emma,Pending,6,3,2026-05-28,2026-06-02
TASK_09176,Update project documentation,Bug,High,Charlie,Pending,3,2,2026-01-29,2026-02-07
TASK_09177,Fix login authentication bug,Documentation,Critical,David,Completed,7,6,2026-06-22,2026-06-26
TASK_09178,Create REST API,Feature,Critical,Bob,On Hold,4,1,2026-04-13,2026-05-05
TASK_09179,Implement payment gateway,Backend,Low,Emma,On Hold,7,7,2026-03-11,2026-04-07
TASK_09180,Improve application performance,Documentation,Medium,Bob,In Progress,16,6,2026-04-21,2026-05-18
TASK_09181,Configure CI/CD pipeline,Security,Medium,David,Pending,19,3,2026-01-31,2026-02-17
TASK_09182,Configure CI/CD pipeline,UI/UX,Low,Frank,In Progress,7,0,2026-03-31,2026-04-15
TASK_09183,Deploy application,Documentation,High,Alice,In Progress,18,3,2026-04-03,2026-04-24
TASK_09184,Develop user profile page,Testing,Critical,Frank,In Progress,13,1,2026-03-10,2026-04-06
TASK_09185,Design dashboard UI,Frontend,Low,Bob,On Hold,15,6,2026-07-24,2026-08-18
TASK_09186,Refactor backend code,Database,Medium,Frank,In Progress,4,4,2026-05-01,2026-05-18
TASK_09187,Implement payment gateway,Feature,Critical,Frank,Pending,4,1,2026-05-21,2026-05-31
TASK_09188,Develop analytics dashboard,Security,Critical,Frank,In Progress,16,7,2026-07-01,2026-07-13
TASK_09189,Refactor backend code,UI/UX,Critical,Emma,Completed,9,2,2026-05-19,2026-06-07
TASK_09190,Optimize SQL queries,DevOps,Critical,Charlie,Pending,11,2,2026-04-09,2026-04-19
TASK_09191,Implement dark mode,Documentation,Low,Frank,On Hold,12,8,2026-05-01,2026-05-31
TASK_09192,Fix responsive layout,UI/UX,Low,Frank,In Progress,14,7,2026-05-31,2026-06-22
TASK_09193,Deploy application,UI/UX,Medium,Bob,Completed,8,6,2026-02-11,2026-02-17
TASK_09194,Create REST API,Frontend,Medium,Alice,Pending,17,16,2026-05-31,2026-06-25
TASK_09195,Build admin panel,UI/UX,High,Charlie,On Hold,12,6,2026-06-06,2026-07-01
TASK_09196,Fix responsive layout,Frontend,Medium,Emma,On Hold,4,1,2026-03-19,2026-04-14
TASK_09197,Create REST API,Testing,Medium,Alice,In Progress,18,3,2026-07-03,2026-07-13
TASK_09198,Write unit tests,Security,High,Bob,On Hold,4,4,2026-06-16,2026-07-14
TASK_09199,Fix responsive layout,Security,High,David,On Hold,1,1,2026-03-18,2026-04-04
TASK_09200,Design dashboard UI,Database,Critical,Bob,Completed,4,0,2026-07-21,2026-07-27
TASK_09201,Integrate email notifications,Feature,Medium,Frank,In Progress,1,1,2026-03-20,2026-03-23
TASK_09202,Create reports module,UI/UX,Low,Emma,Completed,8,6,2026-02-25,2026-03-26
TASK_09203,Implement chatbot,UI/UX,Medium,Henry,Pending,9,8,2026-02-15,2026-02-21
TASK_09204,Refactor backend code,Frontend,Critical,Alice,Completed,8,0,2026-07-03,2026-07-05
TASK_09205,Integrate email notifications,DevOps,Critical,David,In Progress,10,9,2026-03-28,2026-04-23
TASK_09206,Integrate email notifications,Testing,Low,David,Pending,5,5,2026-03-22,2026-04-01
TASK_09207,Build admin panel,DevOps,Medium,Frank,On Hold,7,1,2026-06-25,2026-07-04
TASK_09208,Add search functionality,Security,Medium,Alice,Completed,5,2,2026-05-02,2026-05-20
TASK_09209,Create reports module,Database,Medium,Emma,On Hold,20,9,2026-05-10,2026-05-15
TASK_09210,Fix login authentication bug,Database,Medium,Alice,On Hold,4,3,2026-05-01,2026-05-08
TASK_09211,Design dashboard UI,Database,Critical,David,On Hold,3,2,2026-06-03,2026-06-16
TASK_09212,Write unit tests,Testing,Low,Alice,Completed,5,2,2026-07-15,2026-07-28
TASK_09213,Add search functionality,Testing,Medium,Charlie,Pending,17,3,2026-05-08,2026-05-15
TASK_09214,Implement chatbot,UI/UX,Critical,Henry,Completed,13,3,2026-06-06,2026-06-28
TASK_09215,Create REST API,Database,High,Henry,Pending,15,5,2026-03-29,2026-04-25
TASK_09216,Improve application performance,Security,Medium,Alice,Pending,8,0,2026-05-10,2026-06-09
TASK_09217,Implement chatbot,UI/UX,High,Henry,Completed,19,19,2026-01-30,2026-02-20
TASK_09218,Implement dark mode,DevOps,Critical,Alice,Pending,19,4,2026-06-09,2026-07-05
TASK_09219,Create reports module,Frontend,Low,Bob,On Hold,12,12,2026-06-02,2026-06-13
TASK_09220,Refactor backend code,Bug,Low,Alice,Completed,17,11,2026-03-07,2026-03-21
TASK_09221,Fix responsive layout,Database,High,Henry,In Progress,9,5,2026-03-13,2026-03-21
TASK_09222,Develop analytics dashboard,Database,Critical,Henry,Pending,20,18,2026-03-24,2026-04-22
TASK_09223,Add search functionality,Database,Low,Emma,Completed,19,14,2026-02-20,2026-02-22
TASK_09224,Optimize SQL queries,Security,High,Henry,Pending,13,9,2026-04-14,2026-05-13
TASK_09225,Deploy application,DevOps,Low,Henry,Pending,17,6,2026-06-12,2026-06-24
TASK_09226,Optimize SQL queries,Testing,Low,Grace,In Progress,10,0,2026-05-16,2026-06-04
TASK_09227,Add search functionality,Backend,High,Frank,Pending,14,9,2026-04-05,2026-04-21
TASK_09228,Build admin panel,Security,High,David,On Hold,9,9,2026-05-26,2026-06-20
TASK_09229,Create REST API,Backend,High,Grace,In Progress,14,3,2026-05-20,2026-05-31
TASK_09230,Fix login authentication bug,DevOps,Medium,Emma,In Progress,6,4,2026-05-09,2026-05-13
TASK_09231,Update project documentation,Testing,Low,Grace,In Progress,16,6,2026-03-21,2026-04-15
TASK_09232,Optimize SQL queries,UI/UX,Critical,Frank,Pending,10,5,2026-03-09,2026-03-28
TASK_09233,Refactor backend code,Frontend,Medium,Henry,In Progress,16,0,2026-05-12,2026-05-27
TASK_09234,Add search functionality,Bug,Low,Bob,Completed,5,2,2026-04-11,2026-04-14
TASK_09235,Refactor backend code,UI/UX,High,Charlie,On Hold,11,7,2026-05-08,2026-05-11
TASK_09236,Write unit tests,Backend,Low,Alice,Pending,13,2,2026-06-12,2026-06-29
TASK_09237,Develop analytics dashboard,Testing,High,Henry,In Progress,7,5,2026-06-26,2026-07-11
TASK_09238,Develop analytics dashboard,Testing,Low,David,Completed,10,0,2026-07-09,2026-07-22
TASK_09239,Develop user profile page,Bug,High,Frank,Pending,18,0,2026-07-08,2026-07-13
TASK_09240,Create reports module,Security,Critical,Frank,Pending,8,2,2026-04-28,2026-05-28
TASK_09241,Refactor backend code,Backend,Medium,Henry,Pending,3,0,2026-03-19,2026-03-22
TASK_09242,Develop user profile page,Security,High,Frank,Completed,1,0,2026-03-08,2026-03-14
TASK_09243,Develop analytics dashboard,Testing,Medium,Emma,On Hold,1,1,2026-02-11,2026-03-10
TASK_09244,Refactor backend code,Security,Critical,Emma,Pending,19,0,2026-02-20,2026-03-06
TASK_09245,Integrate email notifications,Bug,Low,Bob,Completed,11,2,2026-05-03,2026-05-11
TASK_09246,Optimize SQL queries,Bug,High,Frank,In Progress,19,16,2026-05-16,2026-05-28
TASK_09247,Improve application performance,Documentation,Medium,Alice,In Progress,6,0,2026-04-08,2026-04-28
TASK_09248,Write unit tests,DevOps,Low,Grace,Pending,9,2,2026-03-23,2026-04-11
TASK_09249,Configure CI/CD pipeline,Database,High,Frank,Pending,17,15,2026-07-14,2026-07-21
TASK_09250,Develop user profile page,Frontend,Low,Frank,On Hold,19,18,2026-07-03,2026-08-02
TASK_09251,Improve application performance,Bug,Low,Emma,On Hold,4,2,2026-02-10,2026-03-05
TASK_09252,Develop user profile page,Bug,Medium,Frank,In Progress,17,7,2026-05-22,2026-06-11
TASK_09253,Create reports module,Feature,Medium,Alice,Pending,20,13,2026-04-12,2026-05-02
TASK_09254,Build admin panel,Documentation,Medium,Alice,Pending,16,10,2026-02-03,2026-02-26
TASK_09255,Create reports module,Frontend,High,Grace,Completed,9,2,2026-04-06,2026-04-29
TASK_09256,Develop analytics dashboard,Database,High,Emma,On Hold,20,9,2026-02-22,2026-03-22
TASK_09257,Deploy application,Documentation,High,David,Pending,2,0,2026-02-26,2026-03-25
TASK_09258,Optimize SQL queries,Testing,High,Henry,On Hold,5,1,2026-07-24,2026-07-27
TASK_09259,Implement dark mode,Security,Critical,Grace,Pending,6,1,2026-07-20,2026-08-10
TASK_09260,Develop user profile page,Bug,High,Charlie,Completed,19,14,2026-06-10,2026-06-29
TASK_09261,Fix login authentication bug,Documentation,Low,Alice,Completed,4,1,2026-03-30,2026-04-01
TASK_09262,Update project documentation,UI/UX,Medium,David,Pending,6,0,2026-05-30,2026-06-17
TASK_09263,Develop user profile page,Frontend,Low,Henry,Pending,19,2,2026-02-11,2026-02-15
TASK_09264,Deploy application,Testing,Medium,Alice,In Progress,12,3,2026-05-24,2026-06-15
TASK_09265,Implement payment gateway,Bug,High,David,On Hold,14,0,2026-03-13,2026-03-22
TASK_09266,Update project documentation,Bug,High,Alice,On Hold,20,10,2026-02-08,2026-03-08
TASK_09267,Implement chatbot,Frontend,Medium,Bob,Pending,10,6,2026-03-02,2026-03-04
TASK_09268,Develop user profile page,Bug,Medium,Grace,In Progress,13,9,2026-04-24,2026-04-30
TASK_09269,Optimize SQL queries,Frontend,Low,Emma,Completed,5,2,2026-03-12,2026-04-01
TASK_09270,Create reports module,Backend,Low,Grace,Completed,10,6,2026-02-09,2026-02-24
TASK_09271,Create reports module,Documentation,Low,Henry,In Progress,3,0,2026-07-25,2026-08-21
TASK_09272,Create REST API,Database,Medium,Henry,In Progress,5,2,2026-07-03,2026-07-15
TASK_09273,Build admin panel,Security,Critical,Grace,On Hold,1,0,2026-03-16,2026-04-08
TASK_09274,Write unit tests,Database,Critical,Bob,Completed,2,1,2026-01-28,2026-02-06
TASK_09275,Create REST API,Testing,High,Bob,On Hold,5,1,2026-05-31,2026-06-06
TASK_09276,Design dashboard UI,Testing,Low,Emma,On Hold,10,7,2026-02-27,2026-03-14
TASK_09277,Improve application performance,UI/UX,Critical,Frank,In Progress,15,8,2026-03-29,2026-03-31
TASK_09278,Add search functionality,Frontend,High,David,Completed,4,0,2026-06-14,2026-07-02
TASK_09279,Create REST API,Security,Low,Charlie,On Hold,12,7,2026-04-08,2026-04-27
TASK_09280,Integrate email notifications,Documentation,Medium,Emma,Pending,13,13,2026-03-03,2026-04-02
TASK_09281,Write unit tests,Database,Critical,Frank,On Hold,15,3,2026-02-10,2026-03-04
TASK_09282,Implement chatbot,Security,Critical,Charlie,Pending,15,1,2026-06-23,2026-07-20
TASK_09283,Configure CI/CD pipeline,Feature,High,Grace,In Progress,2,1,2026-04-30,2026-05-30
TASK_09284,Implement chatbot,UI/UX,Medium,Charlie,On Hold,2,0,2026-06-24,2026-06-28
TASK_09285,Design dashboard UI,Documentation,High,Charlie,On Hold,15,1,2026-04-14,2026-04-26
TASK_09286,Implement dark mode,Security,Low,Grace,On Hold,5,5,2026-06-03,2026-06-13
TASK_09287,Add search functionality,Documentation,High,Charlie,Pending,12,3,2026-04-27,2026-05-20
TASK_09288,Create reports module,Frontend,Critical,Henry,Pending,18,3,2026-02-18,2026-03-12
TASK_09289,Create REST API,DevOps,High,Grace,Completed,10,10,2026-06-18,2026-07-06
TASK_09290,Design dashboard UI,Security,High,Emma,Completed,18,3,2026-06-07,2026-06-23
TASK_09291,Design dashboard UI,Database,High,Emma,Pending,11,6,2026-05-24,2026-05-28
TASK_09292,Improve application performance,Feature,Low,Charlie,Pending,17,13,2026-05-12,2026-05-20
TASK_09293,Improve application performance,UI/UX,Medium,Charlie,In Progress,9,4,2026-04-30,2026-05-06
TASK_09294,Implement chatbot,Database,Medium,Alice,Completed,16,12,2026-04-08,2026-04-25
TASK_09295,Configure CI/CD pipeline,UI/UX,Critical,Henry,Completed,12,8,2026-03-24,2026-03-28
TASK_09296,Implement chatbot,Backend,Medium,Emma,Pending,13,1,2026-07-13,2026-07-19
TASK_09297,Implement dark mode,UI/UX,Medium,Bob,On Hold,15,1,2026-03-21,2026-04-10
TASK_09298,Fix login authentication bug,UI/UX,High,Alice,Completed,17,15,2026-05-23,2026-06-08
TASK_09299,Develop analytics dashboard,Bug,High,Bob,Pending,9,9,2026-04-12,2026-05-01
TASK_09300,Deploy application,UI/UX,Critical,Charlie,Completed,14,4,2026-03-03,2026-03-14
TASK_09301,Configure CI/CD pipeline,UI/UX,Medium,Bob,Completed,14,10,2026-03-07,2026-03-15
TASK_09302,Implement payment gateway,Database,Low,Alice,On Hold,8,8,2026-02-18,2026-02-20
TASK_09303,Develop user profile page,Feature,Medium,David,Pending,1,0,2026-07-04,2026-07-26
TASK_09304,Configure CI/CD pipeline,Backend,Medium,Bob,In Progress,10,7,2026-07-17,2026-07-26
TASK_09305,Design dashboard UI,Bug,Critical,David,Pending,13,11,2026-02-19,2026-03-04
TASK_09306,Update project documentation,Security,High,Bob,Pending,18,17,2026-06-24,2026-07-18
TASK_09307,Refactor backend code,Frontend,High,Grace,Pending,12,4,2026-06-04,2026-06-24
TASK_09308,Improve application performance,Security,Low,David,In Progress,12,2,2026-05-09,2026-06-08
TASK_09309,Write unit tests,Backend,Medium,Bob,In Progress,11,6,2026-06-25,2026-07-16
TASK_09310,Design dashboard UI,Database,High,Charlie,Pending,14,7,2026-06-05,2026-07-03
TASK_09311,Optimize SQL queries,Bug,High,Alice,Pending,5,2,2026-03-02,2026-03-27
TASK_09312,Build admin panel,Testing,Critical,Emma,In Progress,10,0,2026-02-26,2026-03-06
TASK_09313,Configure CI/CD pipeline,Bug,Critical,David,In Progress,5,2,2026-04-11,2026-04-16
TASK_09314,Refactor backend code,DevOps,Critical,Grace,Pending,14,9,2026-04-21,2026-05-12
TASK_09315,Integrate email notifications,Testing,High,Emma,In Progress,17,12,2026-03-29,2026-04-28
TASK_09316,Design dashboard UI,Backend,Critical,Emma,Pending,18,17,2026-03-07,2026-04-03
TASK_09317,Implement chatbot,DevOps,High,Henry,On Hold,3,0,2026-06-08,2026-06-17
TASK_09318,Deploy application,Bug,High,Charlie,In Progress,1,1,2026-04-17,2026-05-05
TASK_09319,Build admin panel,Backend,Medium,Alice,Completed,15,5,2026-07-26,2026-07-30
TASK_09320,Develop analytics dashboard,Feature,Low,Frank,Completed,2,1,2026-05-27,2026-06-18
TASK_09321,Configure CI/CD pipeline,Feature,Critical,Bob,On Hold,14,6,2026-07-24,2026-08-06
TASK_09322,Create reports module,Documentation,Low,Bob,On Hold,16,0,2026-02-14,2026-03-16
TASK_09323,Configure CI/CD pipeline,DevOps,Low,Alice,In Progress,5,2,2026-05-19,2026-06-09
TASK_09324,Fix responsive layout,Security,Low,Alice,Pending,18,4,2026-02-06,2026-02-15
TASK_09325,Write unit tests,Backend,High,Alice,Completed,13,0,2026-04-04,2026-05-03
TASK_09326,Fix login authentication bug,Bug,Medium,Charlie,On Hold,8,4,2026-02-05,2026-02-22
TASK_09327,Optimize SQL queries,Backend,High,Grace,On Hold,8,0,2026-06-08,2026-06-15
TASK_09328,Create REST API,Documentation,Medium,Charlie,On Hold,1,0,2026-04-28,2026-05-04
TASK_09329,Deploy application,Documentation,Medium,Charlie,Completed,18,15,2026-02-12,2026-02-26
TASK_09330,Create reports module,Frontend,High,Charlie,Pending,18,13,2026-03-12,2026-03-18
TASK_09331,Write unit tests,Database,Critical,Bob,Pending,15,9,2026-07-11,2026-07-31
TASK_09332,Build admin panel,Database,Medium,Alice,In Progress,7,5,2026-04-02,2026-04-09
TASK_09333,Implement payment gateway,Database,High,David,In Progress,18,3,2026-07-24,2026-08-10
TASK_09334,Implement dark mode,UI/UX,Critical,David,Pending,3,0,2026-01-28,2026-02-08
TASK_09335,Create REST API,DevOps,Low,Grace,Pending,4,1,2026-06-22,2026-06-25
TASK_09336,Add search functionality,Bug,Critical,David,Pending,19,9,2026-06-20,2026-07-05
TASK_09337,Implement payment gateway,UI/UX,Medium,Bob,In Progress,4,2,2026-02-13,2026-02-19
TASK_09338,Implement payment gateway,Bug,Critical,Frank,In Progress,18,5,2026-06-01,2026-07-01
TASK_09339,Configure CI/CD pipeline,Testing,High,Charlie,Pending,15,3,2026-03-19,2026-04-09
TASK_09340,Integrate email notifications,Testing,Low,Henry,In Progress,8,7,2026-06-20,2026-07-13
TASK_09341,Write unit tests,UI/UX,High,Charlie,On Hold,2,0,2026-02-11,2026-02-18
TASK_09342,Build admin panel,Backend,Low,Bob,In Progress,8,1,2026-06-06,2026-06-14
TASK_09343,Fix login authentication bug,DevOps,Medium,Henry,Completed,11,8,2026-03-22,2026-04-02
TASK_09344,Update project documentation,Documentation,Critical,Charlie,Completed,2,0,2026-07-03,2026-07-19
TASK_09345,Refactor backend code,Feature,Low,Emma,Pending,13,12,2026-06-27,2026-07-19
TASK_09346,Add search functionality,DevOps,Low,Emma,Pending,8,1,2026-01-31,2026-02-13
TASK_09347,Write unit tests,UI/UX,Critical,Grace,In Progress,18,0,2026-06-15,2026-06-23
TASK_09348,Develop analytics dashboard,Frontend,High,Emma,In Progress,3,2,2026-07-15,2026-07-27
TASK_09349,Deploy application,UI/UX,Medium,Emma,On Hold,6,3,2026-06-29,2026-07-13
TASK_09350,Improve application performance,UI/UX,Critical,Charlie,Completed,9,8,2026-02-15,2026-02-26
TASK_09351,Write unit tests,DevOps,Low,David,Completed,4,0,2026-05-24,2026-05-27
TASK_09352,Add search functionality,Feature,Low,Charlie,Completed,9,7,2026-03-29,2026-04-21
TASK_09353,Write unit tests,Backend,Medium,David,In Progress,2,1,2026-07-08,2026-07-30
TASK_09354,Build admin panel,Security,High,Grace,In Progress,6,4,2026-04-18,2026-04-29
TASK_09355,Design dashboard UI,Testing,Low,Alice,Pending,10,2,2026-02-20,2026-02-28
TASK_09356,Develop analytics dashboard,Backend,Medium,Frank,In Progress,18,4,2026-02-10,2026-02-19
TASK_09357,Develop analytics dashboard,UI/UX,Low,Emma,Pending,8,1,2026-02-03,2026-02-05
TASK_09358,Implement payment gateway,Frontend,Low,Henry,On Hold,20,8,2026-04-29,2026-05-13
TASK_09359,Improve application performance,UI/UX,Critical,Charlie,In Progress,17,13,2026-06-11,2026-06-18
TASK_09360,Update project documentation,Documentation,Critical,Henry,Completed,2,0,2026-02-04,2026-03-02
TASK_09361,Implement payment gateway,Testing,Critical,Henry,Completed,17,0,2026-03-07,2026-03-31
TASK_09362,Refactor backend code,Bug,Critical,Grace,On Hold,11,5,2026-07-23,2026-08-08
TASK_09363,Improve application performance,UI/UX,Medium,David,In Progress,9,1,2026-06-24,2026-06-30
TASK_09364,Configure CI/CD pipeline,Documentation,Critical,Charlie,Pending,5,4,2026-06-29,2026-07-20
TASK_09365,Create reports module,Frontend,Medium,Bob,On Hold,2,0,2026-07-16,2026-08-05
TASK_09366,Add search functionality,Documentation,Critical,Bob,Pending,17,4,2026-03-31,2026-04-07
TASK_09367,Add search functionality,Frontend,High,Charlie,In Progress,9,2,2026-05-31,2026-06-09
TASK_09368,Improve application performance,Security,Critical,Alice,In Progress,4,4,2026-03-29,2026-03-31
TASK_09369,Implement chatbot,DevOps,Low,Frank,In Progress,20,18,2026-05-05,2026-05-07
TASK_09370,Configure CI/CD pipeline,Bug,Critical,David,On Hold,11,6,2026-07-13,2026-08-05
TASK_09371,Create REST API,Feature,Medium,Alice,Completed,9,9,2026-07-09,2026-07-30
TASK_09372,Implement payment gateway,Feature,Medium,Alice,Pending,11,3,2026-04-03,2026-04-10
TASK_09373,Develop analytics dashboard,UI/UX,Medium,Frank,In Progress,17,14,2026-04-03,2026-04-07
TASK_09374,Update project documentation,DevOps,High,Henry,Pending,7,3,2026-02-22,2026-03-08
TASK_09375,Build admin panel,Backend,Medium,Grace,Completed,2,0,2026-07-16,2026-07-18
TASK_09376,Refactor backend code,Backend,Low,Alice,On Hold,20,0,2026-03-20,2026-04-16
TASK_09377,Create REST API,Backend,Critical,Grace,Completed,7,6,2026-04-04,2026-04-14
TASK_09378,Create REST API,Frontend,Medium,Emma,In Progress,16,1,2026-06-28,2026-07-06
TASK_09379,Develop user profile page,Bug,Low,Emma,In Progress,18,16,2026-06-05,2026-06-20
TASK_09380,Develop analytics dashboard,Backend,High,Frank,Completed,16,4,2026-03-04,2026-03-11
TASK_09381,Optimize SQL queries,Backend,Critical,Grace,Completed,20,7,2026-07-18,2026-08-07
TASK_09382,Deploy application,Backend,Medium,Emma,Completed,7,1,2026-04-05,2026-05-01
TASK_09383,Develop analytics dashboard,Documentation,Low,Grace,Pending,4,3,2026-04-20,2026-05-08
TASK_09384,Create reports module,Frontend,High,David,On Hold,9,1,2026-02-20,2026-02-27
TASK_09385,Implement chatbot,Bug,Low,Alice,In Progress,5,0,2026-07-18,2026-07-21
TASK_09386,Improve application performance,Frontend,High,Henry,On Hold,4,3,2026-02-27,2026-03-05
TASK_09387,Develop user profile page,Security,Critical,Henry,Completed,13,6,2026-06-01,2026-07-01
TASK_09388,Optimize SQL queries,Database,High,Emma,On Hold,5,1,2026-03-03,2026-03-11
TASK_09389,Optimize SQL queries,Bug,Medium,Emma,Pending,10,4,2026-04-09,2026-05-09
TASK_09390,Develop user profile page,UI/UX,Medium,Henry,Completed,3,0,2026-05-01,2026-05-11
TASK_09391,Develop analytics dashboard,Backend,Low,David,In Progress,7,6,2026-05-04,2026-05-11
TASK_09392,Build admin panel,Database,Low,Alice,On Hold,17,11,2026-02-12,2026-02-16
TASK_09393,Build admin panel,Bug,Medium,Charlie,On Hold,7,5,2026-03-02,2026-03-26
TASK_09394,Create REST API,Documentation,Medium,Charlie,Pending,5,1,2026-05-11,2026-05-15
TASK_09395,Implement chatbot,Feature,Critical,Frank,In Progress,10,8,2026-07-14,2026-08-06
TASK_09396,Develop user profile page,DevOps,Low,Bob,In Progress,19,7,2026-04-25,2026-05-17
TASK_09397,Optimize SQL queries,UI/UX,Critical,Grace,On Hold,18,11,2026-05-10,2026-05-13
TASK_09398,Implement dark mode,Database,Low,David,Completed,8,4,2026-03-01,2026-03-06
TASK_09399,Improve application performance,Bug,Medium,Bob,Completed,16,15,2026-04-05,2026-04-13
TASK_09400,Implement dark mode,Backend,High,Alice,Pending,8,5,2026-07-21,2026-08-05
TASK_09401,Develop user profile page,Testing,Medium,Bob,On Hold,16,9,2026-02-10,2026-02-13
TASK_09402,Develop user profile page,Security,Medium,David,Pending,20,2,2026-01-28,2026-01-31
TASK_09403,Update project documentation,Feature,High,Charlie,Completed,18,8,2026-03-25,2026-03-28
TASK_09404,Improve application performance,UI/UX,Medium,Alice,Pending,14,8,2026-07-18,2026-08-05
TASK_09405,Implement payment gateway,Backend,Critical,Frank,Pending,2,0,2026-01-30,2026-02-17
TASK_09406,Integrate email notifications,Security,Critical,David,In Progress,20,19,2026-07-24,2026-08-07
TASK_09407,Improve application performance,Security,Medium,Emma,Pending,13,4,2026-02-18,2026-02-22
TASK_09408,Deploy application,DevOps,Medium,Frank,Pending,17,8,2026-05-18,2026-06-16
TASK_09409,Update project documentation,Documentation,Medium,Henry,Pending,5,3,2026-01-28,2026-02-09
TASK_09410,Implement payment gateway,Security,Low,Grace,In Progress,17,10,2026-07-25,2026-08-06
TASK_09411,Build admin panel,Feature,Low,David,Completed,8,1,2026-04-29,2026-05-17
TASK_09412,Improve application performance,UI/UX,Critical,David,In Progress,20,3,2026-07-09,2026-07-28
TASK_09413,Deploy application,Feature,Critical,Grace,Pending,16,15,2026-06-28,2026-07-22
TASK_09414,Fix responsive layout,Bug,High,Emma,Completed,11,11,2026-06-20,2026-07-19
TASK_09415,Build admin panel,Testing,Medium,David,Completed,4,0,2026-06-10,2026-06-24
TASK_09416,Implement dark mode,DevOps,Low,Henry,In Progress,18,9,2026-06-16,2026-07-04
TASK_09417,Design dashboard UI,DevOps,Critical,Bob,Completed,9,1,2026-04-27,2026-05-03
TASK_09418,Improve application performance,Feature,Critical,Charlie,Completed,9,8,2026-02-10,2026-02-15
TASK_09419,Fix responsive layout,Backend,Critical,David,Completed,10,8,2026-05-15,2026-05-18
TASK_09420,Implement chatbot,Security,Low,Frank,On Hold,18,9,2026-02-28,2026-03-14
TASK_09421,Configure CI/CD pipeline,Backend,Critical,David,In Progress,7,1,2026-03-17,2026-04-09
TASK_09422,Add search functionality,DevOps,Critical,David,On Hold,4,1,2026-05-02,2026-05-19
TASK_09423,Deploy application,Feature,Low,Alice,In Progress,3,1,2026-05-12,2026-06-09
TASK_09424,Improve application performance,DevOps,Critical,Henry,On Hold,2,2,2026-03-22,2026-03-28
TASK_09425,Deploy application,DevOps,High,David,Pending,7,4,2026-05-12,2026-05-20
TASK_09426,Refactor backend code,Bug,Medium,Henry,On Hold,9,4,2026-07-10,2026-07-19
TASK_09427,Build admin panel,Backend,Critical,David,On Hold,6,6,2026-04-30,2026-05-30
TASK_09428,Implement dark mode,Feature,Critical,Grace,In Progress,9,7,2026-05-23,2026-06-03
TASK_09429,Create REST API,Feature,Low,Charlie,Completed,15,9,2026-05-12,2026-05-16
TASK_09430,Deploy application,UI/UX,Medium,Frank,In Progress,10,8,2026-03-29,2026-04-05
TASK_09431,Optimize SQL queries,Frontend,Low,Alice,On Hold,18,5,2026-05-02,2026-05-10
TASK_09432,Create reports module,Frontend,Critical,Charlie,In Progress,18,8,2026-02-16,2026-02-20
TASK_09433,Fix login authentication bug,DevOps,Critical,Bob,In Progress,20,2,2026-02-17,2026-02-24
TASK_09434,Improve application performance,Bug,Low,Alice,In Progress,14,6,2026-02-14,2026-03-12
TASK_09435,Integrate email notifications,Security,High,Grace,On Hold,15,5,2026-04-08,2026-04-11
TASK_09436,Implement chatbot,Backend,High,Henry,In Progress,1,1,2026-03-02,2026-03-28
TASK_09437,Implement chatbot,Documentation,Medium,Alice,Pending,13,2,2026-06-08,2026-06-29
TASK_09438,Add search functionality,Testing,High,Bob,On Hold,19,18,2026-02-02,2026-02-19
TASK_09439,Fix responsive layout,UI/UX,High,Frank,On Hold,2,1,2026-06-07,2026-06-13
TASK_09440,Write unit tests,Testing,High,Emma,In Progress,9,5,2026-07-24,2026-08-14
TASK_09441,Optimize SQL queries,Testing,Medium,Bob,Completed,1,0,2026-05-21,2026-06-02
TASK_09442,Implement payment gateway,Database,Medium,Henry,In Progress,19,17,2026-03-27,2026-04-16
TASK_09443,Design dashboard UI,Backend,Low,Frank,In Progress,9,7,2026-07-21,2026-07-23
TASK_09444,Fix responsive layout,DevOps,Medium,Bob,In Progress,16,12,2026-05-03,2026-05-14
TASK_09445,Refactor backend code,Frontend,Critical,Henry,Pending,11,2,2026-03-23,2026-04-11
TASK_09446,Add search functionality,Bug,High,David,In Progress,9,8,2026-06-24,2026-07-11
TASK_09447,Create reports module,Documentation,Low,Alice,Pending,7,6,2026-06-05,2026-06-29
TASK_09448,Implement payment gateway,Frontend,Critical,Frank,In Progress,3,3,2026-04-11,2026-04-19
TASK_09449,Create REST API,Frontend,Low,Alice,On Hold,18,13,2026-07-14,2026-08-03
TASK_09450,Improve application performance,Security,Medium,Henry,In Progress,4,2,2026-07-22,2026-08-16
TASK_09451,Implement dark mode,Security,High,Charlie,In Progress,14,2,2026-05-16,2026-05-19
TASK_09452,Fix login authentication bug,Documentation,Medium,Grace,On Hold,1,1,2026-04-18,2026-05-03
TASK_09453,Fix responsive layout,Database,High,Charlie,In Progress,5,3,2026-02-09,2026-03-01
TASK_09454,Update project documentation,UI/UX,Critical,Emma,On Hold,4,2,2026-06-17,2026-06-30
TASK_09455,Create reports module,Security,High,Emma,On Hold,13,6,2026-05-04,2026-05-18
TASK_09456,Create reports module,UI/UX,Low,Charlie,Pending,18,11,2026-04-01,2026-04-06
TASK_09457,Integrate email notifications,Bug,Low,Alice,On Hold,11,4,2026-02-04,2026-03-06
TASK_09458,Improve application performance,Bug,Low,Grace,Completed,15,13,2026-04-18,2026-05-04
TASK_09459,Fix responsive layout,UI/UX,Medium,Henry,In Progress,20,8,2026-05-08,2026-05-24
TASK_09460,Fix login authentication bug,Testing,Medium,Emma,On Hold,19,2,2026-05-05,2026-05-15
TASK_09461,Fix responsive layout,DevOps,Critical,Bob,On Hold,14,8,2026-03-02,2026-03-14
TASK_09462,Build admin panel,UI/UX,Low,David,Completed,13,4,2026-06-26,2026-07-17
TASK_09463,Integrate email notifications,Security,High,Alice,On Hold,14,12,2026-07-07,2026-08-01
TASK_09464,Develop user profile page,Database,Low,Bob,On Hold,15,7,2026-02-03,2026-03-03
TASK_09465,Build admin panel,Backend,High,Bob,Completed,7,5,2026-07-12,2026-07-31
TASK_09466,Implement chatbot,UI/UX,Low,Charlie,Pending,6,4,2026-07-05,2026-07-30
TASK_09467,Refactor backend code,Documentation,High,Emma,In Progress,15,2,2026-04-02,2026-04-25
TASK_09468,Configure CI/CD pipeline,Documentation,Medium,Alice,Completed,18,4,2026-06-13,2026-06-23
TASK_09469,Design dashboard UI,Frontend,Critical,Charlie,In Progress,14,12,2026-04-04,2026-04-14
TASK_09470,Optimize SQL queries,Backend,Medium,Frank,Completed,18,10,2026-03-02,2026-03-10
TASK_09471,Write unit tests,DevOps,Critical,Alice,On Hold,1,1,2026-07-23,2026-07-26
TASK_09472,Write unit tests,Documentation,High,Alice,Pending,4,3,2026-07-15,2026-08-07
TASK_09473,Integrate email notifications,Bug,High,Emma,Pending,2,1,2026-07-05,2026-07-20
TASK_09474,Implement payment gateway,Backend,High,Bob,On Hold,15,10,2026-03-05,2026-03-17
TASK_09475,Design dashboard UI,DevOps,Critical,Alice,In Progress,9,5,2026-01-30,2026-02-09
TASK_09476,Develop user profile page,Testing,Low,Grace,On Hold,4,3,2026-02-24,2026-03-02
TASK_09477,Refactor backend code,UI/UX,Critical,Frank,Completed,3,1,2026-06-23,2026-07-23
TASK_09478,Develop user profile page,Bug,Critical,Alice,Completed,6,6,2026-04-13,2026-04-30
TASK_09479,Design dashboard UI,Security,Medium,Alice,In Progress,10,4,2026-02-03,2026-03-03
TASK_09480,Implement dark mode,Database,Critical,Grace,Completed,5,3,2026-05-29,2026-06-27
TASK_09481,Add search functionality,Backend,Medium,Bob,On Hold,1,1,2026-02-10,2026-02-18
TASK_09482,Design dashboard UI,UI/UX,Medium,Henry,In Progress,19,4,2026-04-30,2026-05-19
TASK_09483,Create REST API,Backend,Critical,Charlie,On Hold,15,0,2026-04-23,2026-05-07
TASK_09484,Develop user profile page,Bug,Low,Alice,In Progress,20,20,2026-04-02,2026-05-01
TASK_09485,Update project documentation,Bug,Critical,Bob,Completed,7,5,2026-03-28,2026-04-10
TASK_09486,Implement payment gateway,Testing,Medium,Henry,On Hold,16,7,2026-07-01,2026-07-29
TASK_09487,Improve application performance,Database,Critical,Emma,Completed,17,9,2026-05-15,2026-05-20
TASK_09488,Implement payment gateway,Feature,Low,Charlie,Pending,7,5,2026-02-24,2026-02-28
TASK_09489,Fix login authentication bug,Documentation,Medium,Alice,Completed,11,2,2026-06-23,2026-06-26
TASK_09490,Create reports module,Backend,Medium,Henry,Pending,14,2,2026-03-29,2026-04-28
TASK_09491,Write unit tests,Backend,Medium,Henry,Pending,13,0,2026-06-04,2026-06-22
TASK_09492,Write unit tests,Security,Medium,Emma,On Hold,12,1,2026-02-21,2026-03-12
TASK_09493,Implement payment gateway,Feature,Low,Grace,Pending,2,0,2026-06-04,2026-06-21
TASK_09494,Optimize SQL queries,Security,Critical,Bob,On Hold,13,7,2026-05-10,2026-06-07
TASK_09495,Optimize SQL queries,Frontend,High,Henry,In Progress,16,0,2026-06-26,2026-07-15
TASK_09496,Write unit tests,Bug,High,Bob,Completed,17,16,2026-07-10,2026-07-30
TASK_09497,Fix login authentication bug,Security,High,Charlie,On Hold,11,6,2026-07-04,2026-08-03
TASK_09498,Integrate email notifications,Backend,High,Henry,In Progress,3,3,2026-02-12,2026-03-06
TASK_09499,Create reports module,Testing,Low,Bob,On Hold,11,7,2026-06-07,2026-07-02
TASK_09500,Implement dark mode,Testing,Medium,Charlie,On Hold,19,14,2026-03-20,2026-04-15
TASK_09501,Improve application performance,Documentation,Critical,David,Completed,16,7,2026-07-19,2026-07-27
TASK_09502,Optimize SQL queries,UI/UX,Medium,Grace,On Hold,10,10,2026-06-11,2026-06-27
TASK_09503,Create REST API,Database,Critical,Grace,On Hold,3,0,2026-05-03,2026-05-10
TASK_09504,Create reports module,Documentation,Medium,Bob,Pending,20,20,2026-04-12,2026-05-10
TASK_09505,Refactor backend code,DevOps,Low,Bob,In Progress,18,13,2026-07-22,2026-07-26
TASK_09506,Configure CI/CD pipeline,Frontend,High,Emma,On Hold,7,2,2026-04-09,2026-05-06
TASK_09507,Fix responsive layout,Bug,Medium,Alice,On Hold,4,3,2026-06-13,2026-07-03
TASK_09508,Fix responsive layout,Database,Low,Alice,On Hold,7,6,2026-07-26,2026-08-23
TASK_09509,Deploy application,Security,Medium,Bob,In Progress,15,14,2026-07-21,2026-07-23
TASK_09510,Deploy application,UI/UX,Medium,Grace,On Hold,16,8,2026-04-13,2026-04-18
TASK_09511,Create reports module,Backend,Medium,David,Completed,5,3,2026-05-20,2026-06-08
TASK_09512,Configure CI/CD pipeline,Frontend,Low,Henry,Pending,6,0,2026-06-11,2026-06-16
TASK_09513,Refactor backend code,Feature,Critical,Henry,In Progress,11,8,2026-06-03,2026-07-01
TASK_09514,Configure CI/CD pipeline,Bug,High,Alice,Completed,12,8,2026-07-24,2026-07-30
TASK_09515,Update project documentation,Frontend,High,Henry,Completed,13,4,2026-05-31,2026-06-02
TASK_09516,Build admin panel,Security,Medium,Charlie,In Progress,19,5,2026-04-26,2026-05-24
TASK_09517,Integrate email notifications,Database,Low,David,Completed,13,12,2026-06-25,2026-07-08
TASK_09518,Create reports module,Testing,Critical,Frank,Completed,17,15,2026-03-19,2026-04-03
TASK_09519,Deploy application,Database,Medium,Charlie,Pending,17,15,2026-02-28,2026-03-06
TASK_09520,Develop user profile page,Documentation,High,Alice,Pending,17,10,2026-03-23,2026-04-19
TASK_09521,Add search functionality,Backend,Critical,Charlie,In Progress,16,13,2026-04-16,2026-05-02
TASK_09522,Write unit tests,Backend,Low,Charlie,Completed,13,7,2026-03-26,2026-04-17
TASK_09523,Create reports module,DevOps,High,Emma,On Hold,15,8,2026-04-26,2026-05-02
TASK_09524,Optimize SQL queries,Backend,Low,Emma,In Progress,12,11,2026-02-26,2026-03-26
TASK_09525,Design dashboard UI,Feature,Medium,Grace,In Progress,13,11,2026-06-02,2026-06-26
TASK_09526,Configure CI/CD pipeline,Backend,Medium,Bob,Pending,19,12,2026-05-07,2026-05-27
TASK_09527,Configure CI/CD pipeline,UI/UX,Low,David,Pending,13,0,2026-04-15,2026-05-03
TASK_09528,Develop analytics dashboard,Documentation,High,David,Pending,15,6,2026-03-14,2026-04-06
TASK_09529,Update project documentation,UI/UX,Medium,Grace,Completed,4,2,2026-06-19,2026-07-15
TASK_09530,Integrate email notifications,Feature,Critical,Bob,In Progress,2,1,2026-06-12,2026-06-17
TASK_09531,Implement dark mode,Database,Low,Henry,On Hold,8,0,2026-02-28,2026-03-09
TASK_09532,Refactor backend code,Bug,Critical,Grace,On Hold,8,1,2026-06-26,2026-06-28
TASK_09533,Create REST API,DevOps,High,Charlie,Completed,8,1,2026-03-08,2026-03-13
TASK_09534,Refactor backend code,Feature,Low,Frank,In Progress,19,18,2026-05-13,2026-05-26
TASK_09535,Improve application performance,Frontend,High,Frank,Completed,11,0,2026-02-13,2026-02-28
TASK_09536,Create REST API,UI/UX,Medium,Henry,Completed,14,1,2026-07-19,2026-08-06
TASK_09537,Refactor backend code,DevOps,Medium,David,In Progress,1,0,2026-04-05,2026-05-05
TASK_09538,Develop user profile page,Database,High,Frank,In Progress,5,0,2026-06-02,2026-06-16
TASK_09539,Design dashboard UI,Documentation,Low,Bob,Completed,19,5,2026-05-28,2026-06-11
TASK_09540,Configure CI/CD pipeline,Feature,Medium,Bob,Completed,17,1,2026-06-05,2026-06-28
TASK_09541,Create REST API,Feature,Critical,Grace,On Hold,11,9,2026-05-10,2026-05-25
TASK_09542,Add search functionality,Backend,Medium,Charlie,Pending,3,2,2026-04-26,2026-05-07
TASK_09543,Develop analytics dashboard,Database,Medium,Henry,Completed,19,9,2026-03-22,2026-03-30
TASK_09544,Configure CI/CD pipeline,Testing,Low,David,Completed,19,10,2026-07-02,2026-07-21
TASK_09545,Integrate email notifications,Documentation,Critical,Alice,On Hold,5,5,2026-04-18,2026-04-24
TASK_09546,Fix responsive layout,Documentation,Low,Henry,Completed,7,4,2026-04-16,2026-05-01
TASK_09547,Implement chatbot,Frontend,High,Emma,In Progress,13,12,2026-07-02,2026-07-29
TASK_09548,Fix responsive layout,Frontend,High,David,In Progress,9,2,2026-04-27,2026-04-30
TASK_09549,Fix responsive layout,Frontend,High,Alice,Pending,10,5,2026-06-14,2026-07-06
TASK_09550,Implement chatbot,Database,Low,Frank,Pending,12,5,2026-05-06,2026-05-31
TASK_09551,Develop user profile page,Backend,Medium,Frank,Pending,15,14,2026-07-17,2026-08-07
TASK_09552,Develop user profile page,Feature,Medium,Henry,In Progress,20,7,2026-07-07,2026-07-30
TASK_09553,Create reports module,Security,Low,Alice,Completed,3,2,2026-05-24,2026-06-07
TASK_09554,Integrate email notifications,Backend,Low,Frank,On Hold,10,6,2026-03-05,2026-03-21
TASK_09555,Deploy application,Testing,High,Grace,On Hold,6,0,2026-02-08,2026-02-17
TASK_09556,Write unit tests,Security,Low,Charlie,In Progress,18,4,2026-05-15,2026-05-24
TASK_09557,Create REST API,Bug,Low,Grace,Completed,14,0,2026-03-16,2026-04-05
TASK_09558,Integrate email notifications,Security,Medium,Alice,Pending,5,0,2026-07-06,2026-07-26
TASK_09559,Build admin panel,UI/UX,Medium,Henry,On Hold,14,13,2026-05-12,2026-05-30
TASK_09560,Add search functionality,UI/UX,Low,Bob,On Hold,11,1,2026-05-26,2026-06-21
TASK_09561,Implement payment gateway,Backend,Medium,Bob,On Hold,14,6,2026-03-29,2026-04-06
TASK_09562,Create REST API,DevOps,High,Henry,Completed,3,3,2026-03-31,2026-04-20
TASK_09563,Write unit tests,Security,Medium,David,In Progress,19,1,2026-02-23,2026-03-22
TASK_09564,Design dashboard UI,UI/UX,Medium,Henry,In Progress,8,5,2026-02-21,2026-02-27
TASK_09565,Create REST API,Security,Low,Henry,Completed,19,10,2026-05-07,2026-05-14
TASK_09566,Create REST API,Testing,Low,Grace,Pending,9,9,2026-07-26,2026-08-06
TASK_09567,Implement dark mode,Backend,High,Bob,In Progress,16,16,2026-06-07,2026-06-17
TASK_09568,Optimize SQL queries,Database,Critical,Alice,Completed,2,0,2026-02-16,2026-03-06
TASK_09569,Develop user profile page,Feature,High,Grace,Pending,1,0,2026-02-17,2026-03-12
TASK_09570,Update project documentation,Feature,Critical,Alice,In Progress,3,1,2026-06-13,2026-07-05
TASK_09571,Update project documentation,Documentation,Low,Frank,Completed,16,14,2026-02-12,2026-02-23
TASK_09572,Develop user profile page,Bug,High,Charlie,Completed,12,10,2026-03-29,2026-04-19
TASK_09573,Fix login authentication bug,Backend,Critical,Frank,Pending,19,19,2026-02-20,2026-03-11
TASK_09574,Implement payment gateway,DevOps,Low,Emma,Completed,13,7,2026-01-31,2026-03-01
TASK_09575,Integrate email notifications,Bug,High,Grace,Pending,9,6,2026-06-10,2026-06-22
TASK_09576,Improve application performance,Bug,Low,Grace,Completed,14,11,2026-02-25,2026-03-07
TASK_09577,Update project documentation,Testing,Critical,Henry,On Hold,2,2,2026-05-19,2026-06-12
TASK_09578,Develop user profile page,Security,High,Emma,On Hold,11,6,2026-05-22,2026-06-11
TASK_09579,Add search functionality,Database,Critical,Bob,Pending,11,7,2026-04-25,2026-05-21
TASK_09580,Implement dark mode,Database,High,Alice,Completed,5,4,2026-03-13,2026-03-20
TASK_09581,Implement dark mode,UI/UX,Low,Frank,On Hold,9,9,2026-07-19,2026-07-25
TASK_09582,Develop analytics dashboard,Security,Low,Emma,Completed,1,0,2026-05-28,2026-06-13
TASK_09583,Improve application performance,Testing,Medium,Bob,Pending,9,5,2026-02-05,2026-02-18
TASK_09584,Add search functionality,Database,High,Emma,On Hold,4,1,2026-06-12,2026-07-01
TASK_09585,Implement dark mode,Backend,High,Emma,In Progress,3,1,2026-04-06,2026-05-04
TASK_09586,Add search functionality,UI/UX,Medium,Alice,Pending,19,1,2026-02-05,2026-02-10
TASK_09587,Create REST API,Bug,Critical,Alice,On Hold,11,4,2026-03-19,2026-03-31
TASK_09588,Create reports module,Documentation,Low,Charlie,Pending,8,6,2026-02-06,2026-02-11
TASK_09589,Create REST API,Frontend,Critical,Frank,Completed,17,4,2026-06-12,2026-06-17
TASK_09590,Improve application performance,Feature,High,Charlie,In Progress,18,8,2026-05-18,2026-06-16
TASK_09591,Optimize SQL queries,Bug,Medium,David,Pending,13,13,2026-03-24,2026-04-10
TASK_09592,Create REST API,Testing,Critical,Alice,On Hold,12,8,2026-06-01,2026-06-03
TASK_09593,Develop analytics dashboard,Bug,High,Charlie,Completed,1,1,2026-02-05,2026-02-16
TASK_09594,Develop user profile page,Documentation,High,Emma,Completed,4,3,2026-04-28,2026-05-17
TASK_09595,Build admin panel,Frontend,Low,Charlie,Pending,2,1,2026-05-22,2026-06-14
TASK_09596,Improve application performance,Backend,Medium,Emma,Pending,1,1,2026-07-09,2026-08-02
TASK_09597,Develop analytics dashboard,Feature,Critical,Bob,Pending,17,0,2026-05-07,2026-05-30
TASK_09598,Create reports module,Frontend,Low,Henry,In Progress,2,2,2026-04-11,2026-04-16
TASK_09599,Fix responsive layout,Testing,Critical,Bob,On Hold,16,2,2026-01-31,2026-02-11
TASK_09600,Configure CI/CD pipeline,Frontend,Low,Emma,In Progress,12,9,2026-04-07,2026-05-02
TASK_09601,Implement dark mode,Database,High,Alice,Pending,20,2,2026-03-12,2026-04-11
TASK_09602,Fix responsive layout,Testing,Critical,Charlie,On Hold,17,0,2026-02-25,2026-03-23
TASK_09603,Implement payment gateway,Documentation,High,Grace,In Progress,19,11,2026-03-12,2026-04-05
TASK_09604,Create reports module,Frontend,High,Grace,On Hold,16,2,2026-06-12,2026-06-18
TASK_09605,Develop user profile page,UI/UX,Medium,Charlie,Pending,17,4,2026-05-21,2026-06-13
TASK_09606,Implement chatbot,DevOps,Low,Frank,On Hold,1,1,2026-02-11,2026-03-03
TASK_09607,Refactor backend code,Security,Critical,Grace,Completed,13,5,2026-04-10,2026-05-01
TASK_09608,Fix responsive layout,Feature,Low,Frank,Pending,20,18,2026-02-24,2026-03-20
TASK_09609,Develop user profile page,Documentation,Medium,Frank,Pending,20,17,2026-02-03,2026-02-16
TASK_09610,Configure CI/CD pipeline,Feature,Critical,Grace,Pending,9,5,2026-03-31,2026-04-22
TASK_09611,Create reports module,Security,Low,Alice,In Progress,1,1,2026-03-28,2026-04-06
TASK_09612,Update project documentation,Feature,High,David,On Hold,7,6,2026-04-04,2026-04-09
TASK_09613,Write unit tests,Database,Medium,Emma,On Hold,19,18,2026-05-12,2026-06-05
TASK_09614,Develop analytics dashboard,Frontend,Medium,Alice,On Hold,16,0,2026-04-29,2026-05-11
TASK_09615,Fix responsive layout,Frontend,Medium,Frank,Completed,14,7,2026-02-14,2026-02-18
TASK_09616,Implement dark mode,Database,Critical,Alice,Pending,11,1,2026-03-25,2026-04-02
TASK_09617,Fix login authentication bug,Testing,Medium,Grace,On Hold,7,6,2026-04-11,2026-04-14
TASK_09618,Write unit tests,Feature,Medium,Charlie,In Progress,3,3,2026-03-20,2026-04-09
TASK_09619,Create REST API,Frontend,Critical,Emma,In Progress,17,14,2026-04-22,2026-05-15
TASK_09620,Develop user profile page,Bug,Critical,David,In Progress,10,7,2026-03-02,2026-03-13
TASK_09621,Deploy application,Bug,Low,Charlie,In Progress,15,6,2026-06-09,2026-06-18
TASK_09622,Optimize SQL queries,Feature,High,Bob,Completed,3,1,2026-06-10,2026-07-03
TASK_09623,Write unit tests,UI/UX,High,Charlie,On Hold,16,5,2026-02-22,2026-03-20
TASK_09624,Build admin panel,Database,High,Alice,On Hold,13,7,2026-04-26,2026-05-25
TASK_09625,Integrate email notifications,Backend,High,Grace,In Progress,1,1,2026-02-19,2026-02-25
TASK_09626,Update project documentation,Testing,Medium,Henry,Pending,5,1,2026-03-12,2026-04-08
TASK_09627,Design dashboard UI,Testing,Critical,Bob,On Hold,16,4,2026-04-23,2026-05-06
TASK_09628,Deploy application,Frontend,Critical,David,In Progress,9,6,2026-05-29,2026-06-26
TASK_09629,Fix login authentication bug,Security,Medium,Alice,On Hold,3,3,2026-04-18,2026-04-24
TASK_09630,Build admin panel,Security,Low,Charlie,Completed,8,1,2026-06-02,2026-07-01
TASK_09631,Configure CI/CD pipeline,Frontend,Critical,Charlie,In Progress,12,12,2026-07-03,2026-07-17
TASK_09632,Fix responsive layout,Documentation,Critical,Bob,In Progress,17,3,2026-06-01,2026-06-15
TASK_09633,Create REST API,UI/UX,Critical,Bob,In Progress,19,11,2026-04-13,2026-05-11
TASK_09634,Configure CI/CD pipeline,Security,Low,Frank,Pending,8,3,2026-04-22,2026-04-28
TASK_09635,Integrate email notifications,Documentation,Critical,Charlie,On Hold,12,11,2026-05-29,2026-06-11
TASK_09636,Create REST API,UI/UX,Critical,Charlie,Completed,15,5,2026-05-10,2026-05-22
TASK_09637,Implement chatbot,Database,Critical,Bob,In Progress,17,1,2026-05-02,2026-05-05
TASK_09638,Fix login authentication bug,Frontend,Low,Henry,Completed,20,1,2026-06-04,2026-06-18
TASK_09639,Implement payment gateway,Feature,Low,Charlie,On Hold,9,9,2026-05-13,2026-06-06
TASK_09640,Refactor backend code,Testing,Critical,Alice,Pending,9,1,2026-06-08,2026-07-03
TASK_09641,Create REST API,Frontend,Medium,Alice,Pending,10,0,2026-04-22,2026-04-24
TASK_09642,Create REST API,Database,Medium,Alice,On Hold,8,1,2026-07-13,2026-07-22
TASK_09643,Write unit tests,Frontend,Low,Alice,In Progress,15,11,2026-07-19,2026-08-12
TASK_09644,Refactor backend code,Security,Critical,Henry,In Progress,18,1,2026-03-18,2026-03-22
TASK_09645,Improve application performance,Documentation,Medium,Charlie,In Progress,13,7,2026-04-21,2026-05-12
TASK_09646,Optimize SQL queries,Database,Medium,Emma,In Progress,2,0,2026-03-06,2026-03-14
TASK_09647,Add search functionality,Backend,High,Charlie,On Hold,4,2,2026-02-01,2026-02-27
TASK_09648,Optimize SQL queries,Frontend,High,Charlie,On Hold,10,7,2026-05-22,2026-05-29
TASK_09649,Configure CI/CD pipeline,DevOps,Low,Emma,Completed,2,1,2026-07-13,2026-07-28
TASK_09650,Optimize SQL queries,Database,Low,Bob,In Progress,12,4,2026-02-27,2026-03-07
TASK_09651,Deploy application,Security,High,Alice,Pending,10,8,2026-05-07,2026-06-04
TASK_09652,Update project documentation,Database,Medium,Charlie,On Hold,1,0,2026-03-20,2026-04-11
TASK_09653,Integrate email notifications,Frontend,Low,Henry,Completed,18,2,2026-04-06,2026-04-12
TASK_09654,Implement payment gateway,Documentation,Medium,Frank,In Progress,8,1,2026-02-08,2026-02-15
TASK_09655,Add search functionality,Feature,High,Henry,On Hold,14,12,2026-05-24,2026-05-26
TASK_09656,Add search functionality,Backend,Critical,Bob,Completed,20,14,2026-06-13,2026-07-04
TASK_09657,Add search functionality,Testing,High,Emma,Pending,3,1,2026-04-19,2026-05-17
TASK_09658,Develop user profile page,Database,Medium,Frank,Pending,9,6,2026-04-01,2026-04-17
TASK_09659,Update project documentation,Backend,Medium,Frank,On Hold,9,3,2026-06-08,2026-06-23
TASK_09660,Deploy application,Feature,Critical,Charlie,On Hold,14,0,2026-07-06,2026-07-19
TASK_09661,Improve application performance,Bug,Critical,Alice,In Progress,12,10,2026-07-20,2026-07-22
TASK_09662,Build admin panel,Documentation,High,Bob,In Progress,18,13,2026-05-03,2026-05-23
TASK_09663,Create REST API,Feature,Medium,Henry,Pending,13,11,2026-07-08,2026-07-17
TASK_09664,Fix responsive layout,Security,High,Henry,Completed,6,2,2026-02-05,2026-02-24
TASK_09665,Integrate email notifications,Security,Low,Grace,On Hold,13,3,2026-03-30,2026-04-19
TASK_09666,Add search functionality,UI/UX,Critical,Henry,In Progress,18,6,2026-05-01,2026-05-29
TASK_09667,Update project documentation,Documentation,Critical,Emma,Completed,6,2,2026-05-23,2026-05-28
TASK_09668,Fix login authentication bug,Documentation,Medium,David,On Hold,7,6,2026-07-16,2026-07-23
TASK_09669,Fix login authentication bug,Documentation,Critical,Bob,In Progress,6,4,2026-05-09,2026-05-16
TASK_09670,Implement dark mode,Frontend,Medium,Alice,Pending,3,2,2026-05-17,2026-06-09
TASK_09671,Implement chatbot,Backend,Low,Bob,Pending,6,5,2026-05-09,2026-05-17
TASK_09672,Design dashboard UI,UI/UX,Low,Charlie,Pending,17,3,2026-07-16,2026-08-05
TASK_09673,Update project documentation,UI/UX,Medium,Emma,On Hold,6,1,2026-05-09,2026-05-12
TASK_09674,Create reports module,Testing,Low,Bob,Pending,4,0,2026-07-21,2026-08-17
TASK_09675,Create reports module,Backend,Low,David,In Progress,12,8,2026-04-27,2026-05-13
TASK_09676,Develop analytics dashboard,Security,Critical,Grace,On Hold,10,9,2026-05-28,2026-06-01
TASK_09677,Optimize SQL queries,UI/UX,High,Henry,Completed,15,10,2026-06-07,2026-06-21
TASK_09678,Build admin panel,Security,High,Alice,In Progress,7,2,2026-05-03,2026-05-17
TASK_09679,Build admin panel,Security,High,David,Completed,16,7,2026-04-14,2026-04-26
TASK_09680,Create reports module,Testing,Low,David,In Progress,19,10,2026-02-17,2026-02-27
TASK_09681,Develop user profile page,DevOps,Medium,Henry,In Progress,12,11,2026-07-20,2026-08-05
TASK_09682,Design dashboard UI,Documentation,Medium,Bob,On Hold,14,2,2026-04-09,2026-04-23
TASK_09683,Refactor backend code,Testing,Low,Charlie,Completed,4,2,2026-06-13,2026-06-27
TASK_09684,Develop user profile page,Database,High,Charlie,Completed,16,11,2026-06-15,2026-07-15
TASK_09685,Implement dark mode,Testing,High,Grace,Pending,15,13,2026-07-05,2026-07-26
TASK_09686,Create reports module,Bug,High,Henry,On Hold,17,7,2026-06-20,2026-07-20
TASK_09687,Fix login authentication bug,Frontend,Medium,Grace,Pending,19,2,2026-07-15,2026-08-14
TASK_09688,Fix responsive layout,Bug,High,Alice,On Hold,14,11,2026-05-26,2026-06-17
TASK_09689,Implement dark mode,Documentation,Medium,Bob,On Hold,1,0,2026-05-09,2026-05-23
TASK_09690,Fix responsive layout,Frontend,Critical,Alice,In Progress,6,1,2026-07-21,2026-07-28
TASK_09691,Update project documentation,Database,Low,Alice,Pending,3,1,2026-03-01,2026-03-17
TASK_09692,Create REST API,Documentation,Critical,Grace,On Hold,1,1,2026-04-16,2026-05-04
TASK_09693,Design dashboard UI,Documentation,High,Bob,Pending,6,4,2026-05-11,2026-05-29
TASK_09694,Create REST API,Feature,Low,Grace,In Progress,8,3,2026-02-18,2026-03-11
TASK_09695,Create REST API,Frontend,Low,Henry,In Progress,13,10,2026-07-13,2026-07-20
TASK_09696,Design dashboard UI,Bug,Low,David,In Progress,7,1,2026-04-28,2026-05-26
TASK_09697,Fix responsive layout,Testing,Low,Emma,Pending,10,7,2026-07-18,2026-07-27
TASK_09698,Implement dark mode,Backend,Critical,Grace,Completed,8,1,2026-03-26,2026-04-21
TASK_09699,Implement dark mode,Security,Critical,Charlie,On Hold,15,6,2026-06-01,2026-06-24
TASK_09700,Optimize SQL queries,Bug,Medium,Henry,Pending,17,8,2026-07-20,2026-08-13
TASK_09701,Deploy application,Database,Critical,Charlie,In Progress,4,0,2026-03-21,2026-04-12
TASK_09702,Build admin panel,Database,High,Charlie,On Hold,19,10,2026-05-15,2026-05-26
TASK_09703,Refactor backend code,Frontend,Medium,Frank,On Hold,15,11,2026-07-02,2026-07-27
TASK_09704,Create reports module,Database,Medium,Alice,Completed,13,7,2026-05-26,2026-06-13
TASK_09705,Integrate email notifications,Database,High,David,Completed,14,14,2026-07-06,2026-07-29
TASK_09706,Integrate email notifications,Frontend,Critical,Charlie,Pending,19,12,2026-04-11,2026-05-11
TASK_09707,Integrate email notifications,Backend,Medium,Alice,In Progress,13,5,2026-02-04,2026-02-21
TASK_09708,Build admin panel,Security,High,Alice,In Progress,1,1,2026-05-30,2026-06-13
TASK_09709,Integrate email notifications,Feature,Medium,Grace,Completed,7,7,2026-04-10,2026-04-23
TASK_09710,Deploy application,Backend,High,Grace,On Hold,7,2,2026-05-18,2026-06-01
TASK_09711,Develop analytics dashboard,Bug,Medium,Frank,On Hold,10,3,2026-03-25,2026-04-08
TASK_09712,Create reports module,Backend,High,David,On Hold,18,12,2026-03-22,2026-04-07
TASK_09713,Add search functionality,Backend,Low,Alice,On Hold,8,7,2026-03-19,2026-03-21
TASK_09714,Optimize SQL queries,UI/UX,Medium,David,On Hold,17,9,2026-06-25,2026-07-01
TASK_09715,Update project documentation,DevOps,Medium,Bob,Completed,17,7,2026-06-06,2026-06-09
TASK_09716,Build admin panel,Frontend,High,Alice,Pending,20,10,2026-04-01,2026-04-08
TASK_09717,Fix login authentication bug,Backend,Medium,David,In Progress,8,8,2026-07-01,2026-07-26
TASK_09718,Fix login authentication bug,Testing,Low,David,On Hold,3,3,2026-02-26,2026-03-21
TASK_09719,Improve application performance,Documentation,Critical,Grace,On Hold,3,0,2026-05-26,2026-06-20
TASK_09720,Design dashboard UI,UI/UX,Low,Grace,Completed,10,3,2026-04-02,2026-04-24
TASK_09721,Improve application performance,Frontend,Medium,Frank,Pending,7,0,2026-06-10,2026-06-22
TASK_09722,Fix responsive layout,Feature,Critical,Emma,Completed,5,5,2026-07-07,2026-07-22
TASK_09723,Deploy application,Bug,Low,David,Completed,4,2,2026-04-14,2026-04-27
TASK_09724,Configure CI/CD pipeline,Documentation,Low,Charlie,Pending,10,7,2026-03-14,2026-03-23
TASK_09725,Implement chatbot,Backend,Medium,Charlie,On Hold,9,1,2026-07-06,2026-07-25
TASK_09726,Develop user profile page,Feature,Medium,Henry,On Hold,4,3,2026-06-04,2026-06-16
TASK_09727,Improve application performance,UI/UX,Medium,Frank,On Hold,5,5,2026-04-15,2026-04-23
TASK_09728,Refactor backend code,DevOps,Medium,Henry,On Hold,1,0,2026-07-01,2026-07-25
TASK_09729,Develop user profile page,Frontend,High,Grace,In Progress,12,4,2026-07-18,2026-08-14
TASK_09730,Update project documentation,Security,Low,Charlie,Pending,9,8,2026-04-11,2026-05-04
TASK_09731,Integrate email notifications,Testing,Critical,Henry,On Hold,4,1,2026-04-24,2026-05-07
TASK_09732,Configure CI/CD pipeline,UI/UX,Critical,Emma,In Progress,11,10,2026-06-27,2026-07-11
TASK_09733,Improve application performance,Security,Low,David,Completed,8,7,2026-07-10,2026-07-20
TASK_09734,Implement chatbot,UI/UX,Critical,Frank,Pending,10,7,2026-04-15,2026-05-01
TASK_09735,Design dashboard UI,Database,High,Bob,In Progress,14,7,2026-06-18,2026-06-24
TASK_09736,Integrate email notifications,Frontend,High,Bob,Pending,12,3,2026-07-08,2026-08-07
TASK_09737,Design dashboard UI,Database,High,Alice,Completed,8,1,2026-03-27,2026-04-06
TASK_09738,Optimize SQL queries,Database,Critical,Alice,Completed,18,11,2026-02-09,2026-02-19
TASK_09739,Improve application performance,Security,Medium,Grace,Completed,17,10,2026-04-03,2026-04-23
TASK_09740,Fix responsive layout,Security,Medium,Bob,Pending,13,8,2026-02-24,2026-03-09
TASK_09741,Deploy application,Security,Low,Frank,Pending,19,10,2026-03-19,2026-03-28
TASK_09742,Design dashboard UI,Testing,High,Henry,On Hold,19,1,2026-03-20,2026-04-12
TASK_09743,Refactor backend code,DevOps,Medium,Alice,Completed,6,3,2026-05-07,2026-05-21
TASK_09744,Create reports module,Feature,High,Charlie,On Hold,8,0,2026-06-16,2026-07-04
TASK_09745,Develop user profile page,Bug,High,David,Pending,18,12,2026-02-21,2026-02-25
TASK_09746,Create reports module,Bug,High,Emma,On Hold,4,0,2026-03-02,2026-03-28
TASK_09747,Deploy application,UI/UX,High,Emma,In Progress,10,5,2026-04-21,2026-05-08
TASK_09748,Deploy application,Testing,Medium,Grace,On Hold,8,3,2026-05-12,2026-05-17
TASK_09749,Improve application performance,Testing,Low,Charlie,In Progress,18,4,2026-04-19,2026-05-01
TASK_09750,Fix login authentication bug,Security,Low,Bob,In Progress,5,1,2026-03-03,2026-03-09
TASK_09751,Implement payment gateway,Security,Critical,Emma,Pending,13,6,2026-05-08,2026-06-02
TASK_09752,Design dashboard UI,Feature,Low,David,Pending,18,0,2026-03-30,2026-04-28
TASK_09753,Create reports module,Testing,High,Alice,Completed,13,6,2026-03-07,2026-03-19
TASK_09754,Add search functionality,DevOps,Low,Frank,Pending,1,0,2026-02-07,2026-03-09
TASK_09755,Optimize SQL queries,DevOps,High,Bob,Completed,12,7,2026-06-13,2026-07-03
TASK_09756,Fix login authentication bug,Security,High,Henry,Completed,11,1,2026-03-25,2026-04-07
TASK_09757,Optimize SQL queries,Frontend,Critical,Alice,Pending,6,4,2026-01-29,2026-02-14
TASK_09758,Improve application performance,DevOps,Medium,Bob,On Hold,12,2,2026-04-03,2026-04-18
TASK_09759,Integrate email notifications,Security,High,Grace,In Progress,18,14,2026-07-11,2026-07-14
TASK_09760,Build admin panel,Testing,Low,Frank,On Hold,6,1,2026-03-04,2026-03-15
TASK_09761,Build admin panel,Documentation,Medium,Charlie,Completed,17,6,2026-02-22,2026-02-24
TASK_09762,Deploy application,UI/UX,Low,Frank,In Progress,17,8,2026-02-27,2026-03-24
TASK_09763,Integrate email notifications,Bug,Medium,Grace,On Hold,9,5,2026-07-04,2026-07-19
TASK_09764,Fix login authentication bug,Frontend,Critical,Henry,Pending,20,20,2026-06-29,2026-07-16
TASK_09765,Implement dark mode,Feature,High,David,On Hold,5,1,2026-01-30,2026-02-24
TASK_09766,Deploy application,Database,High,Henry,In Progress,9,9,2026-06-09,2026-06-24
TASK_09767,Refactor backend code,Documentation,Low,Charlie,Pending,6,1,2026-05-08,2026-05-19
TASK_09768,Build admin panel,Backend,High,Frank,Completed,3,1,2026-07-10,2026-07-13
TASK_09769,Write unit tests,Database,Critical,Frank,In Progress,7,7,2026-04-07,2026-04-17
TASK_09770,Create REST API,Documentation,Critical,David,Completed,8,2,2026-06-08,2026-06-25
TASK_09771,Integrate email notifications,Bug,Critical,Bob,On Hold,1,0,2026-04-12,2026-04-22
TASK_09772,Develop analytics dashboard,DevOps,Low,Bob,On Hold,14,9,2026-05-12,2026-05-18
TASK_09773,Implement dark mode,Testing,Low,Charlie,In Progress,15,9,2026-05-16,2026-06-01
TASK_09774,Write unit tests,UI/UX,Critical,Grace,On Hold,12,1,2026-04-20,2026-04-26
TASK_09775,Optimize SQL queries,Frontend,Low,Grace,On Hold,15,4,2026-06-01,2026-06-25
TASK_09776,Create reports module,Documentation,High,Alice,In Progress,2,2,2026-05-07,2026-06-04
TASK_09777,Refactor backend code,Feature,High,Alice,On Hold,17,13,2026-03-14,2026-04-07
TASK_09778,Add search functionality,Feature,High,Emma,In Progress,14,3,2026-02-24,2026-03-25
TASK_09779,Fix responsive layout,Bug,Critical,Bob,On Hold,17,0,2026-07-14,2026-08-12
TASK_09780,Develop user profile page,Feature,Low,Alice,Pending,14,6,2026-07-19,2026-08-14
TASK_09781,Build admin panel,DevOps,Low,Emma,Pending,3,0,2026-04-20,2026-05-17
TASK_09782,Build admin panel,Feature,Critical,Emma,Pending,9,5,2026-06-26,2026-07-01
TASK_09783,Implement chatbot,DevOps,Critical,Charlie,Pending,19,8,2026-02-02,2026-02-21
TASK_09784,Develop user profile page,UI/UX,Critical,Grace,Pending,14,3,2026-05-22,2026-06-16
TASK_09785,Fix login authentication bug,Frontend,High,Emma,Pending,19,18,2026-06-06,2026-07-01
TASK_09786,Update project documentation,Testing,Low,Alice,On Hold,12,6,2026-02-02,2026-02-25
TASK_09787,Design dashboard UI,DevOps,Low,David,Pending,19,5,2026-03-23,2026-03-30
TASK_09788,Implement dark mode,Backend,Medium,Alice,On Hold,5,2,2026-04-06,2026-04-17
TASK_09789,Integrate email notifications,Frontend,Critical,Emma,Pending,19,2,2026-07-08,2026-07-13
TASK_09790,Configure CI/CD pipeline,DevOps,High,Emma,Pending,9,9,2026-02-25,2026-03-11
TASK_09791,Develop analytics dashboard,Testing,Critical,David,On Hold,10,1,2026-02-16,2026-02-19
TASK_09792,Write unit tests,Backend,Critical,Alice,Pending,12,5,2026-03-25,2026-03-31
TASK_09793,Create reports module,Testing,Medium,Henry,In Progress,6,3,2026-03-20,2026-04-14
TASK_09794,Update project documentation,Security,Low,Bob,In Progress,4,0,2026-06-15,2026-07-01
TASK_09795,Develop user profile page,Documentation,Medium,Bob,In Progress,4,3,2026-04-21,2026-04-29
TASK_09796,Update project documentation,UI/UX,Low,Charlie,On Hold,13,4,2026-07-25,2026-07-29
TASK_09797,Fix responsive layout,Database,Low,Charlie,On Hold,5,1,2026-05-29,2026-06-26
TASK_09798,Update project documentation,Backend,Critical,Bob,Completed,19,8,2026-02-02,2026-02-24
TASK_09799,Integrate email notifications,DevOps,Critical,David,Completed,4,4,2026-02-21,2026-03-21
TASK_09800,Fix login authentication bug,UI/UX,Critical,Emma,On Hold,8,1,2026-02-01,2026-02-23
TASK_09801,Configure CI/CD pipeline,Frontend,Medium,Charlie,Pending,15,10,2026-04-16,2026-05-07
TASK_09802,Fix login authentication bug,DevOps,Critical,David,Completed,17,7,2026-04-28,2026-05-20
TASK_09803,Integrate email notifications,UI/UX,High,Charlie,On Hold,7,4,2026-05-22,2026-06-18
TASK_09804,Develop analytics dashboard,UI/UX,Critical,Emma,Completed,13,11,2026-07-26,2026-08-02
TASK_09805,Implement chatbot,DevOps,Low,Alice,In Progress,3,0,2026-02-05,2026-02-10
TASK_09806,Develop analytics dashboard,Bug,Critical,Henry,In Progress,4,3,2026-03-16,2026-04-04
TASK_09807,Create REST API,DevOps,Low,David,On Hold,14,13,2026-03-04,2026-03-30
TASK_09808,Improve application performance,DevOps,Critical,Frank,Completed,12,5,2026-02-08,2026-02-16
TASK_09809,Optimize SQL queries,Feature,Critical,Bob,On Hold,20,13,2026-06-25,2026-07-18
TASK_09810,Optimize SQL queries,Security,High,Charlie,Pending,13,0,2026-06-29,2026-07-13
TASK_09811,Implement chatbot,UI/UX,Medium,Grace,Pending,11,2,2026-01-28,2026-02-16
TASK_09812,Improve application performance,Testing,Low,Henry,Pending,12,8,2026-06-05,2026-06-21
TASK_09813,Implement payment gateway,Documentation,High,Frank,On Hold,20,8,2026-07-15,2026-07-28
TASK_09814,Integrate email notifications,Documentation,Medium,Frank,On Hold,8,1,2026-05-03,2026-05-31
TASK_09815,Improve application performance,Backend,Critical,Charlie,Pending,12,5,2026-07-14,2026-07-16
TASK_09816,Fix login authentication bug,Frontend,Medium,Charlie,On Hold,14,0,2026-05-15,2026-06-12
TASK_09817,Write unit tests,Database,Low,Grace,Pending,12,4,2026-03-20,2026-03-28
TASK_09818,Develop user profile page,Frontend,High,Frank,Completed,13,5,2026-07-16,2026-07-24
TASK_09819,Improve application performance,Frontend,Medium,Alice,On Hold,1,0,2026-02-11,2026-02-23
TASK_09820,Write unit tests,DevOps,Low,Henry,Pending,3,1,2026-06-07,2026-06-13
TASK_09821,Improve application performance,UI/UX,Critical,Grace,In Progress,5,1,2026-02-03,2026-02-20
TASK_09822,Build admin panel,Documentation,Medium,Emma,Completed,8,5,2026-03-05,2026-03-07
TASK_09823,Optimize SQL queries,DevOps,Medium,Alice,On Hold,12,10,2026-03-19,2026-03-26
TASK_09824,Improve application performance,Backend,Medium,Bob,In Progress,17,14,2026-03-01,2026-03-22
TASK_09825,Fix login authentication bug,DevOps,Critical,Charlie,Completed,17,13,2026-05-14,2026-05-18
TASK_09826,Fix responsive layout,Security,Low,Emma,In Progress,12,12,2026-06-13,2026-06-26
TASK_09827,Update project documentation,Backend,Low,Henry,On Hold,12,3,2026-04-06,2026-04-18
TASK_09828,Fix login authentication bug,Security,Medium,Alice,Pending,15,11,2026-02-04,2026-03-04
TASK_09829,Refactor backend code,Feature,Critical,Frank,In Progress,18,14,2026-02-03,2026-02-22
TASK_09830,Build admin panel,Database,High,Henry,Pending,8,0,2026-03-31,2026-04-20
TASK_09831,Develop analytics dashboard,Bug,Medium,Bob,On Hold,11,6,2026-04-15,2026-04-21
TASK_09832,Implement chatbot,Database,Low,Alice,On Hold,10,4,2026-05-25,2026-06-12
TASK_09833,Implement payment gateway,Backend,Low,Emma,Completed,5,4,2026-07-09,2026-07-18
TASK_09834,Create reports module,Bug,High,Grace,Completed,20,18,2026-06-21,2026-07-07
TASK_09835,Integrate email notifications,Database,Low,Alice,On Hold,20,4,2026-01-28,2026-02-07
TASK_09836,Fix responsive layout,Testing,Critical,Emma,On Hold,13,10,2026-04-27,2026-05-13
TASK_09837,Create REST API,Documentation,Low,Henry,On Hold,15,7,2026-03-28,2026-04-02
TASK_09838,Optimize SQL queries,Security,High,Emma,On Hold,18,10,2026-03-01,2026-03-10
TASK_09839,Add search functionality,Documentation,High,Henry,In Progress,4,3,2026-02-24,2026-03-08
TASK_09840,Create REST API,Database,Medium,Frank,Completed,18,2,2026-05-19,2026-06-11
TASK_09841,Fix login authentication bug,DevOps,Critical,Frank,Pending,19,18,2026-02-05,2026-02-14
TASK_09842,Configure CI/CD pipeline,UI/UX,Critical,Alice,On Hold,18,14,2026-02-12,2026-03-14
TASK_09843,Develop user profile page,Security,Critical,Grace,Pending,11,1,2026-03-24,2026-04-13
TASK_09844,Design dashboard UI,DevOps,Low,David,Pending,11,7,2026-03-24,2026-03-28
TASK_09845,Improve application performance,UI/UX,Low,David,On Hold,20,3,2026-07-04,2026-07-24
TASK_09846,Write unit tests,Bug,High,Grace,Completed,20,7,2026-06-24,2026-07-07
TASK_09847,Update project documentation,Testing,Critical,Bob,Completed,13,5,2026-07-17,2026-08-12
TASK_09848,Develop user profile page,Frontend,Low,Grace,Completed,14,4,2026-07-02,2026-07-27
TASK_09849,Create REST API,Documentation,Low,Charlie,Pending,11,7,2026-02-13,2026-03-15
TASK_09850,Build admin panel,Feature,Critical,David,Pending,11,6,2026-02-08,2026-02-19
TASK_09851,Create reports module,Feature,Medium,Frank,On Hold,4,4,2026-06-21,2026-07-18
TASK_09852,Write unit tests,DevOps,Medium,Charlie,Pending,17,11,2026-03-09,2026-04-06
TASK_09853,Implement payment gateway,Security,Critical,Henry,Pending,16,13,2026-06-07,2026-06-12
TASK_09854,Configure CI/CD pipeline,Frontend,High,Grace,Completed,1,0,2026-06-22,2026-07-12
TASK_09855,Deploy application,Database,Medium,Bob,On Hold,2,2,2026-03-19,2026-04-03
TASK_09856,Design dashboard UI,Backend,Medium,Grace,Pending,13,9,2026-06-26,2026-07-01
TASK_09857,Implement chatbot,Database,High,Alice,Completed,7,5,2026-03-02,2026-04-01
TASK_09858,Implement payment gateway,Feature,Low,Frank,In Progress,5,1,2026-02-09,2026-02-25
TASK_09859,Create reports module,Bug,Medium,Grace,Completed,16,5,2026-06-29,2026-07-12
TASK_09860,Integrate email notifications,Security,Medium,Charlie,In Progress,10,9,2026-06-18,2026-06-24
TASK_09861,Implement dark mode,UI/UX,Low,David,Pending,6,3,2026-04-02,2026-04-20
TASK_09862,Deploy application,Security,High,Grace,Pending,20,1,2026-02-01,2026-02-06
TASK_09863,Create reports module,Security,High,Charlie,In Progress,18,13,2026-07-20,2026-08-15
TASK_09864,Deploy application,Backend,High,Emma,Pending,7,5,2026-06-13,2026-06-22
TASK_09865,Write unit tests,Documentation,High,Frank,Pending,12,12,2026-07-03,2026-07-16
TASK_09866,Add search functionality,Frontend,Low,Emma,On Hold,19,7,2026-03-30,2026-04-27
TASK_09867,Create REST API,Frontend,High,Bob,Completed,13,6,2026-07-05,2026-07-09
TASK_09868,Update project documentation,Feature,Low,Henry,On Hold,18,13,2026-06-28,2026-07-04
TASK_09869,Fix responsive layout,Documentation,Medium,Charlie,Completed,6,4,2026-07-07,2026-07-12
TASK_09870,Create reports module,Database,Low,Emma,Pending,19,19,2026-04-01,2026-04-24
TASK_09871,Design dashboard UI,Testing,Medium,Henry,On Hold,16,10,2026-03-10,2026-04-06
TASK_09872,Build admin panel,Database,Medium,David,On Hold,20,0,2026-04-20,2026-05-17
TASK_09873,Implement chatbot,Testing,Medium,Charlie,Completed,9,2,2026-03-30,2026-04-16
TASK_09874,Create reports module,Frontend,Low,Bob,In Progress,2,0,2026-02-27,2026-03-27
TASK_09875,Implement dark mode,Testing,Low,Frank,On Hold,1,1,2026-07-15,2026-07-23
TASK_09876,Improve application performance,Feature,Medium,Frank,Pending,14,8,2026-03-22,2026-04-12
TASK_09877,Implement payment gateway,Documentation,Low,Bob,Completed,13,8,2026-03-28,2026-04-27
TASK_09878,Implement chatbot,Documentation,Medium,Alice,Pending,18,14,2026-07-25,2026-08-07
TASK_09879,Design dashboard UI,Testing,Low,Henry,Pending,16,5,2026-02-16,2026-02-20
TASK_09880,Build admin panel,Feature,Critical,Frank,On Hold,17,0,2026-04-04,2026-04-20
TASK_09881,Optimize SQL queries,Testing,Low,Emma,Pending,19,4,2026-07-11,2026-08-05
TASK_09882,Refactor backend code,UI/UX,Critical,David,Completed,8,6,2026-05-03,2026-05-13
TASK_09883,Develop analytics dashboard,Testing,Critical,Grace,On Hold,10,9,2026-06-06,2026-06-10
TASK_09884,Deploy application,Backend,High,Frank,Completed,6,5,2026-03-04,2026-04-01
TASK_09885,Create reports module,Testing,Low,Emma,In Progress,6,4,2026-05-13,2026-06-10
TASK_09886,Develop user profile page,Backend,High,Grace,On Hold,1,0,2026-04-23,2026-05-06
TASK_09887,Write unit tests,Security,Medium,Frank,In Progress,12,6,2026-02-24,2026-03-12
TASK_09888,Improve application performance,Security,High,Alice,Completed,13,2,2026-05-30,2026-06-13
TASK_09889,Develop user profile page,Testing,Critical,David,Pending,3,2,2026-03-24,2026-04-18
TASK_09890,Design dashboard UI,UI/UX,Medium,Emma,On Hold,1,1,2026-06-21,2026-06-24
TASK_09891,Develop user profile page,Testing,Critical,Emma,In Progress,20,18,2026-03-06,2026-03-15
TASK_09892,Write unit tests,Feature,High,Alice,Completed,6,5,2026-07-25,2026-08-12
TASK_09893,Fix login authentication bug,UI/UX,Critical,Charlie,On Hold,9,7,2026-03-29,2026-04-01
TASK_09894,Integrate email notifications,Security,Low,Charlie,Completed,2,1,2026-07-09,2026-07-29
TASK_09895,Improve application performance,UI/UX,Medium,Emma,Pending,13,11,2026-06-06,2026-06-27
TASK_09896,Implement payment gateway,DevOps,Medium,Emma,In Progress,11,9,2026-06-13,2026-07-12
TASK_09897,Create REST API,Testing,Low,Grace,On Hold,15,10,2026-01-28,2026-02-13
TASK_09898,Update project documentation,Backend,Critical,Frank,Pending,8,6,2026-05-10,2026-05-24
TASK_09899,Configure CI/CD pipeline,Frontend,Critical,David,Pending,14,12,2026-03-17,2026-03-22
TASK_09900,Update project documentation,Frontend,Low,Alice,In Progress,18,6,2026-03-29,2026-04-26
TASK_09901,Create REST API,Database,Medium,Henry,On Hold,20,12,2026-03-17,2026-04-01
TASK_09902,Optimize SQL queries,UI/UX,Medium,Henry,In Progress,10,2,2026-03-06,2026-03-28
TASK_09903,Develop user profile page,Bug,Medium,Grace,On Hold,15,13,2026-04-15,2026-04-27
TASK_09904,Update project documentation,Bug,Medium,David,On Hold,16,8,2026-03-28,2026-04-09
TASK_09905,Develop user profile page,UI/UX,Low,Alice,Pending,2,1,2026-06-11,2026-06-21
TASK_09906,Create REST API,Documentation,High,David,In Progress,11,3,2026-06-28,2026-07-23
TASK_09907,Improve application performance,Documentation,Medium,David,Pending,4,3,2026-02-10,2026-03-10
TASK_09908,Deploy application,Testing,High,Frank,In Progress,19,13,2026-03-17,2026-03-29
TASK_09909,Write unit tests,Security,High,Frank,Completed,12,1,2026-04-19,2026-05-02
TASK_09910,Build admin panel,Documentation,Low,Grace,On Hold,18,8,2026-02-24,2026-03-16
TASK_09911,Develop user profile page,Feature,Low,Henry,Completed,11,11,2026-03-14,2026-04-04
TASK_09912,Add search functionality,DevOps,Medium,Emma,Pending,14,8,2026-03-03,2026-04-01
TASK_09913,Create REST API,Bug,High,Henry,In Progress,8,0,2026-02-18,2026-02-22
TASK_09914,Create reports module,Security,Low,Alice,In Progress,7,4,2026-05-13,2026-06-01
TASK_09915,Develop user profile page,Bug,Low,Charlie,Pending,7,7,2026-07-14,2026-08-04
TASK_09916,Add search functionality,Feature,Critical,Bob,Completed,20,2,2026-06-07,2026-06-19
TASK_09917,Develop user profile page,Bug,High,Grace,In Progress,5,4,2026-03-03,2026-03-22
TASK_09918,Develop user profile page,Testing,Low,Grace,Pending,17,6,2026-07-13,2026-08-05
TASK_09919,Build admin panel,Frontend,Critical,Grace,On Hold,14,9,2026-05-19,2026-05-30
TASK_09920,Create reports module,Security,High,Charlie,Pending,16,2,2026-06-05,2026-06-08
TASK_09921,Write unit tests,Security,Low,Frank,Completed,8,6,2026-03-23,2026-04-06
TASK_09922,Deploy application,Feature,Medium,Charlie,On Hold,13,5,2026-02-24,2026-03-19
TASK_09923,Configure CI/CD pipeline,Backend,Medium,Frank,In Progress,14,4,2026-05-29,2026-06-08
TASK_09924,Develop user profile page,Frontend,High,Emma,On Hold,18,3,2026-03-13,2026-04-04
TASK_09925,Add search functionality,DevOps,High,Frank,Pending,2,1,2026-05-27,2026-06-17
TASK_09926,Write unit tests,Documentation,Low,Bob,Completed,9,2,2026-04-30,2026-05-15
TASK_09927,Deploy application,Feature,Low,Frank,Pending,17,12,2026-04-02,2026-04-09
TASK_09928,Deploy application,Feature,Critical,Emma,On Hold,20,13,2026-04-25,2026-05-03
TASK_09929,Implement dark mode,UI/UX,Medium,Frank,On Hold,8,8,2026-06-13,2026-07-04
TASK_09930,Build admin panel,DevOps,High,David,Pending,20,18,2026-05-29,2026-05-31
TASK_09931,Develop analytics dashboard,DevOps,Critical,Bob,Pending,8,3,2026-05-06,2026-05-14
TASK_09932,Integrate email notifications,Bug,Medium,Emma,On Hold,17,15,2026-02-08,2026-02-12
TASK_09933,Update project documentation,Testing,Low,Frank,On Hold,16,7,2026-07-23,2026-08-04
TASK_09934,Implement payment gateway,Database,Low,David,Completed,7,5,2026-04-24,2026-05-16
TASK_09935,Deploy application,Frontend,Critical,Bob,Pending,17,11,2026-05-11,2026-06-01
TASK_09936,Configure CI/CD pipeline,Bug,Medium,Alice,Completed,1,1,2026-04-20,2026-04-25
TASK_09937,Fix responsive layout,Documentation,Low,Emma,Completed,4,4,2026-05-01,2026-05-10
TASK_09938,Fix responsive layout,Frontend,Critical,Bob,In Progress,19,15,2026-04-03,2026-04-30
TASK_09939,Configure CI/CD pipeline,Frontend,Low,Emma,Completed,5,4,2026-03-21,2026-04-07
TASK_09940,Write unit tests,Frontend,Medium,Alice,Completed,19,13,2026-03-18,2026-03-30
TASK_09941,Create reports module,Documentation,Critical,Bob,In Progress,20,20,2026-03-13,2026-03-25
TASK_09942,Fix responsive layout,Bug,High,Frank,Pending,4,4,2026-03-20,2026-04-08
TASK_09943,Build admin panel,Documentation,Medium,Charlie,In Progress,18,7,2026-03-16,2026-03-19
TASK_09944,Deploy application,Database,Critical,Henry,In Progress,11,8,2026-03-31,2026-04-24
TASK_09945,Add search functionality,Bug,Critical,Alice,Completed,16,1,2026-07-07,2026-08-05
TASK_09946,Optimize SQL queries,Documentation,Medium,Charlie,Completed,6,4,2026-02-07,2026-03-01
TASK_09947,Implement payment gateway,UI/UX,Critical,David,On Hold,13,13,2026-05-23,2026-06-02
TASK_09948,Write unit tests,Backend,Critical,Charlie,On Hold,4,4,2026-04-06,2026-04-29
TASK_09949,Add search functionality,UI/UX,High,Emma,Completed,7,2,2026-06-04,2026-07-02
TASK_09950,Fix responsive layout,UI/UX,Medium,Charlie,Pending,8,8,2026-03-08,2026-03-21
TASK_09951,Create REST API,Testing,Critical,Henry,In Progress,5,1,2026-06-20,2026-07-20
TASK_09952,Implement chatbot,Bug,Low,Charlie,On Hold,14,11,2026-06-26,2026-07-07
TASK_09953,Implement dark mode,Feature,Critical,Charlie,Completed,20,15,2026-04-23,2026-05-09
TASK_09954,Add search functionality,Testing,Low,Grace,On Hold,8,7,2026-07-24,2026-07-31
TASK_09955,Develop user profile page,Security,Critical,Emma,In Progress,7,1,2026-04-19,2026-05-12
TASK_09956,Write unit tests,Database,Medium,Charlie,Pending,15,0,2026-03-17,2026-04-04
TASK_09957,Refactor backend code,Documentation,Low,Emma,Completed,9,4,2026-03-16,2026-04-09
TASK_09958,Deploy application,Documentation,Low,Grace,On Hold,15,5,2026-07-24,2026-08-18
TASK_09959,Implement dark mode,DevOps,Low,Grace,In Progress,19,6,2026-03-12,2026-03-17
TASK_09960,Fix responsive layout,Backend,High,David,Pending,2,1,2026-02-03,2026-02-19
TASK_09961,Integrate email notifications,Backend,Medium,Bob,In Progress,1,0,2026-04-21,2026-05-19
TASK_09962,Implement dark mode,Backend,High,Bob,Completed,14,4,2026-03-08,2026-04-06
TASK_09963,Deploy application,UI/UX,Medium,David,In Progress,4,3,2026-06-03,2026-06-25
TASK_09964,Integrate email notifications,DevOps,High,Emma,Pending,11,3,2026-05-19,2026-06-02
TASK_09965,Design dashboard UI,Security,Low,Charlie,On Hold,6,5,2026-07-25,2026-08-13
TASK_09966,Deploy application,UI/UX,Medium,Alice,In Progress,12,5,2026-02-25,2026-03-07
TASK_09967,Fix login authentication bug,DevOps,Critical,Grace,Pending,20,15,2026-04-01,2026-04-11
TASK_09968,Refactor backend code,Frontend,Low,Frank,Completed,14,9,2026-05-11,2026-05-20
TASK_09969,Implement payment gateway,Security,High,Frank,On Hold,8,7,2026-06-26,2026-07-12
TASK_09970,Implement dark mode,Backend,Low,Bob,Completed,8,4,2026-03-31,2026-04-16
TASK_09971,Add search functionality,Frontend,Medium,David,On Hold,1,0,2026-06-09,2026-06-16
TASK_09972,Develop analytics dashboard,Bug,Low,Bob,Completed,9,9,2026-04-20,2026-05-08
TASK_09973,Fix responsive layout,Documentation,Low,Frank,Completed,15,14,2026-03-15,2026-04-02
TASK_09974,Fix responsive layout,Documentation,Low,Alice,On Hold,5,5,2026-05-05,2026-05-07
TASK_09975,Develop analytics dashboard,UI/UX,Low,Frank,Pending,17,9,2026-03-30,2026-04-18
TASK_09976,Improve application performance,Documentation,Medium,Grace,Pending,16,12,2026-06-25,2026-07-17
TASK_09977,Write unit tests,DevOps,Low,Alice,In Progress,14,14,2026-04-13,2026-04-25
TASK_09978,Refactor backend code,Documentation,Critical,Frank,In Progress,9,2,2026-07-26,2026-07-28
TASK_09979,Add search functionality,Documentation,High,Grace,On Hold,3,0,2026-05-27,2026-06-20
TASK_09980,Fix responsive layout,Feature,High,Grace,Pending,4,2,2026-03-09,2026-04-03
TASK_09981,Fix responsive layout,Frontend,Critical,Bob,In Progress,5,0,2026-06-06,2026-06-10
TASK_09982,Deploy application,DevOps,Low,Bob,In Progress,12,12,2026-04-16,2026-04-27
TASK_09983,Refactor backend code,Testing,Medium,Henry,Pending,14,7,2026-03-13,2026-03-28
TASK_09984,Deploy application,Testing,Low,Alice,Pending,10,10,2026-02-22,2026-03-12
TASK_09985,Fix responsive layout,Database,Critical,David,Completed,11,2,2026-04-13,2026-04-29
TASK_09986,Implement dark mode,Backend,Medium,Alice,In Progress,3,3,2026-07-13,2026-08-10
TASK_09987,Design dashboard UI,Frontend,Low,Emma,In Progress,20,10,2026-03-22,2026-04-16
TASK_09988,Implement chatbot,Documentation,Low,David,In Progress,20,0,2026-07-14,2026-07-27
TASK_09989,Build admin panel,Security,Low,Emma,In Progress,14,12,2026-06-15,2026-07-10
TASK_09990,Integrate email notifications,Database,Critical,Emma,In Progress,15,1,2026-07-04,2026-07-29
TASK_09991,Improve application performance,Security,Critical,Henry,Completed,3,0,2026-04-16,2026-05-02
TASK_09992,Deploy application,Database,Low,Charlie,Completed,2,0,2026-02-08,2026-02-10
TASK_09993,Implement payment gateway,Security,Medium,Emma,On Hold,6,3,2026-03-22,2026-03-28
TASK_09994,Build admin panel,UI/UX,High,Charlie,Pending,7,1,2026-05-29,2026-06-19
TASK_09995,Design dashboard UI,Security,High,Frank,In Progress,15,6,2026-07-05,2026-07-10
TASK_09996,Integrate email notifications,UI/UX,High,David,In Progress,12,8,2026-02-28,2026-03-13
TASK_09997,Fix login authentication bug,Testing,High,Alice,On Hold,16,11,2026-04-18,2026-04-26
TASK_09998,Integrate email notifications,Frontend,Low,Henry,Pending,13,5,2026-03-17,2026-03-23
TASK_09999,Build admin panel,Testing,High,Frank,On Hold,11,0,2026-01-31,2026-02-14
TASK_10000,Implement chatbot,Frontend,Critical,Frank,In Progress,16,6,2026-01-28,2026-02-16
